hs_code,description,duty_rate,vat_rate,all_in_rate
7612900000,"- Réservoirs, futs, tambours, bidons, boites et ouvrages similaires en aluminium du N[76-12.",20.0,18.0,44.28
0101210000,"-- Chevaux vivants, reproducteurs de race pure",5.0,18.0,7.5
0101290000,"-- Chevaux vivants, autres que reproducteurs de race pure",10.0,18.0,22.5
0101301000,-- Anes vivants reproducteurs de race pure,5.0,18.0,7.5
0101309000,"-- Anes vivants, autres que reproducteurs de race pure",10.0,18.0,22.5
0101900000,- Mulets et bardots vivants,10.0,18.0,22.5
0102210000,-- Bovins vivants domestiques reproducteurs de race pure,5.0,18.0,7.5
0102290000,"-- Bovins vivants domestiques, autres que reproducteurs de race pure",10.0,18.0,22.5
0102310000,-- Buffles vivants reproducteurs de race pure,5.0,18.0,7.5
0102390000,"-- Buffles vivants, autres que reproducteurs de race pure",10.0,18.0,22.5
0102900000,"- Autres animaux vivants de l'espèce bovine autres que les bovins domestiques, les buffles",10.0,18.0,22.5
0103100000,"- Animaux vivants de l'espèce porcine, reproducteurs de race pure",5.0,18.0,7.5
0103910000,"-- Animaux vivants de l'espèce porcine, autres que reproducteurs de race pure, d'un poids inférieur à 50 kg",10.0,18.0,22.5
0103920000,"-- Animaux vivants de l'espèce porcine, autres que reproducteurs de race pure, d'un poids égal ou supérieur à 50 kg",10.0,18.0,22.5
0104101000,"-- Animaux vivants de l'espèce ovine, reproducteurs de race pure",5.0,18.0,7.5
0104109000,"-- Animaux vivants de l'espèce ovine, autres que reproducteurs de race pure",10.0,18.0,22.5
0104201000,"-- Animaux vivants de l'espèce caprine, reproducteurs de race pure",5.0,18.0,22.5
0104209000,"-- Animaux vivants de l'espèce caprine, autres que reproducteurs de race pure",10.0,18.0,22.5
0105111000,"--- Coqs et poules vivants domestiques, reproducteurs de race pure, d'un poids n'excédant pas 185 g",5.0,18.0,7.5
0105119000,"--- Coqs et poules vivants domestiques, autres que reproducteurs de race pure, d'un poids n'excédant pas 185 g",10.0,18.0,12.5
0105120000,"-- Dindes et dindons vivants domestiques, d'un poids n'excédant pas 185 g",5.0,18.0,7.5
0105130000,"-- Canards vivants domestiques, d'un poids n'excédant pas 185 g",5.0,18.0,7.5
0105140000,"-- Oies  domestiques vivantes, d'un poids n'excédant pas 185 g",5.0,18.0,7.5
0105150000,"-- Pintades  domestiques vivantes, d'un poids n'excédant pas 185 g",5.0,18.0,7.5
0105940000,"-- Coqs et poules  vivants domestiques, d'un poids excédant 185 g",10.0,18.0,22.5
0302190000,"-- Salmonidés, frais ou réfrigérés, autres que truites, saumons du Pac., de l'Atlant. et du Dan., sauf les abats des N° 0302.91 à 0302.99",10.0,18.0,12.5
0302210000,"-- Flétans (Reinhardtius hippoglossoides, ... Hippoglossus stenolepis), frais ou réfrigérés, sauf abats de poissons des N° 0302.91 à 0302.99",10.0,18.0,12.5
0302220000,"-- Plies ou carrelets (Pleuronectes platessa), frais ou réfrigérés, à l'exclusion des abats de poissons comestibles des N° 0302.91 à 0302.99",10.0,18.0,12.5
0302230000,"-- Soles (Solea spp.), frais ou réfrigérés, à l'exclusion des abats de poissons comestibles des N° 0302.91 à 0302.99",10.0,18.0,12.5
0302240000,"-- Turbots (Psetta maxima,), frais ou réfrigérés, à l'exclusion des abats de poissons comestibles des N° 0302.91 à 0302.99",10.0,18.0,12.5
0302290000,"-- Poissons plats, frais ou réfrigérés, autres que flétans, plies ou carrelets, soles et turbots, sauf les abats des N° 0302.91 à 0302.99",10.0,18.0,12.5
0302310000,"-- Thons blancs ou germons (Thunnus alalunga), frais ou réfrigérés, à l'exclusion des abats de poissons comestibles des N° 0302.91 à 0302.99",10.0,18.0,12.5
0302320000,"-- Thons à nageoires jaunes (Thunnus albacares),  frais ou réfrigérés, sauf les abats de poissons comestibles des N° 0302.91 à 0302.99",10.0,18.0,12.5
0302330000,"-- Listaos ou bonites à ventre rayé,  frais ou réfrigérés, à l'exclusion des abats de poissons comestibles des N° 0302.91 à 0302.99",10.0,18.0,12.5
0302340000,"-- Thons obèses (Thunnus obesus),  frais ou réfrigérés, à l'exclusion des abats de poissons comestibles des N° 0302.91 à 0302.99",10.0,18.0,12.5
0302350000,"-- Thons rouges de l'Atlantique et du Pacifique (Thunnus … orientalis),  frais ou réfrigérés, sauf les abats des N° 0302.91 à 0302.99",10.0,18.0,12.5
0302360000,"-- Thons rouges du sud (Thunnus maccoyii),  frais ou réfrigérés, à l'exclusion des abats de poissons comestibles des N° 0302.91 à 0302.99",10.0,18.0,12.5
0302390000,"-- Autres thons (du genre thunnus), frais ou réfrigérés, à l'exclusion des abats des N° 0302.91 à 0302.99, non dénommés ni compris ailleurs",10.0,18.0,12.5
0302410000,"-- Harengs (Clupea harengus, Clupea pallasii), frais ou réfrigérés, à l'exclusion des abats de poissons comestibles des N° 0302.91 à 0302.99",10.0,18.0,12.5
0302420000,"-- Anchois (Engraulis spp.),  frais ou réfrigérés, à l'exclusion des abats de poissons comestibles des N° 0302.91 à 0302.99",10.0,18.0,12.5
0302430000,"-- Sardines (...), sardinelles (...), sprats ou esprots (...),  frais ou réfrigérés, sauf les abats de poissons des N° 0302.91 à 0302.99",10.0,18.0,12.5
0302440000,"-- Maquereaux (Scomber scombrus, australasicus ou japonicus),  frais ou réfrigérés, sauf les abats de poissons des N° 0302.91 à 0302.99",10.0,18.0,12.5
0302450000,"-- Chinchards (Trachurus spp.),  frais ou réfrigérés, à l'exclusion des abats de poissons comestibles des N° 0302.91 à 0302.99",10.0,18.0,12.5
0106110000,-- Primates vivants,10.0,18.0,22.5
0106120000,"-- Baleines, dauphins et marsouins (...); lamantins et dugongs (...); otaries et phoques, lions de mer et morses (...) vivants",10.0,18.0,22.5
0106130000,-- Chameaux et autres camélidés (Camelidés) vivants,10.0,18.0,22.5
0106140000,-- Lapins et lièvres vivants,10.0,18.0,22.5
0106190000,-- Autres mammifères vivants,10.0,18.0,22.5
0106200000,- Reptiles (y compris les serpents et les tortues de mer) vivants,10.0,18.0,22.5
0106310000,-- Oiseaux de proie vivants,10.0,18.0,22.5
0106320000,"-- Psittaciformes (y compris les perroquets, perruches, aras et cacatoès) vivants",10.0,18.0,22.5
0106330000,-- Autruches; émeus (Dromaius novaehollandiae) vivants,10.0,18.0,22.5
0106390000,-- Autres oiseaux vivants,10.0,18.0,22.5
0106410000,-- Abeilles vivantes,5.0,18.0,22.5
0106490000,"-- Insectes vivants, autres que les abeilles",10.0,18.0,22.5
0106900000,"- Animaux vivants, autres que les mammifères, reptiles, oiseaux et insectes",10.0,18.0,22.5
0201100000,"- Viandes des animaux de l'espèce bovine, fraîches ou réfrigérées, en carcasses ou demi-carcasses",35.0,18.0,22.5
0201200000,"- Viandes des animaux de l'espèce bovine, fraîches ou réfrigérées, autres qu'en carcasses ou demi-carcasses, non désossées",35.0,18.0,22.5
0201300000,"- Viandes des animaux de l'espèce bovine, fraîches ou réfrigérées, désossées",35.0,18.0,22.5
0202100000,"- Viandes des animaux de l'espèce bovine, congelées, en carcasses ou demi-carcasses",35.0,18.0,22.5
0202200000,"- Viandes des animaux de l'espèce bovine, congelées, autres qu'en carcasses ou demi-carcasses, non désossées",35.0,18.0,
0202300000,"- Viandes des animaux de l'espèce bovine, congelées, désossées",35.0,18.0,
0203110000,"-- Viandes des animaux de l'espèce porcine, fraîches ou réfrigérées, en carcasses ou demi-carcasses",35.0,18.0,
0203120000,"-- Jambons, épaules et leurs morceaux, des animaux de l'espèce porcine, frais ou réfrigérés, non désossés",35.0,18.0,
0105990000,"-- Canards, oies, dindons, dindes et pintades  vivants domestiques, d'un poids excédant 185 g",10.0,18.0,22.5
0207140000,"-- Morceaux et abats  comestibles, de coqs et de poules, congelés",35.0,18.0,
0207240000,"-- Viandes de dindes et dindons, non découpées en morceaux, fraîches ou réfrigérées",35.0,18.0,
0207250000,"-- Viandes de dindes et dindons, non découpées en morceaux, congelées",35.0,18.0,
0207260000,"-- Morceaux et abats comestibles, de dindes et dindons, frais ou réfrigérés",35.0,18.0,
0207270000,"-- Morceaux et abats comestibles, de dindes et dindons, congelés",35.0,18.0,
0207410000,"-- Viandes de canards, non découpées en morceaux, fraîches ou réfrigérées",35.0,18.0,
0207420000,"-- Viandes de canards, non découpées en morceaux, congelées",35.0,18.0,
0207430000,"-- Foies gras comestibles de canards, frais ou réfrigérés",35.0,18.0,
0207440000,"-- Morceaux, abats comestibles autres que les foies gras de canards, frais ou réfrigérés",35.0,18.0,
0207450000,"-- Morceaux, abats comestibles autres que les foies gras de canards, congelés",35.0,18.0,
0207510000,"-- Viandes d'oies, non découpées en morceaux, fraîches ou réfrigérées",35.0,18.0,
0207520000,"-- Viandes d'oies, non découpées en morceaux, congelées",35.0,18.0,
0207530000,"-- Foies gras comestibles, d'oies, frais ou réfrigérés",35.0,18.0,
0207540000,"-- Morceaux, abats comestibles, autres que les foies gras d'oies, frais ou réfrigérés",35.0,18.0,
0207550000,"-- Morceaux, abats comestibles, autres que les foies gras d'oies, congelés",35.0,18.0,
0207600000,"- Viandes et abats comestibles de pintades, frais, réfrigérés ou congelés",35.0,18.0,
0208100000,"- Viandes et abats comestibles de lapins ou de lièvres, frais, réfrigérés ou congelés",20.0,18.0,22.5
0208300000,"- Viandes et abats comestibles de primates, frais, réfrigérés ou congelés",20.0,18.0,22.5
0208400000,"- Viande et abat comestible de baleine, dauphin, marsouin, lamantin, dugong, d?otarie, phoque, lion de mer et morse, frais, réfrig. ou cong.",20.0,18.0,22.5
0208500000,"- Viandes et abats comestibles de reptiles (y compris les serpents et les tortues de mer), frais, réfrigérés ou congelés",20.0,18.0,22.5
0208600000,"- Viandes et abats comestibles de chameaux et d'autres camélidés (Camelidés), frais, réfrigérés ou congelés",20.0,18.0,22.5
0208900000,"- Autres viandes et abats comestibles, frais, réfrigérés ou congelés non dénommés ni compris ailleurs",20.0,18.0,22.5
0209100000,"- Lard sans partie maigre et graisse non fondue ni autrement extraite, de porc, frais, réfrigéré, congelé, salé ou en saumure, séché ou fumé",20.0,18.0,22.5
0302460000,"-- Mafous (Rachycentron canadum),  frais ou réfrigérés, à l'exclusion des abats de poissons comestibles des N° 0302.91 à 0302.99",10.0,18.0,12.5
0302470000,"-- Espadons (Xiphias gladius),  frais ou réfrigérés, à l'exclusion des abats de poissons comestibles des N° 0302.91 à 0302.99",10.0,18.0,12.5
0302490000,"-- Autres poissons frais ou réfrigérés du N° 0302.4, à l'exclusion des abats de poissons comestibles des N° 0302.91 à 0302.99",10.0,18.0,12.5
0302510000,"-- Morues (Gadus morhua, Gadus ogac, Gadus macrocephalus),  frais ou réfrigérés, sauf les abats de poissons des N° 0302.91 à 0302.99",10.0,18.0,12.5
0302520000,"-- Eglefins (Melanogrammus aeglefinus),  frais ou réfrigérés, à l'exclusion des abats de poissons comestibles des N° 0302.91 à 0302.99",10.0,18.0,12.5
0302530000,"-- Lieus noirs (Pollachius virens),  frais ou réfrigérés, à l'exclusion des abats de poissons comestibles des N° 0302.91 à 0302.99",10.0,18.0,12.5
0302540000,"-- Merlus (Merluccius spp., Urophycis spp.),  frais ou réfrigérés, à l'exclusion des abats de poissons comestibles des N° 0302.91 à 0302.99",10.0,18.0,12.5
0302550000,"-- Lieus d?'Alaska (Theragra chalcogramma),  frais ou réfrigérés, à l'exclusion des abats de poissons comestibles des N° 0302.91 à 0302.99",10.0,18.0,12.5
0302560000,"-- Merlans bleus (Micromesistius poutassou ou australis),  frais ou réfrigérés, à l'exclusion des abats de poissons des N° 0302.91 à 0302.99",10.0,18.0,12.5
0302590000,"-- Autres poissons des familles Bregmacerotidae …,  frais ou réfrigérés, non dénommés ailleurs,  sauf les abats des N° 0302.91 à 0302.99",10.0,18.0,12.5
0302710000,"-- Tilapias (Oreochromis spp.),  frais ou réfrigérés, à l'exclusion des abats de poissons des N° 0302.91 à 0302.99",10.0,18.0,12.5
0302720000,"-- Siluridés (Pangasius spp., Silurus spp.,  Ictalurus spp.),  frais ou réfrigérés, sauf  les abats de poissons des N° 0302.91 à 0302.99",10.0,18.0,12.5
0302730000,"-- Carpes (Cyprinus carpio ... Mylopharyngodon piceus),  frais ou réfrigérés, à l'exclusion des abats de poissons des N° 0302.91 à 0302.99",10.0,18.0,12.5
0302740000,"-- Anguilles (Anguilla spp.),  frais ou réfrigérés, à l'exclusion des abats de poissons des N° 0302.91 à 0302.99",10.0,18.0,12.5
0302790000,"-- Perches du Nil (Lates nilot.) et poissons tête de serpent (channa spp.),  frais ou réfrigérés, sauf les abats des N° 0302.91 à 0302.99",10.0,18.0,12.5
0302810000,"-- Squales,  frais ou réfrigérés, à l'exclusion des abats de poissons des N° 0302.91 à 0302.99",10.0,18.0,12.5
0302820000,"-- Raies (Rajidae),  frais ou réfrigérés, à l'exclusion des abats de poissons des N° 0302.91 à 0302.99",10.0,18.0,12.5
0302830000,"-- Légines (Dissostichus spp.),  frais ou réfrigérés, à l'exclusion des abats de poissons des N° 0302.91 à 0302.99",10.0,18.0,12.5
0302840000,"-- Bars (Dicentrarchus spp.),  frais ou réfrigérés, à l'exclusion des abats de poissons des N° 0302.91 à 0302.99",10.0,18.0,12.5
0302850000,"-- Dorades (Sparidés) (Sparidae),  frais ou réfrigérés, à l'exclusion des abats de poissons des N° 0302.91 à 0302.99",10.0,18.0,12.5
0302890000,"-- Autres poissons frais ou réfrigérés du N° 03.02, à l'exclusion des abats de poissons comestibles des N° 0302.91 à 0302.99",10.0,18.0,12.5
0203190000,"-- Autres viandes des animaux de l'espèce porcine, fraîches ou réfrigérées, du n° 02.03",35.0,18.0,
0203210000,"-- Viandes des animaux de l'espèce porcine, congelées, en carcasses ou demi-carcasses",35.0,18.0,
0203220000,"-- Jambons, épaules et leurs morceaux, des animaux de l'espèce porcine, congelés, non désossés",35.0,18.0,
0203290000,"-- Autres viandes des animaux de l'espèce porcine, congelées, du n° 02.03",35.0,18.0,
0204100000,"- Carcasses et demi-carcasses d?'agneau, fraîches ou réfrigérées",35.0,18.0,22.5
0204210000,"-- Viandes des animaux de l'espèce ovine, fraîches ou réfrigérées, en carcasses ou demi-carcasses, autres que d'agneau",35.0,18.0,22.5
0204220000,"-- Viandes des animaux de l'espèce ovine, fraîches ou réfrigérées, autres qu'en carcasses ou demi-carcasses, non désossées",35.0,18.0,22.5
0204230000,"-- Viandes des animaux de l'espèce ovine, fraîches ou réfrigérées, désossées",35.0,18.0,22.5
0204300000,"- Carcasses et demi-carcasses d?'agneau, congelées",35.0,18.0,22.5
0204410000,"-- Viandes des animaux de l'espèce ovine, congelées, en carcasses ou demi-carcasses, autres que d'agneau",35.0,18.0,22.5
0204420000,"-- Viandes des animaux de l'espèce ovine, congelées, autres qu'en carcasses ou demi-carcasses, non désossées",35.0,18.0,22.5
0204430000,"-- Viandes des animaux de l'espèce ovine, congelées, désossées",35.0,18.0,22.5
0204500000,"- Viandes des animaux de l'espèce caprine fraîche, réfrigérée ou congelée",35.0,18.0,22.5
0205000000,"Viandes des animaux des espèces chevaline, asine ou mulassière, fraîches, réfrigérées ou congelées.",20.0,18.0,22.5
0206100000,"- Abats comestibles des animaux de l'espèce bovine, frais ou réfrigérés",35.0,18.0,
0206210000,"-- Langues des animaux de l'espèce bovine, congelées",35.0,18.0,
0206220000,"-- Foies des animaux de l'espèce bovine, congelés",35.0,18.0,22.5
0206290000,"-- Abats comestibles autres que les langues et les foies, des animaux de l'espèce bovine, congelés",35.0,18.0,
0206300000,"- Abats comestibles des animaux de l'espèce porcine, frais ou réfrigérés",35.0,18.0,
0206410000,"-- Foies  des animaux de l'espèce porcine, congelés",35.0,18.0,
0206490000,"-- Abats comestibles autres que les foies, des animaux de l'espèce porcine, congelés",35.0,18.0,
0206800000,"- Abats comestibles des animaux des espèces ovine, caprine, chevaline, asine ou mulassière, frais ou réfrigérés",35.0,18.0,22.5
0206900000,"- Abats comestibles des animaux des espèces ovine, caprine, chevaline, asine ou mulassière, congelés",35.0,18.0,
0207110000,"-- Viandes de coqs et de poules, non découpées en morceaux, fraîches ou réfrigérées",35.0,18.0,
0207120000,"-- Viandes de coqs et de poules, non découpées en morceaux, congelées",35.0,18.0,
0207130000,"-- Morceaux et abats comestibles, de coqs et de poules, frais ou réfrigérés",35.0,18.0,
0209900000,"- Graisse de volailles non fondue ni autrement extraite, fraîche, réfrigérée, congelée, salée ou en saumure, séchée ou fumée",20.0,18.0,22.5
0210110000,"-- Jambons, épaules et leurs morceaux, comestibles, de l'espèce porcine, salés ou en saumure, séchés ou fumés, non désossés",20.0,18.0,
0210120000,"-- Poitrines (entrelardées) et leurs morceaux, comestibles, de l'espèce porcine, salés ou en saumure, séchés ou fumés",20.0,18.0,
0210190000,"-- Viandes salées ou en saumure, séchées ou fumées, de l'espèce porcine, autres que les jambons, épaules et leurs (…), poitrines (…)",20.0,18.0,
0210200000,"- Viandes de l'espèce bovine salées ou en saumure, séchées ou fumées",35.0,18.0,
0210910000,"-- Viandes et abats comestibles, salés ou en saumure, séch (…) de primates; farines et poudres comestibles de viandes ou d'abats de primates",20.0,18.0,22.5
0210920000,"-- Viandes et abats salés ou en saumure, séchés ou fumés, farines et poudres de viandes ou d'abats, comestibles, de baleines,… morses",20.0,18.0,22.5
0210930000,"-- Viandes et abats comestibles, salés ou en saumure, séch (…) de reptiles; farines et poudres comestibles de viandes ou d'abats de reptiles",20.0,18.0,22.5
0210990000,"-- Autres viandes et abats, salés ou en saumure, séchés ou fumés, farines et poudres de viande ou d'abats, comestibles",20.0,18.0,22.5
0301110000,-- Poissons vivants d'ornement d?'eau douce,10.0,18.0,12.5
0301190000,-- Poissons vivants d'ornement autres que d?'eau douce,10.0,18.0,12.5
0301911000,"--- Alevins de truites  (Salmo trutta, Oncorhynchus mykiss, ...   chrysogaster) vivants",5.0,18.0,12.5
0301919000,"---  Truites   (Salmo trutta, Oncorhynchus mykiss, ...   chrysogaster) vivantes, autres que les alevins",10.0,18.0,12.5
0301921000,--- Alevins d'anguilles (Anguilla spp.) vivants,5.0,18.0,12.5
0301929000,"--- Anguilles (Anguilla spp.) vivantes, autres que les alevins",10.0,18.0,12.5
0301931000,"--- Alevins de carpes (Cyprinus carpio, Carassius carassius … Mylopharyngodon piceus ) vivants",5.0,18.0,12.5
0301939000,"--- Carpes (Cyprinus carpio, Carassius carassius … Mylopharyngodon piceus ) vivantes, autres que les alevins",10.0,18.0,12.5
0301941000,"--- Alevins de thons rouges de l'Atlantique et du Pacifique (Thunnus thynnus, thunnus orientalis) vivants",5.0,18.0,12.5
0301949000,"--- Thons rouges de l'Atlantique et du Pacifique (Thunnus thynnus, thunnus orientalis) vivants, autres les alevins",10.0,18.0,12.5
0301951000,--- Alevins de thons rouges du sud (Thunnus maccoyii) vivants,5.0,18.0,12.5
0301959000,"--- Thons rouges du sud (Thunnus maccoyii) vivants, autres que les alevins",10.0,18.0,12.5
0301991000,--- Alevins d'autres poissons vivants non dénommés ni compris ailleurs,5.0,18.0,7.5
0301999000,"--- Autres poissons vivants non dénommés ni compris ailleurs , autres que les alevins",10.0,18.0,12.5
0302110000,"-- Truites  (Salmo trutta, Oncorhynchus … chrysogaster) fraîches ou réfrigérées, sauf abats de poissons comestibles des N° 0302.91 à 0302.99",10.0,18.0,12.5
0302130000,"-- Saumons du Pacifique (Oncorhynchus nerka, ... rhodurus) frais ou réfrigérés, sauf abats de poissons comestibles des N° 0302.91 à 0302.99",10.0,18.0,12.5
0302140000,"-- Saumons de l'Atlantique (...) et saumons du Danube (...) frais ou réfrigérés, sauf abats de poissons comestibles des N° 0302.91 à 0302.99",10.0,18.0,12.5
2005590000,"-- Haricots (...), aut. qu'en grains, préparés... autr. qu'au vinaigre ou à l'acide acétique, non congelés, aut. que les produits du n°20.06",20.0,18.0,44.28
2005600000,"- Asperges  préparés ou conservés autrement qu'au vinaigre ou à l'acide acétique, non congelés, autres que les produits du n° 20.06",20.0,18.0,44.28
2005700000,"- Olives  préparées ou conservées autrement qu'au vinaigre ou à l'acide acétique, non congelées, autres que les produits du n° 20.06",20.0,18.0,44.28
2005800000,"- Maïs doux (...) préparés ou conservés autrement qu'au vinaigre ou à l'acide acétique, non congelés, autres que les produits du n° 20.06",20.0,18.0,44.28
2005910000,"-- Jets de bambou préparés ou conservés autrement qu'au vinaigre ou à l'acide acétique, non congelés, autres que les produits du n° 20.06",20.0,18.0,44.28
2005990000,"-- Autres légumes et leurs mélanges préparés ou conservés autr. qu'au vinaigre ou acide acétiq, non congelés, aut. que les pduits du n°20.06",20.0,18.0,44.28
2006000000,"Légumes, fruits, écorces de fruits et autres parties de plantes, confits au sucre (égouttés, glacés ou cristallisés).",20.0,18.0,44.28
2007100000,"- Préparations homogénéisées de fruits, obtenues par cuisson, avec ou sans addition de sucre ou d'autres édulcorants",20.0,18.0,44.28
2007910000,"-- Confiture, gelée, marmelade, purée et pâte d'agrumes non homogénéisées, obtenues par cuisson,...addition de sucre ou d'autres édulcorants",20.0,18.0,44.28
2007990000,"-- Confiture, gelée, marmelade, purée et pâte de fruits (sauf agrumes) non homogénéisées, obtenues par cuisson,..sucre ou d'aut. édulcorants",20.0,18.0,44.28
2008111000,--- Beurre d'arachide avec ou sans addition de sucre ou d'autres édulcorants ou d'alcool,20.0,18.0,44.28
2008119000,"--- Arachides (sauf beurre d'arachide) autr. préparés ou conservés, avec ou sans addition de sucre ou d'autres édulcorants ou d'alcool",20.0,18.0,44.28
2008190000,"-- Fruits à coques et graines (sauf arachide), y compris les mélanges, autr. préparés ou conservés,...d'autres édulcorants ou d'alcool, NDCA",20.0,18.0,44.28
2008200000,"- Ananas autrement préparés ou conservés, avec ou sans addition de sucre ou d'autres édulcorants ou d'alcool",20.0,18.0,44.28
2008300000,"- Agrumes autrement préparés ou conservés, avec ou sans addition de sucre ou d'autres édulcorants ou d'alcool, NDCA",20.0,18.0,44.28
2008400000,"- Poires autrement préparées ou conservées, avec ou sans addition de sucre ou d'autres édulcorants ou d'alcool",20.0,18.0,44.28
2008500000,"- Abricots autrement préparés ou conservés, avec ou sans addition de sucre ou d'autres édulcorants ou d'alcool",20.0,18.0,44.28
2008600000,"- Cerises autrement préparées ou conservées, avec ou sans addition de sucre ou d'autres édulcorants ou d'alcool",20.0,18.0,44.28
2008700000,"- Pêches, y compris les brugnons et nectarines, autrement préparés ou conservés,... addition de sucre ou d'autres édulcorants ou d'alcool",20.0,18.0,44.28
2008800000,"- Fraises autrement préparées ou conservées, avec ou sans addition de sucre ou d'autres édulcorants ou d'alcool",20.0,18.0,44.28
2008910000,"-- Coe?urs de palmiers autrement préparés ou conservés, avec ou sans addition de sucre ou d'autres édulcorants ou d'alcool",20.0,18.0,44.28
2008930000,"-- Airelles rouges (Vaccinium...) autrement préparés ou conservés, avec ou sans addition de sucre ou d'autres édulcorants ou d'alcool",20.0,18.0,44.28
2840300000,- Peroxoborates (perborates),5.0,18.0,26.58
2841300000,- Dichromate de sodium,5.0,18.0,26.58
2841500000,- Chromates et dichromates (autres que dichromate de sodium); peroxochromates,5.0,18.0,26.58
2841610000,-- Permanganate de potassium,5.0,18.0,26.58
2841690000,"-- Manganites, manganates et permanganates (à l'exclusion du permanganate de potassium)",5.0,18.0,26.58
2841700000,- Molybdates,5.0,18.0,26.58
2841800000,- Tungstates (wolframates),5.0,18.0,26.58
2841900000,- Autres sels des acides oxométalliques ou peroxométalliques du n° 28.41,5.0,18.0,26.58
2842100000,"- Silicates doubles ou complexes, y compris les aluminosilicates de constitution chimique définie ou non, autres que les azotures",5.0,18.0,26.58
2842900000,"- Autres sels des acides ou peroxoacides inorganiques (y cpris les aluminosilicates de constitution...), autres que les azotures, du n°28.42",5.0,18.0,26.58
2843100000,- Métaux précieux à l'état colloïdal,5.0,18.0,26.58
2843210000,-- Nitrate d'argent,5.0,18.0,26.58
2843290000,-- Composés d'argent  autres que le nitrate d'argent,5.0,18.0,26.58
2843300000,- Composés d'or,5.0,18.0,26.58
2843900000,- Composés de métaux précieux autres  que d'argent ou d'or; amalgames de métaux précieux,5.0,18.0,26.58
2844100000,"- Uranium naturel et ses composés; alliages, dispersions (y compris les cermets), produits céramiques...ou des composés de l'uranium naturel",5.0,18.0,26.58
2844200000,"- Uranium enrichi en U 235 et ses composés; plutonium et ses composés; alliages, dispersions (y cpris les cermets), produits ...ces produits",5.0,18.0,26.58
2844300000,"- Uranium appauvri en U 235 et ses composés; thorium et ses composés; alliages, dispersions (y cpris les cermets)...composés de ces produits",5.0,18.0,26.58
2844400000,"- Eléments et isotopes et composés radioactifs autres que ceux des n°s 2844.10, 2844.20 ou 2844.30; alliages, ..résidus radioactifs",5.0,18.0,26.58
2844500000,- Eléments combustibles (cartouches) usés (irradiés) de réacteurs nucléaires,5.0,18.0,26.58
2845100000,- Eau lourde (oxyde de deutérium),5.0,18.0,26.58
2845900000,"- Isotopes autres que ceux du n° 28.44, de l'eau lourde; leurs composés inorganiques ou organiques, de constitution chimique définie ou non",5.0,18.0,26.58
2846100000,- Composés de cérium,5.0,18.0,26.58
2846900000,"- Composés, inorganiques ou organiques, des métaux des terres rares (sauf cerium), de l'yttrium ou du scandium ou des mélanges de ces métaux",5.0,18.0,26.58
2847000000,Peroxyde d'hydrogène (eau oxygénée) même solidifié avec de l'urée.,5.0,18.0,26.58
2849100000,- Carbures de calcium,5.0,18.0,26.58
2849200000,- Carbures de silicium,5.0,18.0,26.58
2849900000,"- Autres carbures de constitution chimique définie ou non, du n° 28.49",5.0,18.0,26.58
3104300000,- Sulfate de potassium,0.0,18.0,2.5
3104900000,"- Autres engrais minéraux ou chimiques potassiques, du n° 31.04",0.0,18.0,2.5
3105100000,"- Produits du Chapitre 31 présentés soit en tablettes ou formes similaires, soit en emballages d'un poids brut n'excédant pas 10 kg",0.0,18.0,7.5
3105200000,"- Engrais minéraux ou chimiques contenant les trois éléments fertilisants : azote, phosphore et potassium",5.0,18.0,7.5
3105300000,- Hydrogénoorthophosphate de diammonium (phosphate diammonique),0.0,18.0,2.5
3105400000,"- Dihydrogénoorthophosphate d'ammonium (phosphate monoammonique), même en mélange avec l'hydrogénoorthophosphate de diammonium (... )",0.0,18.0,2.5
3105510000,-- Autres engrais minéraux ou chimiques contenant des nitrates et des phosphates,5.0,18.0,7.5
3105590000,"-- Autres engrais minéraux ou chimiques contenant de l'azote et du phosphore, du n° 31.05",5.0,18.0,7.5
3105600000,- Engrais minéraux ou chimiques contenant les deux éléments fertilisants : phosphore et potassium,5.0,18.0,7.5
3105900000,- Autres engrais du n° 31.05,5.0,18.0,7.5
3201100000,- Extrait tannants de quebracho,5.0,18.0,26.58
3201200000,- Extrait tannants de mimosa,5.0,18.0,26.58
3201900000,"- Autres extraits tannants d'origine végétale, du n° 32.01; tanins et leurs sels, éthers, esters et autres dérivés",5.0,18.0,26.58
3202100000,- Produits tannants organiques synthétiques,5.0,18.0,26.58
3202900000,"- Produits tannants inorganiques; préparations tannantes, même avec produits tannants naturels; préparations enzymatiques pour prétannage",10.0,18.0,32.48
3203001000,- Indigo naturel,5.0,18.0,26.58
3203009000,- Matières colorantes d'origine végétale (sauf indigo) ou animale ...définie; préparations de  la Note 3 du Chap. 32...végétale ou animale,5.0,18.0,26.58
3204110000,-- Colorants dispersés et préparations à base de ces colorants,5.0,18.0,26.58
3204120000,"-- Colorants acides, même métallisés, et préparations à base de ces colorants; colorants à mordants et préparations à base de ces colorants",5.0,18.0,26.58
3204130000,-- Colorants basiques et préparations à base de ces colorants,5.0,18.0,26.58
3204140000,-- Colorants directs et préparations à base de ces colorants,5.0,18.0,26.58
3204150000,-- Colorants de cuve (y compris ceux utilisables en l'état comme colorants pigmentaires) et préparations à base de ces colorants,5.0,18.0,26.58
3204160000,-- Colorants réactifs et préparations à base de ces colorants,10.0,18.0,26.58
3204170000,-- Colorants pigmentaires et préparations à base de ces colorants,10.0,18.0,32.48
3204190000,"-- Autres matières colorantes et leurs préparations, y compris les mélanges de matières colorantes d'au moins deux des n°s 3204.11 à 3204.19",5.0,18.0,26.58
3204200000,- Produits organiques synthétiques des types utilisés comme agents d'avivage fluorescents,5.0,18.0,26.58
0801210000,"-- Noix du Brésil en coques, fraîches ou sèches",20.0,18.0,22.5
0801220000,"-- Noix du Brésil sans coques, fraîches ou sèches",20.0,18.0,22.5
0802700000,"- Noix de cola (Cola spp.), fraîches ou sèches",20.0,18.0,44.28
0804100000,- Dattes fraîches ou sèches,5.0,18.0,7.5
0804400000,- Avocats frais ou secs,20.0,18.0,22.5
0804501000,-- Mangues fraîches ou sèches,20.0,18.0,22.5
0804509000,"-- Goyaves et mangoustans, frais ou secs",20.0,18.0,22.5
2008970000,"-- Mélanges (sauf ceux du n°2008.19) de fruits et autres parties comestibles de plantes autrement préparés ou conservés ...ou d'alcool, NDCA",20.0,18.0,44.28
2008990000,"-- Autres fruits et autres parties comestibles de plantes, autrement préparés ou conservés, ...d'autres édulcorants ou d'alcool, du n°20.08",20.0,18.0,44.28
2850000000,"Hydrures, nitrures, azotures, siliciures et borures, ..., autres que les composés qui constituent également des carbures du n° 28.49.",5.0,18.0,26.58
2852100000,"- Composés inorganiques ou organiques du mercure, de constitution chimique définie, à l'exclusion des amalgames",5.0,18.0,26.58
2852900000,"- Composés inorganiques ou organiques du mercure, de constitution chimique non définie, à l'exclusion des amalgames",5.0,18.0,26.58
2853100000,- Chlorure de cyanogène (chlorcyan),5.0,18.0,26.58
2853900000,- Phosphures et autres produits du N°28.53 à l'exclusion du chlorure de cyanogène (chlorcyan),5.0,18.0,26.58
2901100000,- Hydrocarbures acycliques saturés,5.0,18.0,26.58
2901210000,-- Ethylène,5.0,18.0,26.58
2901220000,-- Propène (propylène),5.0,18.0,26.58
2901230000,-- Butène (butylène) et ses isomères,5.0,18.0,26.58
2901240000,"-- Buta-1,3-diène et isoprène",5.0,18.0,26.58
2901290000,-- Autres hydrocarbures acycliques non saturés du n° 29.01,5.0,18.0,26.58
2902110000,-- Cyclohexane,5.0,18.0,26.58
2902190000,"-- Cyclaniques, cycléniques ou cycloterpéniques, à l'exclusion du cyclohexane",5.0,18.0,26.58
2902200000,- Benzène,5.0,18.0,26.58
2902300000,- Toluène,5.0,18.0,26.58
2902410000,-- o-Xylène,5.0,18.0,26.58
2902420000,-- m-Xylène,5.0,18.0,26.58
2902430000,-- p-Xylène,5.0,18.0,26.58
2902440000,-- Isomères du xylène en mélange,5.0,18.0,25.08
2902500000,- Styrène,5.0,18.0,26.58
2902600000,- Ethylbenzène,5.0,18.0,26.58
2902700000,- Cumène,5.0,18.0,26.58
2902900000,- Autres hydrocarbures cycliques du n°29.02,5.0,18.0,26.58
2903110000,-- Chlorométhane (chlorure de méthyle) et chloroéthane (chlorure d'éthyle),5.0,18.0,26.58
2903120000,-- Dichlorométhane (chlorure de méthylène),5.0,18.0,26.58
2903130000,-- Chloroforme (trichlorométhane),5.0,18.0,26.58
2903140000,-- Tétrachlorure de carbone,5.0,18.0,26.58
2903150000,"-- Dichlorure d?éthylène (ISO) (1,2-dichloroéthane)",5.0,18.0,26.58
2903191000,"--- 1,1,1-Trichloroéthane (méthyle chloroforme)",5.0,18.0,26.58
2903199000,--- Autres dérivés chlorés saturés des hydrocarbures acycliques du n°29.03,5.0,18.0,26.58
2903210000,-- Chlorure de vinyle (chloroéthylène),5.0,18.0,26.58
2903220000,-- Trichloroéthylène,5.0,18.0,26.58
2903230000,-- Tétrachloroéthylène (perchloroéthylène),5.0,18.0,25.08
2903290000,-- Autres dérivés chlorés non saturés des hydrocarbures acycliques du n°29.03,5.0,18.0,26.58
2903310000,"-- Dibromure d'éthylène (ISO) (1,2-dibromoéthane)",5.0,18.0,26.58
2903391000,--- Bromométhane (bromure de méthyle),5.0,18.0,26.58
3204900000,"- Produits organiques synthétiques des types utilisés  comme luminophores, même de constitution chimique définie",5.0,18.0,26.58
3205000000,"Laques colorantes; préparations visées à la Note 3 du Chapitre 32, à base de laques colorantes.",10.0,18.0,32.48
3206110000,"-- Pigments et préparations à base de dioxyde de titane, contenant en poids 80 % ou plus de dioxyde de titane, calculé sur matière sèche",5.0,18.0,26.58
3206190000,"-- Autres pigments et préparations à base de dioxyde de titane, du n° 32.06",5.0,18.0,26.58
3206200000,- Pigments et préparations à base de composés du chrome,5.0,18.0,26.58
3206410000,-- Outremer et ses préparations,5.0,18.0,26.58
3206420000,"-- Lithopone, autres pigments et préparations à base de sulfure de zinc",5.0,18.0,26.58
3206491000,--- Pigments et préparations à base de composés du cadmium,5.0,18.0,26.58
3206492000,--- Pigments et préparations à base d'hexacyanoferrates (ferrocyanures ou ferricyanures),5.0,18.0,26.58
3206499000,"--- Autres matières colorantes et autres préparations, du n° 32.06",10.0,18.0,32.48
3206500000,"- Produits inorganiques des types utilisés comme luminophores, même de constitution chimique définie",5.0,18.0,26.58
3207100000,"- Pigments, opacifiants et couleurs préparés et préparations similaires, des types utilisés pour la céramique, l'émaillerie ou la verrerie",5.0,18.0,26.58
3207200000,"- Compositions vitrifiables, engobes et préparations similaires, des types utilisés pour la céramique, l'émaillerie ou la verrerie",5.0,18.0,26.58
3207300000,"- Lustres liquides et préparations similaires, des types utilisés pour la céramique, l'émaillerie ou la verrerie",5.0,18.0,26.58
3207400000,"- Frittes et autres verres, sous forme de poudre, de grenailles, de lamelles ou de flocons",5.0,18.0,26.58
3208100000,"- Peintures et vernis à base de polyesters, modifiés, dispersés ou dissous dans un milieu non aqueux",20.0,18.0,44.28
3208201000,"-- Vernis à base de polymères acryliques ou vinyliques, modifiés, dispersés ou dissous dans un milieu non aqueux",20.0,18.0,44.28
3208202000,"-- Peintures à base de polymères acryliques ou vinyliques, modifiés, dispersés ou dissous dans un milieu non aqueux",20.0,18.0,44.28
3208209000,"-- Solutions définies à la note 4 du Chapitre 32 à base de polymères acryliques ou vinyliques, modifiés... dissous dans un milieu non aqueux",20.0,18.0,44.28
3208901000,"-- Autres vernis à base de polymères naturels modifiés, dispersés ou dissous dans un milieu non aqueux, du n° 32.08",20.0,18.0,44.28
3208902100,"--- Peintures sèches en poudre, à base de polymères, autres que de polyesters, de polymères acryliques ou vinyliques … un milieu non aqueux",20.0,18.0,44.28
3208902900,"--- Autres peintures à base de polymères modifiés, dispersés ou dissous dans un milieu non aqueux, du n° 32.08",20.0,18.0,44.28
3208909000,"-- Solutions définies à la note 4 du Chap.32 à base de polymères, aut. que de polyesters, de polymères acryliques ou vinyliques…non aqueux",20.0,18.0,44.28
3209101000,"-- Vernis à base de polymères acryliques ou vinyliques modifiés, dispersés ou dissous dans un milieu aqueux",20.0,18.0,44.28
3209102000,"-- Peintures à base de polymères acryliques ou vinyliques modifiés, dispersés ou dissous dans un milieu aqueux",20.0,18.0,44.28
0806100000,- Raisins frais,20.0,18.0,22.5
0807110000,-- Pastèques fraîches,20.0,18.0,22.5
0807190000,"--  Melons autres que pastèques, frais",20.0,18.0,22.5
0807200000,- Papayes fraîches,20.0,18.0,22.5
0808100000,- Pommes fraîches,20.0,18.0,22.5
0808300000,- Poires  fraîches,20.0,18.0,22.5
0808400000,- Coings frais,20.0,18.0,22.5
0809100000,- Abricots frais,20.0,18.0,22.5
0809210000,-- Cerises acides (Prunus cerasus) fraîches,20.0,18.0,22.5
0809290000,"-- Cerises autres que cerises acides (Prunus cerasus), fraîches",20.0,18.0,22.5
0809300000,"- Pêches, y compris les brugnons et nectarines, fraîches",20.0,18.0,22.5
0809400000,"- Prunes et prunelles, fraîches",20.0,18.0,22.5
0810100000,- Fraises fraîches,20.0,18.0,22.5
0810200000,"- Framboises, mûres de ronce ou de mûrier et mûres-framboises,  fraîches",20.0,18.0,22.5
0810300000,"- Groseilles à grappes ou à maquereau,  fraîches",20.0,18.0,22.5
0810400000,"- Airelles, myrtilles et autres fruits du genre Vaccinium,  frais",20.0,18.0,22.5
0810500000,- Kiwis frais,20.0,18.0,22.5
0810600000,- Durians frais,20.0,18.0,22.5
0810700000,- Kakis (Plaquemines) frais,20.0,18.0,22.5
0810900000,"- Fruits frais autres que fraises, framboises, mûres de ronces…, groseilles à grappes..., airelles, myrtilles… ,kiwis, durians, kakis (…)",20.0,18.0,22.5
0812100000,"- Cerises conservés provisoirement (...), mais impropres à l'alimentation en l'état",20.0,18.0,44.28
0812900000,"- Fruits autres que cerises, conservés provisoirement (...), mais impropres à l'alimentation en l'état",20.0,18.0,44.28
2101110000,"-- Extraits, essences et concentrés de café",10.0,18.0,32.48
2903399000,"--- Autres dérivés fluorés, dérivés bromés et dérivés iodés d'hydrocarbures acycliques, du n° 29.03",5.0,18.0,26.58
2903710000,-- Chlorodifluorométhane,5.0,18.0,26.58
2903720000,-- Dichlorotrifluoroéthanes,5.0,18.0,26.58
2903730000,-- Dichlorofluoroéthanes,5.0,18.0,26.58
2903740000,-- Chlorodifluoroéthanes,5.0,18.0,26.58
2903750000,-- Dichloropentafluoropropanes,5.0,18.0,26.58
2903760000,"-- Bromochlorodifluorométhane, bromotrifluorométhane et dibromotétrafluoroéthanes",5.0,18.0,26.58
2903770000,"-- Autres, perhalogénés uniquement avec du fluor et du chlore",5.0,18.0,26.58
2903780000,-- Autres dérivés perhalogénés,5.0,18.0,26.58
2903791000,--- Chlorotétrafluoroéthanes,5.0,18.0,26.58
2903792000,"--- Autres dérivés du méthane, de l?éthane ou du propane halogénés uniquement avec du fluor et du chlore",5.0,18.0,26.58
2903793000,"--- Dérivés du méthane, de l?éthane ou du propane halogénés uniquement avec du fluor et du brome",5.0,18.0,26.58
2903799000,"--- Autres dérivés halogénés des hydrocarbures acycliques contenant au moins deux halogènes différents, du n°29.03",5.0,18.0,26.58
2903810000,"-- 1,2,3,4,5,6-Hexachlorocyclohexane (HCH (ISO)), y compris lindane (ISO, DCI)",5.0,18.0,26.58
2903820000,"-- Aldrine (ISO), chlordane (ISO) et heptachlore (ISO)",5.0,18.0,26.58
2903830000,-- Mirex (ISO),5.0,18.0,26.58
2903890000,"-- Autres dérivés halogénés des hydrocarbures cyclaniques, cycléniques ou cycloterpéniques, du n°29.03",5.0,18.0,26.58
2903910000,"-- Chlorobenzène, o-dichlorobenzène et  p-dichlorobenzène",5.0,18.0,26.58
2903920000,"-- Hexachlorobenzène (ISO) et DDT (ISO) (clofénotane (DCI), 1,1,1-trichloro-2,2-bis(p-chlorophényl)éthane)",5.0,18.0,26.58
2903930000,-- Pentachlorobenzène (ISO),5.0,18.0,26.58
2903940000,-- Hexabromobiphényles,5.0,18.0,26.58
2903990000,"-- Autres dérivés halogénés des hydrocarbures aromatiques, du n° 29.03",5.0,18.0,26.58
2904100000,"- Dérivés seulement sulfonés des hydrocarbures, leurs sels et leurs esters éthyliques",5.0,18.0,26.58
2904200000,- Dérivés seulement nitrés ou seulement nitrosés des hydrocarbures,5.0,18.0,26.58
2904310000,-- Acide perfluorooctane sulfonique,5.0,18.0,26.58
2904320000,-- Sulfonate de perfluorooctane d'ammonium,5.0,18.0,26.58
2904330000,-- Sulfonate de perfluorooctane de lithium,5.0,18.0,26.58
2904340000,-- Sulfonate de perfluorooctane de potassium,5.0,18.0,26.58
2904350000,-- Autres sels d'acide perfluorooctane sulfonique,5.0,18.0,26.58
3209901000,"-- Autres vernis à base de polymères synthétiques ou de polymères naturels modifiés, dispersés ou dissous dans un milieu aqueux, du n° 32.09",20.0,18.0,44.28
3209902000,"-- Autres peintures à base de polymères synthétiques ou naturels modifiés, dispersés ou dissous dans un milieu aqueux, du n° 32.09",20.0,18.0,44.28
3210001000,- Vernis autres qu'à base de polymères,20.0,18.0,44.28
3210002000,- Peintures autres qu'à base de polymères,20.0,18.0,44.28
3210009000,- Pigments à l'eau préparés des types utilisés pour le finissage des cuirs,20.0,18.0,44.28
3211000000,Siccatifs préparés.,10.0,18.0,32.48
3212100000,- Feuilles pour le marquage au fer,10.0,18.0,32.48
3212900000,"- Pigments (...) dispersés dans des milieux non aqueux, sous forme de liquide ou pâte,...de peintures; teintures et autres...vente au détail",10.0,18.0,32.48
3213100000,"- Couleurs en assortiments pour la peinture artistique, l'enseignement, ... tubes, pots, flacons, godets ou conditionnements similaires",10.0,18.0,32.48
3213900000,"- Couleurs (autres qu' en assortiments) pour la peinture artistique, l'enseignement, ...pots, flacons, godets ou conditionnements similaires",10.0,18.0,32.48
3214101000,"-- Mastic de vitrier, ciments de résine et autres mastics",10.0,18.0,32.48
3214102000,-- Enduits utilisés en peinture,10.0,18.0,32.48
3214900000,- Enduits non réfractaires des types utilisés en maçonnerie,10.0,18.0,32.48
3215110000,"-- Encres d'imprimerie noires, même concentrées ou sous formes solides",10.0,18.0,32.48
3215190000,"-- Encres d'imprimerie autres que noires, même concentrées ou sous formes solides",10.0,18.0,32.48
3215901000,"-- Encres à écrire, même concentrées ou sous formes solides",10.0,18.0,44.28
3215909000,"-- Encres à dessiner et autres encres, même concentrées ou sous formes solides, du n° 32.15",20.0,18.0,44.28
3301120000,-- Huiles essentielles d'orange,10.0,18.0,32.48
3301130000,-- Huiles essentielles de citron,10.0,18.0,32.48
3301190000,-- Huiles essentielles d'agrumes autres que d'orange ou de citron,10.0,18.0,32.48
3301240000,-- Huiles essentielles de menthe poivrée (Mentha piperita),10.0,18.0,32.48
3301250000,-- Huiles essentielles de menthes (autres que de menthes poivrées (Mentha piperita)),10.0,18.0,32.48
3301291000,--- Huiles essentielles de citronnelle,10.0,18.0,32.48
3301299000,"--- Autres huiles essentielles (déterpénées ou non), y compris celles dites «concrètes» ou «absolues», du  n° 33.01",10.0,18.0,32.48
3301300000,- Résinoïdes,10.0,18.0,32.48
3301900000,- Oléorésines d'extraction; solutions concentrées d'huiles essentielles ...; sous-produits ...; eaux distillées aromatiques... essentielles,10.0,18.0,32.48
3302100000,"- Mélanges de substances odoriférantes ou à base de ces substances, des types utilisés pour les industries alimentaires ou des boissons",10.0,18.0,32.48
3302901000,"-- Mélanges de substances odoriférantes ou à base de ces substances, des types utilisés dans la parfumerie",10.0,18.0,32.48
3302909000,"-- Mélanges de substances odoriférantes ou à base de ces substances, des types utilisés dans d'autres industries, du ° 33.02",10.0,18.0,32.48
0901111100,"---- Arabica en cerises non torréfié, non décaféiné",10.0,18.0,44.28
0901111200,"---- Arabica extra prima, prima, supérieur, non torréfié, non décaféiné",10.0,18.0,44.28
0901111300,"----  Arabica courant, limite, sous limite, non torréfié, non décaféiné",10.0,18.0,44.28
0901111900,"---- Autre arabica non torréfié, non décaféiné",10.0,18.0,44.28
0901112100,"---- Robusta en cerises non torréfié, non décaféiné",10.0,18.0,44.28
0901112200,"---- Robusta extra prima, prima, supérieur excellence grade zéro, non torréfié, non décaféiné",10.0,18.0,44.28
0901112300,"---- Robusta extra prima, courant excellence, limite, sous limite grade quatre, non torréfié, non décaféiné",10.0,18.0,44.28
0901112400,"---- Robusta courant extra prima, limite, sous limite grade deux,  non torréfié, non décaféiné",10.0,18.0,44.28
0901112510,"----- Robusta extra prima, prima, supérieur, grade un,  non torréfié, non décaféiné",10.0,18.0,44.28
0901112520,"----- Robusta extra prima, prima, supérieur, grade deux, non torréfié, non décaféiné",10.0,18.0,44.28
0901112590,"----- Robusta extra prima, prima, supérieur, grade trois, non torréfié, non décaféiné",10.0,18.0,44.28
0901112610,"-----Robusta courant, limite, sous limite, grade un, non torréfié, non décaféiné",10.0,18.0,44.28
0901112620,"----- Robusta courant, limite, sous limite, grade trois, non torréfié, non décaféiné",10.0,18.0,44.28
0901112630,"----- Robusta courant, limite, sous limite, grade quatre, non torréfié, non décaféiné",10.0,18.0,44.28
0901112690,"----- Autres robusta courant, limites, sous limites, non torréfiés, non décaféinés",10.0,18.0,44.28
0901112700,"---- Robusta vert brisures non torréfié, non décaféiné",10.0,18.0,44.28
0901112800,"---- Robusta grains noirs non torréfié, non décaféiné",10.0,18.0,44.28
0901112900,"---- Autres robusta non torréfiés, non décaféinés",10.0,18.0,44.28
0901113100,"---- Arabusta en cerises non torréfié, non décaféiné",10.0,18.0,44.28
0901113200,"---- Arabusta extra prima, prima, supérieur, non torréfié, non décaféiné",10.0,18.0,44.28
0901113300,"----Arabusta courant, limite, sous limite, non torréfié, non décaféiné",10.0,18.0,44.28
0901113400,"---- Autres arabusta non torréfiés, non décaféinés",10.0,18.0,44.28
0901114100,"---- Liberica en cerises non torréfié, non décaféiné",10.0,18.0,44.28
0901114200,"---- Liberica extra prima, prima, supérieur, non torréfié, non décaféiné",10.0,18.0,44.28
0901114300,"---- Liberica courant, limite, sous limite, non torréfié, non décaféiné",10.0,18.0,44.28
2101120000,"-- Préparations à base d'extraits, essences ou concentrés ou à base de café",20.0,18.0,44.28
2101200000,"- Extraits, essences et concentrés de thé,de maté et préparations à base de ces extraits, essences ou concentrés ou à base de thé ou de maté",10.0,18.0,32.48
2101300000,"- Chicorée torréfiée et autres succédanés torréfiés du café et leurs extraits, essences et concentrés",20.0,18.0,44.28
2102100000,- Levures vivantes,5.0,18.0,7.5
2102200000,- Levures mortes; autres micro-organismes monocellulaires morts (à l'exclusion des vaccins du n° 30.02),5.0,18.0,26.58
2102300000,- Poudres à lever préparées,5.0,18.0,26.58
2103100000,- Sauce de soja,20.0,18.0,44.28
2103200000,- «Tomato-ketchup» et autres sauces tomates,35.0,18.0,44.28
2103300000,- Farine de moutarde et moutarde préparée,20.0,18.0,44.28
2103901000,-- Sauce de poisson ??Nuoc-Mam??,20.0,18.0,44.28
2103909100,--- Assaisonnements et condiments en poudre en emballages de 25kg ou plus,20.0,18.0,44.28
2103909900,"--- Autres préparations pour sauces et autres sauces préparées; autres condiments et assaisonnements, composés",20.0,18.0,44.28
2104101000,"-- Préparations pour soupes, potages ou bouillons, présentées sous formes de tablettes, de pains ou de cubes",20.0,18.0,44.28
2104109000,"-- Préparations pour soupes, potages ou bouillons autres que du n° 2104.10.10; soupes, potages ou bouillons préparés",20.0,18.0,44.28
2104200000,- Préparations alimentaires composites homogénéisées,20.0,18.0,44.28
2105000000,"Glaces de consommation, même contenant du cacao.",20.0,18.0,44.28
2106101000,-- Concentrats de protéines,5.0,18.0,26.58
2106102000,-- Substances protéiques texturées,10.0,18.0,26.58
2106901000,-- Sirops aromatisés et/ou additionnés de colorants,20.0,18.0,44.28
2106909100,--- Poudres utilisées dans la fabrication des bouillons (masses partielles),10.0,18.0,32.48
2106909200,"--- Extraits, essences et autres produits aromatisants des types utilisés dans les industries des boissons",10.0,18.0,32.48
2106909300,--- Améliorant pour panification non dénommés,5.0,18.0,7.5
2106909400,--- Poudres pour la préparation instantanée des boissons,20.0,18.0,44.28
2106909500,"--- Préparations pour tisanes ou infusions, non dénommées",20.0,18.0,44.28
2106909600,--- Compléments alimentaires,20.0,18.0,44.28
2106909900,--- Autres préparations alimentaires non dénommées ni comprises ailleurs,20.0,18.0,44.28
2201101000,"-- Eaux minérales naturelles ou artificielles, non additionnées de sucre ou d'autres édulcorants ni aromatisées",35.0,18.0,44.28
2904360000,-- Fluorure de perfluorooctane sulfonyle,5.0,18.0,26.58
2904910000,-- Trichloronitrométhane (chloropicrine),5.0,18.0,26.58
2904990000,"-- Autres dérivés sulfonés, nitrés ou nitrosés des hydrocarbures, même halogénés, du N°29.04",5.0,18.0,26.58
2905110000,-- Méthanol (alcool méthylique),5.0,18.0,26.58
2905120000,-- Propane-1-ol (alcool propylique) et propane-2-ol (alcool isopropylique),5.0,18.0,26.58
2905130000,-- Butane-1-ol (alcool n-butylique),5.0,18.0,26.58
2905140000,"-- Autres butanols, du n° 29.05",5.0,18.0,26.58
2905160000,-- Octanol (alcool octylique) et ses isomères,5.0,18.0,26.58
2905170000,"-- Dodécane-1-ol (alcool laurique), hexadécane-1-ol (alcool cétylique) et octadécane-1-ol (alcool stéarique)",5.0,18.0,26.58
2905190000,-- Autres monoalcools saturés du n° 29.05,5.0,18.0,26.58
2905220000,-- Alcools terpéniques acycliques,5.0,18.0,26.58
2905290000,"-- Autres monoalcools non saturés, du n° 29.05",5.0,18.0,26.58
2905310000,-- Ethylène glycol (éthanediol),5.0,18.0,26.58
2905320000,"-- Propylène glycol (propane-1,2-diol)",5.0,18.0,26.58
2905390000,-- Autres diols du n° 29.05,5.0,18.0,26.58
2905410000,"-- 2-Ethyl-2-(hydroxyméthyl)propane-1,3-diol (triméthylolpropane)",5.0,18.0,26.58
2905420000,-- Pentaérythritol (pentaérythrite),5.0,18.0,26.58
2905430000,-- Mannitol,5.0,18.0,26.58
2905440000,-- D-glucitol (sorbitol),5.0,18.0,26.58
2905450000,-- Glycérol,5.0,18.0,26.58
2905490000,-- Autres polyalcools du n° 29.05,5.0,18.0,26.58
2905510000,-- Ethchlorvynol (DCI),5.0,18.0,26.58
2905590000,"-- Dérivés halogénés, sulfonés, nitrés ou nitrosés des alcools acycliques, à l'exclusion de l'ethchlorvynol (DCI)",5.0,18.0,26.58
2906110000,-- Menthol,5.0,18.0,26.58
2906120000,"-- Cyclohexanol, méthylcyclohexanols et diméthylcyclohexanols",5.0,18.0,26.58
2906130000,-- Stérols et inositols,5.0,18.0,26.58
2906190000,"-- Autres cyclaniques, cycléniques ou cycloterpéniques, du n° 29.06",5.0,18.0,26.58
2906210000,-- Alcool benzylique,5.0,18.0,26.58
2906290000,"-- Aromatiques, autres qu'alcool benzylique",5.0,18.0,26.58
2907110000,-- Phénol (hydroxybenzène) et ses sels,5.0,18.0,26.58
2907120000,-- Crésols et leurs sels,5.0,18.0,26.58
2907130000,"-- Octylphénol, nonylphénol et leurs isomères; sels de ces produits",5.0,18.0,26.58
2907150000,-- Naphtols et leurs sels,5.0,18.0,26.58
2907190000,-- Autres monophénols du n° 29.07,5.0,18.0,26.58
2907210000,-- Résorcinol et ses sels,5.0,18.0,26.58
2907220000,-- Hydroquinone et ses sels,5.0,18.0,26.58
0302910000,"--  Foies, oeufs et laitances de poissons comestibles, frais ou refrigérés",10.0,18.0,12.5
0302920000,"--  Ailerons de requins, frais ou réfrigérés",10.0,18.0,12.5
0302990000,"-- Nageoires, têtes, queues, vessies natatoires et autres abats de poissons comestibles, frais ou réfrigérés, sauf les N° 0302.91 et 0302.92",10.0,18.0,12.5
0303110000,"-- Saumons rouges (Oncorhynchus nerka) congelés, à l'exclusion des abats de poissons des N° 0303.91 à 0303.99",10.0,18.0,12.5
0303120000,"-- Autres saumons du Pacifique (Oncorhynchus gorbuscha... Oncorhynchus rhodurus)  congelés, sauf abats de poissons des N° 0303.91 à 0303.99",10.0,18.0,12.5
0303130000,"-- Saumons de l'Atlantique (Salmo salar) et saumons du Danube (Hucho hucho)  congelés, sauf les abats de poissons des N° 0303.91 à 0303.99",10.0,18.0,12.5
0303140000,"-- Truites (Salmo trutta ...Oncorhynchus chrysogaster)  congelées, à l'exclusion des abats de poissons des N° 0303.91 à 0303.99",10.0,18.0,12.5
0303190000,"-- Salmonidés congelés, autres que saumons rouges, du Pac., de l'Atlant. et du Dan et  truites, sauf les abats des N° 0303.91 à 0303.99",10.0,18.0,12.5
0303230000,"-- Tilapias (Oreochromis spp.) congelés, à l'exclusion des abats de poissons des N° 0303.91 à 0303.99",10.0,18.0,12.5
0303240000,"-- Siluridés (Pangasius spp., Silurus spp., Clarias spp., Ictalurus spp.) congelés, à l'exclusion des abats de poissons des N° 0303.91 à 0303.99",10.0,18.0,12.5
0303250000,"-- Carpes (Cyprinus carpio ... Mylopharyngodon piceus) congelés, à l'exclusion des abats de poissons des N° 0303.91 à 0303.99",10.0,18.0,12.5
0303260000,"-- Anguilles (Anguilla spp.) congelés, à l'exclusion des abats de poissons des N° 0303.91 à 0303.99",10.0,18.0,12.5
0303290000,"-- Perches du Nil (Lates niloticus) et poissons tête de serpent (Channa spp.) congelés, sauf des abats de poissons des N° 0303.91 à 0303.99",10.0,18.0,12.5
0303310000,"-- Flétans (Reinhardtius hippoglossoides ... Hippoglossus stenolepis) congelés, à l'exclusion des abats de poissons des N° 0303.91 à 0303.99",10.0,18.0,12.5
0303320000,"-- Plies ou carrelets (Pleuronectes platessa) congelés, à l'exclusion des abats de poissons des N° 0303.91 à 0303.99",10.0,18.0,12.5
0303330000,"-- Soles (Solea spp.) congelés, à l'exclusion des abats de poissons des N° 0303.91 à 0303.99",10.0,18.0,12.5
0303340000,"-- Turbots (Psetta maxima,) congelés, à l'exclusion des abats de poissons des N° 0303.91 à 0303.99",10.0,18.0,12.5
0303390000,"-- Poissons plats, congelés, autres que flétans, plies ou carrelets, soles et turbots, sauf les abats de poissons des N° 0303.91 à 0303.99",10.0,18.0,12.5
0303410000,"-- Thons blancs ou germons (Thunnus alalunga) congelés, à l'exclusion des abats de poissons des N° 0303.91 à 0303.99",10.0,18.0,12.5
0303420000,"-- Thons à nageoires jaunes (Thunnus albacares) congelés, à l'exclusion des abats de poissons des N° 0303.91 à 0303.99",10.0,18.0,12.5
0303430000,"-- Listaos ou bonites à ventre rayé congelés, à l'exclusion des abats de poissons des N° 0303.91 à 0303.99",10.0,18.0,12.5
0303440000,"-- Thons obèses (Thunnus obesus) congelés, à l'exclusion des abats de poissons des N° 0303.91 à 0303.99",10.0,18.0,12.5
0303450000,"-- Thons rouges de l'Atlantique et du Pacifique (Thunnus thynnus, Thunnus orientalis) congelés, sauf les abats des N° 0303.91 à 0303.99",10.0,18.0,12.5
0901114400,"---- Autres liberica non torréfiés, non décaféinés",10.0,18.0,44.28
0901115100,"---- Autres espèces de café en cerises, non torréfié, non décaféiné",10.0,18.0,44.28
0901115200,"---- Autres espèces de café extra prima, prima, supérieur, non torréfié, non décaféiné",10.0,18.0,44.28
0901115300,"---- Autres espèces de café courant, limite, sous limite, non torréfié, non décaféiné",10.0,18.0,44.28
0901115400,"---- Autres espèces de café non torréfié, non décaféiné",10.0,18.0,44.28
0901121000,"--- Robusta non torréfié, décaféiné",10.0,18.0,44.28
0901122000,"--- Arabusta non torréfié, décaféiné",10.0,18.0,44.28
0901129000,"--- Autres espèces de café non torréfié, décaféiné",10.0,18.0,44.28
0901211000,"--- Café torréfié, non décaféiné, non moulu",20.0,18.0,44.28
0901212000,"--- Café torréfié, non décaféiné, moulu",20.0,18.0,44.28
0901221000,"--- Café torréfié, décaféiné, non moulu",20.0,18.0,44.28
0901222000,"--- Café torréfié, décaféiné, moulu",20.0,18.0,44.28
0901900000,"- Coques et pellicules de café; succédanés du café contenant du café, quelles que soient les proportions du mélange",20.0,18.0,44.28
0902100000,"- Thé vert (non fermenté), même aromatisé, présenté en emballages immédiats d'un contenu n'excédant pas 3 kg",10.0,18.0,32.48
0902200000,"- Thé vert (non fermenté), même aromatisé, présenté autrement qu'en emballages immédiats d'un contenu n'excédant pas 3 kg",10.0,18.0,32.48
0902300000,"- Thé noir (fermenté) et thé partiellement fermenté, même aromatisés, présentés en emballages immédiats d'un contenu n'excédant pas 3 kg",10.0,18.0,32.48
0902400000,"- Thé noir (fermenté) et thé partiellement fermenté, même aromatisés, autres qu'en emballages immédiats d'un contenu n'excédant pas 3 kg",10.0,18.0,32.48
0903000000,Maté.,20.0,18.0,44.28
2206009100,--Vin de palme,20.0,18.0,44.28
2207101000,"-- Alcool éthylique non dénaturé d'un titre alcoométrique volumique de 80 % vol ou plus, à usages médicamenteux ou pharmaceutiques",10.0,18.0,44.28
2207200000,- Alcool éthylique et eaux-de-vie dénaturés de tous titres,10.0,18.0,44.28
2208201000,-- Cognac,20.0,18.0,124.59375
2208209000,"-- Eaux-de-vie de vin ou de marc de raisin, à l'exclusion du cognac",20.0,18.0,124.59375
2208300000,- Whiskies,20.0,18.0,124.59375
2208400000,"- Rhum et autres eaux-de-vie provenant de la distillation, après fermentation, de produits de cannes à sucre",20.0,18.0,124.59375
2208500000,- Gin et genièvre,20.0,18.0,124.59375
2208600000,- Vodka,20.0,18.0,124.59375
2208700000,- Liqueurs,20.0,18.0,124.59375
2907230000,"-- 4,4'-Isopropylidènediphénol (bisphénol A, diphénylolpropane) et ses sels",5.0,18.0,26.58
2907290000,"-- Autres polyphénols et phénols-alcools, du n° 29.07",5.0,18.0,26.58
2908110000,-- Pentachlorophénol (ISO),5.0,18.0,26.58
2908190000,"-- Dérivés seulement halogénés et leurs sels , à l'exclusion du pentachlorophénol (ISO)",5.0,18.0,26.58
2908910000,-- Dinosèbe (ISO) et ses sels,5.0,18.0,26.58
2908920000,"-- 4,6-Dinitro-o-crésol (DNOC (ISO)) et ses sels",5.0,18.0,26.58
2908990000,"-- Autres dérivés halogénés, sulfonés, nitrés ou nitrosés des phénols ou des phénols-alcools, du n° 29.08",5.0,18.0,26.58
2909110000,"-- Ether diéthylique (oxyde de diéthyle) et ses dérivés halogénés, sulfonés, nitrés ou nitrosés",5.0,18.0,26.58
2909190000,"-- Ethers acycliques et leurs dérivés halogénés, sulfonés, nitrés ou nitrosés  autres que l'ether diéthylique (oxyde de diéthyle)",5.0,18.0,26.58
2909200000,"- Ethers cyclaniques, cycléniques, cycloterpéniques et leurs dérivés halogénés, sulfonés, nitrés ou nitrosés",5.0,18.0,26.58
2909300000,"- Ethers aromatiques et leurs dérivés halogénés, sulfonés, nitrés ou nitrosés",5.0,18.0,26.58
2909410000,"-- 2,2'-Oxydiéthanol (diéthylène glycol) et ses dérivés halogénés, sulfonés, nitrés ou nitrosés",5.0,18.0,26.58
2909430000,"-- Ethers monobutyliques de l'éthylène glycol ou du diéthylène glycol et leurs dérivés halogénés, sulfonés, nitrés ou nitrosés",5.0,18.0,25.08
2909440000,"-- Autres éthers monoalkyliques de l'éthylène glycol ou du diéthylène glycol et leurs dérivés halogénés, sulfonés, nitrés ou nitrosés",5.0,18.0,26.58
2909490000,"-- Autres ethers-alcools et leurs dérivés halogénés, sulfonés, nitrés ou nitrosés, du n° 29.09",5.0,18.0,26.58
2909500000,"- Ethers-phénols, éthers-alcools-phénols et leurs dérivés halogénés, sulfonés, nitrés ou nitrosés",5.0,18.0,26.58
2909600000,"- Peroxydes d'alcools, peroxydes d'éthers, peroxydes de cétones, et leurs dérivés halogénés, sulfonés, nitrés ou nitrosés",5.0,18.0,26.58
2910100000,"- Oxiranne (oxyde d'éthylène) et ses dérivés halogénés, sulfonés, nitrés ou nitrosés",5.0,18.0,26.58
2910200000,"- Méthyloxiranne (oxyde de propylène) et ses dérivés halogénés, sulfonés, nitrés ou nitrosés",5.0,18.0,26.58
2910300000,"- 1-Chloro-2,3-époxypropane (épichlorhydrine) et ses dérivés halogénés, sulfonés, nitrés ou nitrosés",5.0,18.0,26.58
2910400000,"- Dieldrine (ISO, DCI) et ses dérivés halogénés, sulfonés, nitrés ou nitrosés",5.0,18.0,26.58
2910500000,- Endrine (ISO),5.0,18.0,26.58
2910900000,"- Autres époxydes, époxy-alcools, époxy-phénols et époxy-éthers, avec trois atomes dans le cycle, et leurs dérivés halogénés,..., du n°29.10",5.0,18.0,26.58
2911000000,"Acétals et hémi-acétals, même contenant d'autres fonctions oxygénées, et leurs dérivés halogénés, sulfonés, nitrés ou nitrosés.",5.0,18.0,26.58
2912110000,-- Méthanal (formaldéhyde),5.0,18.0,26.58
2912120000,-- Ethanal (acétaldéhyde),5.0,18.0,26.58
0303460000,"-- Thons rouges du sud (Thunnus maccoyii) congelés, à l'exclusion des abats de poissons des N° 0303.91 à 0303.99",10.0,18.0,12.5
0303490000,"-- Autres thons (du genre thunnus) congelés,  non dénommés ailleurs, à l'exclusion des abats de poissons des N° 0303.91 à 0303.99",10.0,18.0,12.5
0303510000,"-- Harengs (Clupea harengus, Clupea pallasii) congelés, à l'exclusion des abats de poissons des N° 0303.91 à 0303.99",10.0,18.0,12.5
0303530000,"-- Sardines (Sardina pilchardus...),sardinelles (Sardinella spp.), sprats ou esprots (...) congelés, sauf les abats des N° 0303.91 à 0303.99",10.0,18.0,12.5
0303540000,"-- Maquereaux (Scomber scombrus, Scomber australasicus, Scomber japonicus) congelés, à l'exclusion des abats des N° 0303.91 à 0303.99",10.0,18.0,12.5
0303550000,"-- Chinchards (Trachurus spp.) congelés, à l'exclusion des abats de poissons des N° 0303.91 à 0303.99",10.0,18.0,12.5
0303560000,"-- Mafous (Rachycentron canadum) congelés, à l'exclusion des abats de poissons des N° 0303.91 à 0303.99",10.0,18.0,12.5
0303570000,"-- Espadons (Xiphias gladius) congelés, à l'exclusion des abats de poissons des N° 0303.91 à 0303.99",10.0,18.0,12.5
0303590000,"-- Autres poissons, frais ou réfrigérés non dénommés ailleurs, , à l'exclusion des abats de poissons comestibles des N° 0303.91 à 0303.99",10.0,18.0,12.5
0303630000,"-- Morues (Gadus morhua, Gadus ogac, Gadus macrocephalus) congelés, à l'exclusion des abats de poissons comestibles des N° 0303.91 à 0303.99",10.0,18.0,12.5
0303640000,"-- Eglefins (Melanogrammus aeglefinus) congelés, à l'exclusion des abats de poissons comestibles des N° 0303.91 à 0303.99",10.0,18.0,12.5
0303650000,"-- Lieus noirs (Pollachius virens) congelés, à l'exclusion des abats de poissons comestibles des N° 0303.91 à 0303.99",10.0,18.0,12.5
0303660000,"-- Merlus (Merluccius spp., Urophycis spp.) congelés, à l'exclusion des abats de poissons comestibles des N° 0303.91 à 0303.99",10.0,18.0,12.5
0303670000,"-- Lieus d?Alaska (Theragra chalcogramma) congelés, à l'exclusion des abats de poissons comestibles des N° 0303.91 à 0303.99",10.0,18.0,12.5
0303680000,"-- Merlans bleus (Micromesistius poutassou ou australis) congelés, à l'exclusion des abats de poissons comestibles des N° 0303.91 à 0303.99",10.0,18.0,12.5
0303690000,"-- Autres poissons des familles Bregmacerotidae …,  congelés, non dénommés ailleurs, à l'exclusion des abats des N° 0303.91 à 0303.99",10.0,18.0,12.5
0303810000,"-- Squales congelés, à l'exclusion des abats de poissons comestibles des N° 0303.91 à 0303.99",10.0,18.0,12.5
0303820000,"-- Raies (Rajidae) congelés, à l'exclusion des abats de poissons comestibles des N° 0303.91 à 0303.99",10.0,18.0,12.5
0303830000,"-- Légines (Dissostichus spp.) congelés, à l'exclusion des abats de poissons comestibles des N° 0303.91 à 0303.99",10.0,18.0,12.5
0303840000,"-- Bars (Dicentrarchus spp.) congelés, à l'exclusion des abats de poissons comestibles des N° 0303.91 à 0303.99",10.0,18.0,12.5
0303890000,"-- Autres poissons congelés, non dénommés ailleurs, à l'exclusion des abats de poissons comestibles des N° 0303.91 à 0303.99",10.0,18.0,12.5
0303910000,"--  Foies, oeufs et laitances de poissons comestibles, congélés",20.0,18.0,22.5
0303920000,"--  Ailerons de requins, congélés",20.0,18.0,12.5
1001110000,-- Froment (blé) dur de semence,5.0,18.0,7.5
1001190000,-- Froment (blé) dur autre que de semence,5.0,18.0,7.5
1001910000,"-- Froment (blé) autre que froment (blé) dur, et méteil, de semence",5.0,18.0,7.5
1001990000,"-- Froment (blé) autre que froment (blé) dur, et méteil, autres que de semence",5.0,18.0,7.5
1002100000,- Seigle de semence,5.0,18.0,7.5
1002900000,-  Seigle autre que de semence,5.0,18.0,7.5
1003100000,-  Orge de semence,5.0,18.0,7.5
1003900000,- Orge autre que de semence,5.0,18.0,7.5
1004100000,- Avoine de semence,5.0,18.0,7.5
1004900000,- Avoine autre que de semence,5.0,18.0,7.5
1005100000,- Maïs de semence,5.0,18.0,7.5
1005900000,-  Maïs autre que de semence,5.0,18.0,7.5
1006101000,-- Riz en paille (riz paddy) de semence,5.0,18.0,7.5
1006109000,-- Riz en paille (riz paddy) autre que de semence,5.0,18.0,7.5
1006200000,- Riz décortiqué (riz cargo ou riz brun),10.0,18.0,12.5
1006301000,"-- Riz semi-blanchi ou blanchi, même poli ou glacé en emballage immédiat de plus de 5kg ou en vrac",10.0,18.0,12.5
1006309000,"--  Riz semi-blanchi ou blanchi, même poli ou glacé en emballage immédiat de 5kg ou moins",10.0,18.0,12.5
1006400000,- Riz en brisures,10.0,18.0,12.5
1007100000,-  Sorgho à grains de semence,5.0,18.0,7.5
1007900000,- Sorgho à grains autre que de semence,5.0,18.0,7.5
1008100000,- Sarrasin,5.0,18.0,7.5
2208900000,- Autre alcool éthylique non dénaturé d'un titre alcoométrique volumique de moins de 80 % vol; autres boissons spiritueuses,20.0,18.0,124.59375
2209001000,- Vinaigre comestible d'alcool,20.0,18.0,44.28
2209009000,- Vinaigres comestibles (à l'exclusion du vinaigre d'alcool) et succédanés de vinaigre comestibles obtenus à partir d'acide acétique,20.0,18.0,44.28
2301100000,"- Farines, poudres et agglomérés sous forme de pellets, de viandes ou d'abats, impropres à l'alimentation humaine; cretons",10.0,18.0,12.5
2301200000,"- Farines, poudres et agglomérés...de pellets, poissons ou crustacés,mollusq. ou d'aut. invertébrés aquatiq., impropres à l'aliment. humaine",10.0,18.0,12.5
2302100000,"- Sons, remoulages et autres résidus, même agglomérés sous forme de pellets, du criblage, de la mouture ou d'autres traitements de maïs",10.0,18.0,12.5
2302300000,"- Sons, remoulages et autres résidus, même agglomérés sous forme de pellets, du criblage, de la mouture ou d'autres traitements de froment",10.0,18.0,12.5
2302400000,"- Sons, remoulages et autres résidus, même agglomérés… du criblage, de la mouture ou d'aut. traitements de céréales (sauf maîs ou froment)",10.0,18.0,12.5
2302500000,"- Sons, remoulages et aut. résidus, même agglomérés sous forme de pellets, du criblage, de la mouture ou d'aut. traitements de légumineuses",10.0,18.0,12.5
2303100000,"- Résidus d'amidonnerie et résidus similaires, même agglomérés sous forme de pellets",10.0,18.0,12.5
2303200000,"- Pulpes de betteraves, bagasses de cannes à sucre et autres déchets de sucrerie, même agglomérés sous forme de pellets",10.0,18.0,12.5
2303300000,"- Drêches et déchets de brasserie ou de distillerie, même agglomérés sous forme de pellets",10.0,18.0,12.5
2304000000,"Tourteaux et autres résidus solides, même broyés ou agglomérés sous forme de pellets, de l'extraction de l'huile de soja.",10.0,18.0,12.5
2305000000,"Tourteaux et autres résidus solides, même broyés ou agglomérés sous forme de pellets, de l'extraction de l'huile d'arachide.",10.0,18.0,12.5
2306100000,"- Tourteaux et autres résidus solides, même broyés ou agglomérés sous forme... ,de l'extraction de graisses ou huiles de graines de coton",10.0,18.0,12.5
2306200000,"- Tourteaux et autres résidus solides, même broyés ou agglomérés sous forme... , de l'extraction de graisses ou huiles de graines de lin",10.0,18.0,12.5
2306300000,"- Tourteaux et autres résidus solides, même broyés ou agglomérés sous forme...,de l'extraction de graisses ou huiles de graines de tournesol",10.0,18.0,12.5
2306410000,-- Tourteaux et aut. résidus solides ...de l'extract. de graisse ou huile de graines de navette ou de colza à faible teneur en acide éruciq.,10.0,18.0,12.5
2306490000,"-- Tourteaux et autres résidus solides..., de l'extraction de graisses ou huiles de graines de navette ou de colza autres que du n° 2306.41",10.0,18.0,12.5
2306500000,"- Tourteaux et autres résidus solides, même broyés ou ...de l'extraction de graisses ou huiles de graines de noix de coco ou de coprah",10.0,18.0,12.5
2306600000,"- Tourteaux et autres résidus solides, même broyés ou agglomérés..., de l'extraction de graisses ou huiles de noix ou d'amandes de palmiste",10.0,18.0,12.5
2306900000,"- Autres tourteaux et autres résidus solides, même broyés ou...de pellets, de l'extraction de graisses ou huiles végétales du n°23.06",10.0,18.0,12.5
2307000000,Lies de vin; tartre brut.,10.0,18.0,12.5
2912190000,"-- Autres aldéhydes acycliques ne contenant pas d'autres fonctions oxygénées, du n° 29.12",5.0,18.0,26.58
2912210000,-- Benzaldéhyde (aldéhyde benzoïque),5.0,18.0,26.58
2912290000,"-- Aldéhydes cycliques ne contenant pas d'autres fonctions oxygénées, à l'exclusion du benzaldéhyde (aldéhyde benzoïque)",5.0,18.0,26.58
2912410000,-- Vanilline (aldéhyde méthylprotocatéchique),5.0,18.0,26.58
2912420000,-- Ethylvanilline (aldéhyde éthylprotocatéchique),5.0,18.0,26.58
2912490000,"-- Autres aldéhydes-alcools, aldéhydes-éthers, aldéhydes-phénols et aldéhydes contenant d'autres fonctions oxygénées, du n° 29.12",5.0,18.0,26.58
2912500000,- Polymères cycliques des aldéhydes,5.0,18.0,26.58
2912600000,- Paraformaldéhyde,5.0,18.0,26.58
2913000000,"Dérivés halogénés, sulfonés, nitrés ou nitrosés des produits du n° 29.12.",5.0,18.0,26.58
2914110000,-- Acétone,5.0,18.0,26.58
2914120000,-- Butanone (méthyléthylcétone),5.0,18.0,25.08
2914130000,-- 4-Méthylpentane-2-one (méthylisobutylcétone),5.0,18.0,26.58
2914190000,"-- Autres cétones acycliques ne contenant pas d'autres fonctions oxygénées, du n° 29.13",5.0,18.0,26.58
2914220000,-- Cyclohexanone et méthylcyclohexanones,5.0,18.0,26.58
2914230000,-- Ionones et méthylionones,5.0,18.0,26.58
2914291000,--- Camphre,5.0,18.0,26.58
2914299000,"--- Autres cétones cyclaniques, cycléniques ou cycloterpéniques ne contenant pas d'autres fonctions oxygénées, du n° 29.14",5.0,18.0,26.58
2914310000,-- Phénylacétone (phénylpropane-2-one),5.0,18.0,26.58
2914390000,"-- Autres cétones aromatiques ne contenant pas d'autres fonctions oxygénées, à l'exclusion du  phénylacétone (phénylpropane-2-one)",5.0,18.0,26.58
2914400000,- Cétones-alcools et cétones-aldéhydes,5.0,18.0,26.58
2914500000,- Cétones-phénols et cétones contenant d'autres fonctions oxygénées,5.0,18.0,26.58
2914610000,-- Anthraquinone,5.0,18.0,26.58
2914620000,-- Coenzyme Q10 (ubidécarénone (DCI)),5.0,18.0,26.58
2914690000,"-- Quinones autres que l'anthraquinone et coenzyme Q10 (ubidécarénone (DCI)), même contenant d'autres fonctions oxygénées",5.0,18.0,26.58
2914710000,-- Chlordécone (ISO),5.0,18.0,26.58
2914790000,"-- Dérivés halogénés, sulfonés, nitrés ou nitrosés des alcools acycliques, à l'exclusion du chlordécone",5.0,18.0,26.58
2915110000,-- Acide formique,5.0,18.0,26.58
2915120000,-- Sels de l'acide formique,5.0,18.0,26.58
2915130000,-- Esters de l'acide formique,5.0,18.0,26.58
2915210000,-- Acide acétique,5.0,18.0,26.58
2915240000,-- Anhydride acétique,5.0,18.0,26.58
2915290000,-- Sels de l'acide acétique,5.0,18.0,26.58
2915310000,-- Acétate d'éthyle,5.0,18.0,26.58
2915320000,-- Acétate de vinyle,5.0,18.0,26.58
0303990000,"-- Nageoires, têtes, queues, vessies natatoires et autres abats de poissons comestibles, congélés, sauf les N° 0303.91 et 0303.92",20.0,18.0,12.5
0304310000,-- Filets de tilapias (Oreochromis spp.) frais ou réfrigérés,20.0,18.0,22.5
0304320000,"-- Filets de siluridés (Pangasius spp., Silurus spp., Clarias spp., Ictalurus spp.) frais ou réfrigérés",20.0,18.0,22.5
0304330000,-- Filets de perches du Nil (Lates niloticus) frais ou réfrigérés,20.0,18.0,22.5
0304390000,"-- Filets de carpes (Cyprinus … piceus), d'anguilles (Anguilla spp.) et de poissons tête de serpent (Channa spp.),  frais ou réfrigérés",20.0,18.0,22.5
0304410000,"-- Filets de saumons du Pacifique (Oncorhy...), saumons de l'Atlantique (Salmo salar) et saumons du Danube (Hucho ...),  frais ou réfrigérés",20.0,18.0,22.5
0304420000,"-- Filets de truites (Salmo trutta, Oncorhynchus mykiss ... chrysogaster) , frais ou réfrigérés",20.0,18.0,22.5
0304430000,"-- Filets de poissons plats (Pleuronectidés, Bothidés, Cynoglossidés, Soléidés, Scophthalmidés et Citharidés) , frais ou réfrigérés",20.0,18.0,22.5
0304440000,"-- Filets de poissons des familles Bregmacerotidae ... Muraenolepididae , frais ou réfrigérés",20.0,18.0,22.5
0304450000,"-- Filets d'espadons (Xiphias gladius) , frais ou réfrigérés",20.0,18.0,22.5
0304460000,"-- Filets de légines (Dissostichus spp.) , frais ou réfrigérés",20.0,18.0,22.5
0304470000,-- Filets de squales frais ou refrigérés,20.0,18.0,22.5
0304480000,--  Filets de raies (sajidae) frais ou refrigérés,20.0,18.0,22.5
0304490000,"-- Autres filets d'autres poissons frais ou réfrigérés,  non dénommés ailleurs",20.0,18.0,22.5
0304510000,"-- Autre chair de tilapias..., siluridés.., carpes..., anguilles..., perches du Nil... et poissons tête de serpent..., fraîche ou réfrigérée",20.0,18.0,22.5
0304520000,--  Autre chair de salmonidés fraîche ou réfrigérée,20.0,18.0,22.5
0304530000,"--  Autre chair de poissons des familles Bregmacerotidae ... Muraenolepididae, fraîche ou réfrigérée",20.0,18.0,22.5
0304540000,"-- Autre chair d'espadons (Xiphias gladius), fraîche ou réfrigérée",20.0,18.0,22.5
0304550000,"-- Autre chair de légines (Dissostichus spp.), fraîche ou réfrigérée",20.0,18.0,22.5
0304560000,"-- Chair de squales (même hachée), autre que filets, fraiche ou réfrigérée",20.0,18.0,22.5
0304570000,"--  Chair de raies (Rajidae), même hachée, autre que filets, fraiche ou réfrigérée",20.0,18.0,22.5
0304590000,-- Autres chairs de poissons fraîches ou non dénommées ailleurs,20.0,18.0,22.5
0304610000,-- Filets de tilapias (Oreochromis spp.) congelés,20.0,18.0,22.5
0304620000,"-- Filets de siluridés (Pangasius spp., Silurus spp., Clarias spp., Ictalurus spp.) congelés",20.0,18.0,22.5
0304630000,-- Filets de perches du Nil (Lates niloticus) congelés,20.0,18.0,22.5
0304690000,"-- Filets de carpes (Cyprinus … piceus), d'anguilles (Anguilla spp.) et de poissons tête de serpent (Channa spp.), congelés",20.0,18.0,22.5
1008210000,--  Millet de semence,5.0,18.0,7.5
1008290000,-- Millet autre que de semence,5.0,18.0,7.5
1008300000,- Alpiste,5.0,18.0,7.5
1008400000,- Fonio (Digitaria spp.),5.0,18.0,7.5
1008500000,- Quinoa (Chenopodium quinoa),5.0,18.0,7.5
1008600000,- Triticale,5.0,18.0,7.5
1008900000,- Autres céréales du n° 10.08,5.0,18.0,7.5
1101000000,Farines de froment (blé) ou de méteil.,20.0,18.0,32.5
1102200000,- Farine de maïs,20.0,18.0,22.5
1102901000,--Farine de mil ou de sorgho,20.0,18.0,22.5
1102909000,"-- Farine de céréales autres que de froment (blé), méteil, maïs, mil ou de sorgho",20.0,18.0,22.5
1103110000,-- Gruaux et semoules de froment (blé),5.0,18.0,7.5
1103190000,"-- Gruaux et semoules de céréales, autres que de froment (blé) ou de maïs",10.0,18.0,12.5
1103200000,"- Agglomérés sous forme de pellets, de céréales",10.0,18.0,12.5
1104120000,-- Grains aplatis ou en flocons d'avoine,10.0,18.0,12.5
1104190000,-- Grains aplatis ou en flocons de céreales autres que d'avoine ou du riz du n° 10.06,10.0,18.0,12.5
1104220000,"-- Grains d'avoine travaillés (mondés, perlés, tranchés ou concassés, par exemple) autres qu'aplatis ou en en flocons",10.0,18.0,12.5
1104230000,"-- Grains de maïs travaillés (mondés, perlés, tranchés ou concassés, par exemple) autres qu'aplatis ou en en flocons",10.0,18.0,12.5
1104290000,"-- Grains d'autres céréales travaillés (mondés, perlés, tranchés ou concassés, par ex.) autres qu'aplatis ou en en flocons, du n° 11.04",10.0,18.0,12.5
1104300000,"- Germes de céréales, entiers, aplatis, en flocons ou moulus",10.0,18.0,12.5
1106201100,--- Farine et poudre de manioc,20.0,18.0,22.5
1106201200,--- Semoule de manioc,20.0,18.0,22.5
1106202000,"-- Farines, semoules et poudres d'igname",20.0,18.0,22.5
2308000000,"Matières et déchets végétaux, résidus et sous-produits végétaux, même agglomérés...de pellets,... pour l'alimentation des animaux, NDCA",10.0,18.0,12.5
2309100000,"- Aliments pour chiens ou chats, conditionnés pour la vente au détail",20.0,18.0,12.5
2309901000,"-- Préparations contenant des vitamines des types utilisés pour l'alimentation des animaux (autres qu'aliments pour chiens ou chats, CVD)",5.0,18.0,7.5
2309909000,"-- Autres préparations des types utilisés pour l'alimentation des animaux, du n° 23.09",10.0,18.0,12.5
2401100000,- Tabacs non écôtés,5.0,18.0,26.58
2401200000,- Tabacs partiellement ou totalement écôtés,5.0,18.0,26.58
2401300000,- Déchets de tabac,5.0,18.0,26.58
2402100000,"- Cigares (y compris ceux à bouts coupés) et cigarillos, contenant du tabac",20.0,18.0,
2402200000,- Cigarettes contenant du tabac,20.0,18.0,
2402900000,"-  Cigares (y compris ceux à bouts coupés), cigarillos et cigarettes, en succédanés de tabac",20.0,18.0,
2403110000,-- Tabac pour pipe à eau visé à la Note 1 de sous-positions du Chapitre 24,20.0,18.0,
2403190000,"-- Tabac à fumer, autre que du n° 2403.11, même contenant des succédanés de tabac en toute proportion",20.0,18.0,
2403910000,-- Tabacs «homogénéisés» ou «reconstitués»,10.0,18.0,26.58
2403991000,--- Tabacs écôtés expansés,10.0,18.0,32.48
2403999000,"--- Autres tabacs et succédanés de tabac, fabriqués, du n° 24.03; extraits et sauces de tabac",20.0,18.0,44.28
2501001000,- Sel dénaturé,5.0,18.0,7.5
2501002000,- Sel destiné à l'alimentation humaine,10.0,18.0,7.5
2501003000,- Sel en blocs comprimé pour l'alimentation du bétail,5.0,18.0,7.5
2501009000,"- Autre sel du n°25.01 et chlorure de sodium pur, même en solution aqueuse ou ... ou d'agents assurant une bonne fluidité; eau de mer",10.0,18.0,26.58
2502000000,Pyrites de fer non grillées.,5.0,18.0,26.58
2503000000,"Soufres de toute espèce, à l'exclusion du soufre sublimé, du soufre précipité et du soufre colloïdal.",5.0,18.0,26.58
2504100000,"- Graphite naturel, en poudre ou en paillettes",5.0,18.0,26.58
2504900000,"- Graphite naturel, autre qu'en poudre ou en paillettes",5.0,18.0,26.58
2505100000,- Sables siliceux et sables quartzeux,5.0,18.0,26.58
2505900000,"- Sables naturels de toute espèce (autres que siliceux et quartzeux), même colorés, à l'exclusion des sables métallifères du Chapitre 26",5.0,18.0,26.58
2506100000,- Quartz (autres que les sables naturels),5.0,18.0,26.58
2506200000,"- Quartzites, même dégrossies ou simplement débitées, par sciage ou autrement, en blocs ou en plaques de forme carrée ou rectangulaire",5.0,18.0,26.58
2507000000,"Kaolin et autres argiles kaoliniques, même calcinés.",5.0,18.0,26.58
2508100000,- Bentonite,5.0,18.0,26.58
2508300000,- Argiles réfractaires,5.0,18.0,7.5
2915330000,-- Acétate de n-butyle,5.0,18.0,26.58
2915360000,-- Acétate de dinosèbe (ISO),5.0,18.0,26.58
2915390000,-- Autres esters de l'acide acétique du n° 29.15,5.0,18.0,26.58
2915400000,"- Acides mono-, di- ou trichloroacétiques, leurs sels et leurs esters",5.0,18.0,26.58
2915500000,"- Acide propionique, ses sels et ses esters",5.0,18.0,26.58
2915600000,"- Acides butanoïques, acides pentanoïques, leurs sels et leurs esters",5.0,18.0,26.58
2915700000,"- Acide palmitique, acide stéarique, leurs sels et leurs esters",5.0,18.0,26.58
2915900000,"- Autres Acides monocarboxyliques acycliques saturés et leurs anhydrides, halogénures, peroxydes et peroxyacides;  dérivés…, du n° 29.15",5.0,18.0,26.58
2916110000,-- Acide acrylique et ses sels,5.0,18.0,26.58
2916120000,-- Esters de l'acide acrylique,5.0,18.0,26.58
2916130000,-- Acide méthacrylique et ses sels,5.0,18.0,26.58
2916140000,-- Esters de l'acide méthacrylique,5.0,18.0,26.58
2916150000,"-- Acides oléique, linoléique ou linolénique, leurs sels et leurs esters",5.0,18.0,26.58
2916160000,-- Binapacryl (ISO),5.0,18.0,26.58
2916190000,"-- Autres acides monocarboxyliques acycliques non saturés; autres anhydrides, halogénures, peroxydes, ... et dérivés, du n° 29.16",5.0,18.0,26.58
2916200000,"- Acides monocarboxyliques cyclaniques, cycléniques ou cycloterpéniques, leurs anhydrides, halogénures, peroxydes, ... et leurs dérivés",5.0,18.0,26.58
2916310000,"-- Acide benzoïque, ses sels et ses esters",5.0,18.0,26.58
2916320000,-- Peroxyde de benzoyle et chlorure de benzoyle,5.0,18.0,26.58
2916340000,-- Acide phénylacétique et ses sels,5.0,18.0,26.58
2916390000,"-- Autres acides monocarboxyliques aromatiques; autres anhydrides, halogénures, peroxydes, peroxyacides et dérivés, du n° 29.16",5.0,18.0,26.58
2917110000,"-- Acide oxalique, ses sels et ses esters",5.0,18.0,26.58
2917120000,"-- Acide adipique, ses sels et ses esters",5.0,18.0,26.58
2917130000,"-- Acide azélaïque, acide sébacique, leurs sels et leurs esters",5.0,18.0,26.58
2917140000,-- Anhydride maléique,5.0,18.0,26.58
2917190000,"-- Autres acides polycarboxyliques acycliques; autres anhydrides, halogénures, peroxydes, peroxyacides et dérivés, du n° 29.17",5.0,18.0,26.58
2917200000,"- Acides polycarboxyliques cyclaniques, cycléniques ou cycloterpéniques, leurs anhydrides, halogénures, peroxydes, ... et leurs dérivés",5.0,18.0,26.58
2917320000,-- Orthophtalates de dioctyle,5.0,18.0,26.58
2917330000,-- Orthophtalates de dinonyle ou de didécyle,5.0,18.0,26.58
2917340000,-- Autres esters de l'acide orthophtalique,5.0,18.0,26.58
2917350000,-- Anhydride phtalique,5.0,18.0,26.58
2917360000,-- Acide téréphtalique et ses sels,5.0,18.0,26.58
2917370000,-- Téréphtalate de diméthyle,5.0,18.0,26.58
0304710000,"-- Filets de morues (Gadus morhua, Gadus ogac, Gadus macrocephalus) congelés",20.0,18.0,22.5
0304720000,-- Filets de eglefins (Melanogrammus aeglefinus) congelés,20.0,18.0,22.5
0304730000,-- Filets de lieus noirs (Pollachius virens) congelés,20.0,18.0,22.5
0304740000,"-- Filets de merlus (Merluccius spp., Urophycis spp.) congelés",20.0,18.0,22.5
0304750000,-- Filets de lieus d?'Alaska (Theragra chalcogramma) congelés,20.0,18.0,22.5
0304790000,-- Autres filets de poissons des familles Bregmacerotidae ... Muraenolepididae congelés,20.0,18.0,22.5
0304810000,"--  Filets de saumons du Pacifique (Oncorhy...), saumons de l'Atlantique (Salmo salar) et saumons du Danube (Hucho ...), congelés",20.0,18.0,22.5
0304820000,"-- Filets de truites (Salmo trutta, Oncorhynchus mykiss ... chrysogaster) , congelés",20.0,18.0,22.5
0304830000,"-- Filets de poissons plats (Pleuronectidés, Bothidés, Cynoglossidés, Soléidés, Scophthalmidés et Citharidés) , congelés",20.0,18.0,22.5
0304840000,"-- Filets d'espadons (Xiphias gladius) , congelés",20.0,18.0,22.5
0304850000,-- Filets de légines (Dissostichus spp.) congelés,20.0,18.0,22.5
0304860000,"-- Filets de Harengs (Clupea harengus, Clupea pallasii) congelés",20.0,18.0,22.5
0304870000,"-- Filets de thons (du genre Thunnus), listaos ou bonites à ventre rayé (Euthynnus (Katsuwonus) pelamis) congelés",20.0,18.0,22.5
0304880000,"-- Filets de squales, raies (Rajidae), congélés",20.0,18.0,22.5
0304890000,"-- Autres filets d'autres poissons congelés,  non dénommés ailleurs",20.0,18.0,22.5
0304910000,-- Autre chair d'espadons (Xiphias gladius) congelée,20.0,18.0,22.5
0304920000,-- Autre chair de légines (Dissostichus spp.) congelée,20.0,18.0,22.5
0304930000,"-- Autre chair de tilapias..., siluridés.., carpes..., anguilles..., perches du Nil... et poissons tête de serpent..., congelée",20.0,18.0,22.5
0304940000,-- Autre chair de lieus d'?Alaska (Theragra chalcogramma) congelée,20.0,18.0,22.5
0304950000,-- Autre chair de poissons des familles Bregmacerotidae... autres que les lieus d?'Alaska (...) congelée,20.0,18.0,22.5
0304960000,"--  Chair de squales (même hachée), autre que filets, congélées",20.0,18.0,22.5
0304970000,"--  Chair de raies (Rajidae), même hachée, autre que filets congélées",20.0,18.0,22.5
0304990000,"-- Autres chairs de poissons congelées, non dénommées ailleurs",20.0,18.0,22.5
1108121000,--- Amidon de maïs du type destiné exclusivement à l'industrie pharmaceutique,10.0,18.0,32.48
1108131000,--- Fécule de pommes de terre du type destiné exclusivement à l'industrie pharmaceutique,10.0,18.0,32.48
1108141000,--- Fécule de manioc (cassave) du type destiné exclusivement à l'industrie pharmaceutique,10.0,18.0,32.48
1108191000,"--- Autres amidons et fécules des types destinés exclusivement à l'industrie pharmaceutique, du n° 11.08",10.0,18.0,32.48
1201100000,"- Fèves de soja, même concassées, de semence",5.0,18.0,12.5
1201900000,"- Fèves de soja, même concassées, autres que de semence",10.0,18.0,12.5
1202300000,"- Arachides non grillées ni autrement cuites, même décortiquées ou concassées, de semence",5.0,18.0,7.5
1202411000,"--- Arachides non grillées ni autrement cuites, en coques, destinées à la production d'huile",5.0,18.0,7.5
1202419000,"--- Arachides non grillées ni autrement cuites, en coques, autres que destinées à la production d'huile",10.0,18.0,7.5
1202421000,"--- Arachides non grillées ni autrement cuites, décortiquées, même concassées, destinées à la production d'huile",5.0,18.0,7.5
1202429000,"--- Arachides non grillées ni autrement cuites, décortiquées, même concassées, autres que destinées à la production d'huile",10.0,18.0,7.5
1203000000,Coprah.,5.0,18.0,7.5
1204000000,"Graines de lin, même concassées.",5.0,18.0,7.5
1205100000,"- Graines de navette ou de colza, même concassées, à faible teneur en acide érucique",5.0,18.0,7.5
1205900000,"- Graines de navette ou de colza, même concassées, autres qu'à faible teneur en acide érucique",5.0,18.0,7.5
1206000000,"Graines de tournesol, même concassées.",5.0,18.0,7.5
1207100000,"- Noix et amandes de palmiste, même concassées",5.0,18.0,7.5
1207210000,--  Graines de coton de semence,5.0,18.0,7.5
1207290000,"-- Graines de coton autres que de semence, même concassées",5.0,18.0,7.5
1207300000,"- Graines de ricin, même concassées",5.0,18.0,7.5
1207400000,"- Graines de sésame, même concassées",5.0,18.0,7.5
1207500000,"- Graines de moutarde, même concassées",5.0,18.0,7.5
1207600000,"- Graines de carthame (Carthamus tinctorius), même concassées",5.0,18.0,7.5
1207700000,"- Graines de melon, même concassées",5.0,18.0,7.5
1207910000,"-- Graines d'?oeillette ou de pavot, même concassées",5.0,18.0,7.5
1207991000,"--- Graines de karité, même concassées",5.0,18.0,7.5
2508400000,"- Autres argiles (à l'exclusion des argiles expansées du n° 68.06), autres que bentonite et argiles refractaires, même calcinées",5.0,18.0,7.5
2508500000,"- Andalousite, cyanite et sillimanite, même calcinées",5.0,18.0,26.58
2508600000,- Mullite,5.0,18.0,26.58
2508700000,- Terres de chamotte ou de dinas,5.0,18.0,26.58
2509000000,Craie.,5.0,18.0,26.58
2510100000,"- Phosphates de calcium naturels, phosphates alumino-calciques naturels et craies phosphatées, non moulus",5.0,18.0,26.58
2510200000,"- Phosphates de calcium naturels, phosphates alumino-calciques naturels et craies phosphatées, moulus",5.0,18.0,26.58
2511100000,- Sulfate de baryum naturel (barytine),5.0,18.0,26.58
2511200000,"- Carbonate de baryum naturel (withérite), même calciné, à l'exclusion de l'oxyde de baryum du n° 28.16",5.0,18.0,26.58
2512000000,"Farines siliceuses fossiles (kieselguhr,..) et autres terres siliceuses analogues, d'une densité apparente n'excédant pas 1, même calcinées.",5.0,18.0,26.58
2513100000,- Pierre ponce,5.0,18.0,26.58
2513200000,"- Emeri, corindon naturel, grenat naturel et autres abrasifs naturels, même traités thermiquement",5.0,18.0,26.58
2514000000,"Ardoise, même dégrossie ou simplement débitée, par sciage ou autrement, en blocs ou en plaques de forme carrée ou rectangulaire.",5.0,18.0,26.58
2515110000,"-- Marbres et travertins, bruts ou dégrossis",5.0,18.0,26.58
2515120000,"-- Marbres et travertins, simplement débités, par sciage ou autrement, en blocs ou en plaques de forme carrée ou rectangulaire",5.0,18.0,26.58
2515200000,"- Ecaussines et autres pierres calcaires de taille ou de construction d'une densité apparente égale ou supérieure à 2,5; albâtre",5.0,18.0,26.58
2516110000,-- Granit brut ou dégrossi,5.0,18.0,26.58
2516120000,"-- Granit simplement débité, par sciage ou autrement, en blocs ou en plaques de forme carrée ou rectangulaire",5.0,18.0,26.58
2516200000,"- Grès même dégrossi ou simplement débité, par sciage ou autrement, en blocs ou en plaques de forme carrée ou rectangulaire",5.0,18.0,26.58
2516900000,"- Autres pierres de taille ou de construction, du n° 25.16",5.0,18.0,26.58
2517100000,"- Cailloux, graviers, pierres concassées, ... pour le bétonnage ou l'empierrement des routes, des voies ferrées ou…, traités thermiquement",5.0,18.0,26.58
2517200000,"- Macadam de laitier, de scories ou de déchets industriels similaires, même comprenant des matières citées dans le n° 2517.10",5.0,18.0,26.58
2517300000,- Tarmacadam,5.0,18.0,26.58
2517410000,"-- Granules, éclats et poudres de marbre, même traités thermiquement",5.0,18.0,26.58
2517490000,"-- Granules, éclats et poudres de pierres des n°s 25.15 (autres que de marbre) ou 25.16, même traités thermiquement",5.0,18.0,26.58
2518100000,"- Dolomie non calcinée ni frittée, dite «crue»,y cpris la dégrossie ou simplement débitée en blocs ou plaq. de forme carrée ou rectangulaire",5.0,18.0,7.5
2518200000,"- Dolomie calcinée ou frittée, y compris la dégrossie ou simplement débitée en blocs ou en plaques de forme carrée ou rectangulaire",5.0,18.0,26.58
2518300000,- Pisé de dolomie,5.0,18.0,26.58
2917390000,"-- Autres acides polycarboxyliques aromatiques; autres anhydrides, halogénures, peroxydes, peroxyacides et dérivés, du n°29.17",5.0,18.0,26.58
2918110000,"-- Acide lactique, ses sels et ses esters",5.0,18.0,26.58
2918120000,-- Acide tartrique,5.0,18.0,26.58
2918130000,-- Sels et esters de l'acide tartrique,5.0,18.0,26.58
2918140000,-- Acide citrique,5.0,18.0,26.58
2918150000,-- Sels et esters de l'acide citrique,5.0,18.0,26.58
2918160000,"-- Acide gluconique, ses sels et ses esters",5.0,18.0,26.58
2918170000,"-- Acide 2,2-diphényl-2-hydroxyacétique (acide benzilique)",5.0,18.0,26.58
2918180000,-- Chlorobenzilate (ISO),5.0,18.0,26.58
2918190000,"-- Autres acides carboxyliques à fonction alcool, sans aut. fonction oxygénée; autres anhydrides, halogénures,...et dérivés, du n° 29.18",5.0,18.0,26.58
2918210000,-- Acide salicylique et ses sels,5.0,18.0,26.58
2918230000,-- Autres esters de l'acide salicylique et leurs sels,5.0,18.0,26.58
2918290000,"-- Autres acides carboxyliques à fonction phénol, sans aut. fonction oxygénée; autres anhydrides, halogénures,...et dérivés, du n° 29.18",5.0,18.0,26.58
2918300000,"- Acides carboxyliques à fonction aldéhyde ou cétone, sans aut. fonction oxygénée, leurs anhydrides, halogénures, peroxydes,...leurs dérivés",5.0,18.0,26.58
2918910000,"-- 2,4,5-T (ISO) (acide 2,4,5-trichlorophénoxyacétique), ses sels et ses esters",5.0,18.0,26.58
2918990000,"-- Autres acides carboxyliques contenant des fonctions oxygénées supplémentaires; autres anhydrides,…et dérivés halogénés,..du n° 29.18",5.0,18.0,26.58
2919100000,"- Phosphate de tris(2,3-dibromopropyle) et ses sels",5.0,18.0,26.58
2919900000,"- Autres esters phosphoriques et leurs sels, y cpris les lactophosphates; dérivés halogénés, sulfonés, nitrés ou nitrosés, du n°29.19",5.0,18.0,26.58
2920110000,-- Parathion (ISO) et parathion-méthyle (ISO) (méthyle parathion),5.0,18.0,26.58
2920190000,"-- Autres esters thiophosphoriques (phosphorothioates); sels, dérivés halogénés, sulfonés, nitrés ou nitrosés, du n°29.20",5.0,18.0,26.58
2920210000,-- Phosphite de diméthyle,5.0,18.0,26.58
2920220000,-- Phosphite de diéthyle,5.0,18.0,26.58
2920230000,-- Phosphite de triméthyle,5.0,18.0,26.58
2920240000,-- Phosphite de triéthyle,5.0,18.0,26.58
2920290000,"-- Autres esters de phosphites et leurs sels, dérivés, halogénés, sulfonés, nitrés ou nitrosés du N°29.20",5.0,18.0,26.58
2920300000,- Endosulfan (ISO),5.0,18.0,26.58
2920900000,"- Autres esters des autres acides inorganiques des non-métaux (...) et leurs sels; leurs dérivés halogénés, sulfonés, nitrés..., du n°29.20",5.0,18.0,26.58
2921110000,"-- Mono-, di- ou triméthylamine et leurs sels",5.0,18.0,26.58
0305520000,"--  Tilapia..,siluridé..,carpe…,anguille...et poissons tête de serpent...  séchés, autr que les abats comestibles, même salés mais non fumés",20.0,18.0,44.28
0305530000,"-- Poissons des familles Bregmacerotidae,... autres que morues (...), séchés, autres que les abats comestibles, même salés mais non fumés",20.0,18.0,44.28
0305540000,"-- Harengs...sardines…sardinelles…maquereaux...chinchards, voiliers…, séchés, autres que les abats comestibles, même salés mais non fumés",20.0,18.0,44.28
1207999000,"--- Autres graines et fruits oléagineux, même concassés, du n° 12.07",5.0,18.0,7.5
1209100000,- Graines de betteraves à sucre à ensemencer,5.0,18.0,7.5
1209210000,-- Graines fourragères de luzerne à ensemencer,5.0,18.0,7.5
1209220000,-- Graines fourragères de trèfle (Trifolium spp.) à ensemencer,5.0,18.0,7.5
1209230000,-- Graines fourragères de fétuque à ensemencer,5.0,18.0,7.5
1209240000,-- Graines fourragères du pâturin des prés du Kentucky (Poa pratensis L.) à ensemencer,5.0,18.0,7.5
1209250000,"-- Graines fourragères de ray grass (Lolium multiflorum Lam., Lolium perenne L.) à ensemencer",5.0,18.0,7.5
1209290000,-- Autres graines fourragères à ensemencer du n°12.09,5.0,18.0,7.5
1209300000,- Graines de plantes herbacées utilisées principalement pour leurs fleurs à ensemencer,5.0,18.0,7.5
1209910000,-- Graines de légumes à ensemencer,5.0,18.0,7.5
1209990000,"-- Autres graines, fruits et spores à ensemencer, du n° 12.09",5.0,18.0,7.5
1210100000,"- Cônes de houblon, frais ou secs, non broyés ni moulus ni sous forme de pellets",5.0,18.0,26.58
1210200000,"- Cônes de houblon, frais ou secs, broyés, moulus ou sous forme de pellets; lupuline",5.0,18.0,26.58
1211200000,"- Racines de ginseng fraîches, réfrigérés, congelées ou séchées même coupées, concassées ou pulvérisées",5.0,18.0,26.58
1211300000,"- Coca (feuille de) frais, réfrigéré, congelé ou séché, même coupé, concassé ou pulvérisé",5.0,18.0,26.58
1211400000,"- Paille de pavot fraîche, réfrigérée, congelée ou séchée, même coupée, concassée ou pulvérisée",5.0,18.0,26.58
1211500000,"- Ephédra frais, réfrigéré, congelé ou séché, même coupé, concassé ou pulvérisé",5.0,18.0,26.58
1211901000,"-- Pyrèthre frais, réfrigéré, congelé ou séché, même coupé, concassé ou pulvérisé",5.0,18.0,26.58
1211902000,"-- Ecorces et bois médicinaux, frais, réfrigérés, congelés ou séchés, même coupés, concassés ou pulvérisés.",5.0,18.0,26.58
1211909000,"-- Plantes, parties de plantes, graines.. en parfumerie, médecine ou..., frais, réfrigérés, congelés ou séchés, même coupés,…, du n°12.11",5.0,18.0,26.58
1212290000,"-- Algues fraîches, réfrigérées, congelées ou séchées, même pulvérisées, autres que destinées à l'?alimentation humaine",5.0,18.0,26.58
1212910000,"-- Betteraves à sucre fraîches, réfrigérées, congelées ou séchées, même pulvérisées",5.0,18.0,7.5
2519100000,- Carbonate de magnésium naturel (magnésite),5.0,18.0,26.58
2519900000,"- Magnésie électrofondue ou calcinée à mort (frittée), ...faibles quantités d'aut. oxydes ajoutés avant le frittage; aut. oxyde de magnésium",5.0,18.0,26.58
2520100000,- Gypse; anhydrite,5.0,18.0,7.5
2520200000,"- Plâtres, même colorés ou additionnés de faibles quantités d'accélérateurs ou de retardateurs",10.0,18.0,44.28
2521000000,Castines; pierres à chaux ou à ciment.,5.0,18.0,26.58
2522100000,"- Chaux vive, à l'exclusion de l'oxyde et de l'hydroxyde de calcium du n° 28.25",10.0,18.0,44.28
2522200000,"- Chaux éteinte, à l'exclusion de l'oxyde et de l'hydroxyde de calcium du n° 28.25",20.0,18.0,44.28
2522300000,"- Chaux hydraulique, à l'exclusion de l'oxyde et de l'hydroxyde de calcium du n° 28.25",20.0,18.0,44.28
2523100000,- Ciments non pulvérisés dits «clinkers»,10.0,18.0,32.48
2523210000,"-- Ciments blancs, même colorés artificiellement",20.0,18.0,44.28
2523290000,-- Ciments Portland autres que ciments blancs,20.0,18.0,44.28
2523300000,- Ciments alumineux,20.0,18.0,44.28
2523900000,"- Autres ciments hydrauliques même colorés, du n° 25.23",20.0,18.0,44.28
2524100000,- Crocidolite,10.0,18.0,26.58
2524900000,"- Amiante (asbeste), à l'exclusion de la crocidolite",5.0,18.0,26.58
2525100000,- Mica brut ou clivé en feuilles ou lamelles irrégulières («splittings»),5.0,18.0,26.58
2525200000,- Mica en poudre,5.0,18.0,26.58
2525300000,- Déchets de mica,5.0,18.0,26.58
2526100000,"- Stéatite naturelle, même dégrossie ou débitée, en blocs ou plaques de forme carrée ou rectangulaire et  talc, non broyés ni pulvérisés",5.0,18.0,26.58
2526200000,"- Stéatite naturelle, même dégrossie ou débitée, en blocs ou plaques de forme carrée ou rectangulaire et talc, broyés ou pulvérisés",5.0,18.0,26.58
2528000000,"Borates naturels et leurs concentrés(...), sauf ceux extraits des saumures naturelles; acide boriq. naturel titrant au plus 85 % de H3BO3 …",5.0,18.0,7.5
2529100000,- Feldspath,5.0,18.0,26.58
2529210000,-- Spath fluor contenant en poids 97 % ou moins de fluorure de calcium,5.0,18.0,26.58
2529220000,-- Spath fluor contenant en poids plus de 97 % de fluorure de calcium,5.0,18.0,26.58
2529300000,- Leucite; néphéline et néphéline syénite,5.0,18.0,26.58
2530100000,"- Vermiculite, perlite et chlorites, non expansées",5.0,18.0,26.58
2530200000,"- Kiésérite, epsomite (sulfates de magnésium naturels)",5.0,18.0,7.5
2530900000,- Autres matières minérales non dénommées ni comprises ailleurs,5.0,18.0,26.58
2601111000,"--- Minerais de fer et leurs concentrés, non agglomérés, en morceaux, autres que les pyrites de fer grillées (cendres de pyrites)",5.0,18.0,26.58
2601112000,"--- Minerais de fer fin et leurs concentrés, non agglomérés, autres que les pyrites de fer grillées (cendres de pyrites)",5.0,18.0,26.58
2921120000,"-- Chlorhydrate de 2-chloroéthyl (N,N-diméthylamine)",5.0,18.0,26.58
2921130000,"-- Chlorhydrate de 2-chloroéthyl (N,N-diéthylamine)",5.0,18.0,26.58
2921140000,"-- Chlorhydrate de 2-chloroéthyl (N,N-diisopropylamine)",5.0,18.0,26.58
2921190000,"-- Autres monoamines acycliques; dérivés, et autres sels du n° 29.21",5.0,18.0,26.58
2921210000,-- Ethylènediamine et ses sels,5.0,18.0,26.58
2921220000,-- Hexaméthylènediamine et ses sels,5.0,18.0,26.58
2921290000,-- Autres polyamines acycliques et leurs sels; dérivés du n° 29.21,5.0,18.0,26.58
2921300000,"- Monoamines et polyamines cyclaniques, cycléniques ou cycloterpéniques, et leurs dérivés; sels de ces produits",5.0,18.0,26.58
2921410000,-- Aniline et ses sels,5.0,18.0,26.58
2921420000,-- Dérivés de l'aniline et leurs sels,5.0,18.0,26.58
2921430000,-- Toluidines et leurs dérivés; sels de ces produits,5.0,18.0,26.58
2921440000,-- Diphénylamine et ses dérivés; sels de ces produits,5.0,18.0,26.58
2921450000,"-- 1-Naphtylamine (alpha-naphtylamine), 2-naphtylamine (bêta-naphtylamine) et leurs dérivés; sels de ces produits",5.0,18.0,26.58
2921460000,"-- Amfétamine, benzfétamine, dexamfétamine, étilamfétamine, fencamfamine, léfétamine, lévamfétamine, méfénorex et phentermine, (DCI); sels",5.0,18.0,26.58
2921490000,-- Autres monoamines aromatiques et leurs dérivés du n° 29.21; sels de ces produits,5.0,18.0,26.58
2921510000,"-- o-, m-, p-Phénylènediamine, diaminotoluènes, et leurs dérivés; sels de ces produits",5.0,18.0,26.58
2921590000,-- Autres polyamines aromatiques et leurs dérivés du n° 29.21; sels de ces produits,5.0,18.0,26.58
2922110000,-- Monoéthanolamine et ses sels,5.0,18.0,25.08
2922120000,-- Diéthanolamine et ses sels,5.0,18.0,26.58
2922140000,-- Dextropropoxyphène (DCI) et ses sels,5.0,18.0,26.58
2922150000,-- Triéthanolamine,5.0,18.0,26.58
2922160000,-- Sulfonate de perfluorooctane de diéthanolammonium,5.0,18.0,26.58
2922170000,-- Méthyldiéthanolamine et éthyldiéthanolamine,5.0,18.0,26.58
2922180000,"-- 2-(N,N-Diisopropylamino) éthanol",5.0,18.0,26.58
2922190000,"-- Autres amino-alcools du n° 29.22; éthers, esters et autres sels, du n° 29.22",5.0,18.0,26.58
2922210000,-- Acides aminonaphtolsulfoniques et leurs sels,5.0,18.0,26.58
2922290000,"-- Autres amino-naphtols et amino-phénols du n° 29.22; éthers, esters et autres sels, du n°29.22",5.0,18.0,26.58
2922310000,"-- Amfépramone (DCI), méthadone (DCI) et norméthadone (DCI); sels de ces produits",5.0,18.0,26.58
0306391000,"---. Farines, poudres et agglomérés sous forme de pellets de crustacés, propres à l'alimentation humaine",10.0,18.0,32.48
0306399000,"--- Autres crustacés vivants, frais ou réfrigérés du N°03.06",20.0,18.0,44.28
0307120000,--  Huîtres congelées,20.0,18.0,44.28
0307220000,"-- Coquilles St Jacques ou ..., pétoncles ou ..., autres coquillages des genres Pecten, Chlamys ou Placopecten congélés",20.0,18.0,44.28
0307320000,"-- Moules (Mytilus spp., Perna spp.) congelées",20.0,18.0,44.28
0307430000,"-- Seiches et sépioles, calmars et encornets, congelés",20.0,18.0,44.28
1213001000,"- Balles de maïs brutes, même hachées, moulues, pressées ou agglomérées sous forme de pellets",5.0,18.0,7.5
1213009000,"- Pailles et balles de céréales brutes, même hachées, moulues, pressées ou agglomérées sous forme de pellets autres que balles de maïs",5.0,18.0,7.5
1214100000,- Farine et agglomérés sous forme de pellets de luzerne,5.0,18.0,12.5
1214900000,"- Rutabagas, betteraves et racines fourragères,..fourragers similaires, même agglomérés sous forme de pellets autres que farine.. de luzerne",5.0,18.0,12.5
1301200000,- Gomme arabique naturelle,5.0,18.0,26.58
1301900000,"- Gomme laque; gommes autres que la gomme arabique, résines, gommes-résines et oléorésines (baumes, par exemple), naturelles",5.0,18.0,26.58
1302110000,-- Opium,5.0,18.0,26.58
1302120000,-- Sucs et extraits de réglisse,5.0,18.0,26.58
1302130000,-- Sucs et extraits de houblon,5.0,18.0,26.58
1302140000,-- Sucs et extraits d'éphédra,5.0,18.0,26.58
1302190000,"-- Sucs et extraits végétaux autres qu'opium, de reglisse, de houblon ou d'éphédra",5.0,18.0,26.58
1302200000,"- Matières pectiques, pectinates et pectates",5.0,18.0,26.58
1302310000,-- Agar-agar,5.0,18.0,26.58
1302320000,"-- Mucilages et épaississants de caroubes, de graines de caroubes ou de graines de guarée, même modifiés",5.0,18.0,26.58
1302390000,"-- Autres mucilages et épaississants dérivés des végétaux, même modifiés, du n° 13.02",5.0,18.0,26.58
1401100000,- Bambous,5.0,18.0,26.58
1401200000,- Rotins,5.0,18.0,26.58
1401900000,- Matières végétales des espèces principalement utilisées en vannerie ou en sparterie (...) autres que bambous et rotins,5.0,18.0,26.58
1404200000,- Linters de coton,5.0,18.0,26.58
1404901000,"-- Grains durs, pépins, coques et noix à tailler, de végétaux",5.0,18.0,26.58
1404909000,"-- Autres produits végétaux à l'exclusion de linters de coton, grains durs, pépins, coques et noix à tailler, NDCA",5.0,18.0,26.58
1501100000,- Saindoux autres que ceux du n° 02.09 ou du n° 15.03,10.0,18.0,32.48
1501200000,"- Graisses de porc (à l'exclusion du saindoux), autres que celles du n° 02.09 ou du n° 15.03",10.0,18.0,32.48
1501900000,"- Graisses de volailles, autres que celles du n° 02.09 ou du n° 15.03.",10.0,18.0,32.48
1502100000,- Suif autres que ceux du n°15.03,10.0,18.0,26.58
1502900000,"- Graisses des animaux des espèces bovine, ovine ou caprine, (à l'exclusion du suif), autres que celles du n° 15.03",10.0,18.0,32.48
1503000000,"Stéarine solaire, huile de saindoux, oléo-stéarine, oléo-margarine et huile de suif, non émulsionnées, ni mélangées ni autrement préparées.",5.0,18.0,26.58
1504100000,"- Huiles de foies de poissons et leurs fractions, même raffinées, mais non chimiquement modifiées",10.0,18.0,32.48
1504200000,"- Graisses et huiles de poissons et leurs fractions, autres que les huiles de foies, même raffinées, mais non chimiquement modifiées",10.0,18.0,32.48
2601113000,"--- Minerais de fer et leurs concentrés, non agglomérés, enrichis, autres que les pyrites de fer grillées (cendres de pyrites)",5.0,18.0,26.58
2601119000,"--- Autres minerais de fer et leurs concentrés, non agglomérés, autres que les pyrites de fer grillées (cendres de pyrites), du n° 26.01",5.0,18.0,26.58
2601120000,"-- Minerais de fer et leurs concentrés, agglomérés, autres que les pyrites de fer grillées (cendres de pyrites)",5.0,18.0,26.58
2601200000,- Pyrites de fer grillées (cendres de pyrites),5.0,18.0,26.58
2602000000,"Minerais de manganèse et leurs concentrés, y compris les ferrugineux et leurs concentrés, teneur en manganèse de 20% ou plus en poids...sec",5.0,18.0,26.58
2603000000,Minerais de cuivre et leurs concentrés.,5.0,18.0,26.58
2604000000,Minerais de nickel et leurs concentrés.,5.0,18.0,26.58
2605000000,Minerais de cobalt et leurs concentrés.,5.0,18.0,26.58
2606000000,Minerais d'aluminium et leurs concentrés.,5.0,18.0,26.58
2607000000,Minerais de plomb et leurs concentrés.,5.0,18.0,26.58
2608000000,Minerais de zinc et leurs concentrés.,5.0,18.0,26.58
2609000000,Minerais d'étain et leurs concentrés.,5.0,18.0,26.58
2610000000,Minerais de chrome et leurs concentrés.,5.0,18.0,26.58
2611000000,Minerais de tungstène et leurs concentrés.,5.0,18.0,26.58
2612100000,- Minerais d'uranium et leurs concentrés,5.0,18.0,26.58
2612200000,- Minerais de thorium et leurs concentrés,5.0,18.0,26.58
2613100000,"- Minerais de molybdène et leurs concentrés, grillés",5.0,18.0,26.58
2613900000,"- Minerais de molybdène et leurs concentrés, autres que grillés",5.0,18.0,26.58
2614000000,Minerais de titane et leurs concentrés.,5.0,18.0,26.58
2615100000,- Minerais de zirconium et leurs concentrés,5.0,18.0,26.58
2615900000,"- Minerais de niobium, de tantale ou de vanadium, et leurs concentrés",5.0,18.0,26.58
2616100000,- Minerais d'argent et leurs concentrés,5.0,18.0,26.58
2616901000,-- Minerais d'or et leurs concentrés,5.0,18.0,26.58
2616909000,-- Minerais de métaux précieux (autres qu'argent ou or) et leurs concentrés,5.0,18.0,26.58
2617100000,- Minerais d'antimoine et leurs concentrés,5.0,18.0,26.58
2617900000,"- Autres minerais et leurs concentrés, du n° 26.17",5.0,18.0,26.58
2619000000,"Scories, laitiers (autres que le laitier granulé), battitures et autres déchets de la fabrication de la fonte, du fer ou de l'acier.",5.0,18.0,7.5
2620110000,"-- Mattes de galvanisation contenant principalement du zinc (autres que ceux provenant de la fabrication de la fonte, du fer ou de l'acier)",5.0,18.0,26.58
2620190000,"-- Scories, cendres et résidus (autres que ceux ... l'acier) contenant principalement du zinc, à l'exclusion des mattes de galvanisation",5.0,18.0,26.58
2922390000,"-- Autres amino-aldéhydes, amino-cétones et amino-quinones, autres que ceux à fonctions oxygénées différentes, du n° 29.22; leurs sels",5.0,18.0,26.58
2922410000,-- Lysine et ses esters; sels de ces produits,5.0,18.0,26.58
2922421000,--- Monosodium de glutamate chimiquement raffiné en poudre ou en granules conditionné pour la vente au detail (par exemple A-One),10.0,18.0,26.58
2922429000,--- Autre acide glutamique et ses sels du n° 29.22,5.0,18.0,26.58
2922430000,-- Acide anthranilique et ses sels,5.0,18.0,26.58
2922440000,-- Tilidine (DCI) et ses sels,5.0,18.0,26.58
2922490000,"-- Autres amino-acides, autres que ceux contenant plus d'une sorte de fonction oxygénée, et leurs esters, du n°29.22; leurs sels",5.0,18.0,26.58
2922500000,"- Amino-alcools-phénols, amino-acides-phénols et autres composés aminés à fonctions oxygénées",5.0,18.0,26.58
2923100000,- Choline et ses sels,5.0,18.0,26.58
2923200000,"- Lécithines et autres phosphoaminolipides, de constitution chimique définie ou non",5.0,18.0,26.58
2923300000,- Sulfonate de perfluorooctane de tétraéthylammonium,5.0,18.0,26.58
2923400000,- Sulfonate de perfluorooctane de didécyldiméthylammonium,5.0,18.0,26.58
2923900000,"- Autres sels et hydroxydes d'ammonium quaternaires, du n° 29.23",5.0,18.0,26.58
2924110000,-- Méprobamate (DCI),5.0,18.0,7.5
2924190000,"-- Autres amides (y compris les carbamates) acycliques; dérivés et sels, du n° 29.24",5.0,18.0,7.5
2924210000,-- Uréines et leurs dérivés; sels de ces produits,5.0,18.0,7.5
2924230000,-- Acide 2-acétamidobenzoïque (acide N-acétylanthranilique) et ses sels,5.0,18.0,7.5
2924240000,-- Ethinamate (DCI),5.0,18.0,7.5
2924250000,-- Alachlor (ISO),5.0,18.0,7.5
2924290000,"-- Autres amides (y compris les carbamates) cycliques; autres dérivés et autres sels, du n° 29.24",5.0,18.0,7.5
2925110000,-- Saccharine et ses sels,5.0,18.0,26.58
2925120000,-- Glutéthimide (DCI),5.0,18.0,26.58
2925190000,"-- Autres imides; dérivés des imides et autres sels, du n° 29.25",5.0,18.0,26.58
2925210000,-- Chlordiméforme (ISO),5.0,18.0,26.58
2925290000,-- Autres imines et dérivés des imines; sels de ces produits,5.0,18.0,26.58
2926100000,- Acrylonitrile,5.0,18.0,26.58
2926200000,- 1-Cyanoguanidine (dicyandiamide),5.0,18.0,26.58
2926300000,"- Fenproporex (DCI) et ses sels; méthadone (DCI) intermédiaire (4-cyano-2-diméthylamino-4,4-diphénylbutane)",5.0,18.0,26.58
2926400000,- alpha-Phenylacétoacétonitrile,5.0,18.0,26.58
2926900000,"- Autres composés à fonction nitrile, du n° 29.26",5.0,18.0,26.58
2927000000,"Composés diazoïques, azoïques ou azoxyques.",5.0,18.0,26.58
0307520000,-- Poulpes ou pieuvres (Octopus spp.) congelés,20.0,18.0,44.28
0307720000,"-- Clams, coques et arches (familles Arcidae...Veneridae),  congelés",20.0,18.0,44.28
0307820000,"--  Strombes (Strombus spp.) vivants, frais ou réfrigérés",20.0,18.0,44.28
0307840000,--  Strombes (Strombus spp.) congelés,20.0,18.0,44.28
0307880000,"-- Strombes (Strombus spp.), autres que vivants, frais, réfrigérés ou congelés",20.0,18.0,44.28
0307920000,"-- Autres mollusques du N°0307, y cpris les farines, poudres et agglomérés sous forme de pellets, propres à l'alimentation humaine, congelés",20.0,18.0,44.28
0308120000,"-- Bêches-de-mer (Stichopus japonicus, Holothurioidea) congelées",20.0,18.0,44.28
0308220000,"-- Oursins (Strongylocentrotus spp., Paracentrotus lividus, Loxechinus albus, Echichinus esculentus)  congelés",20.0,18.0,44.28
0401100000,"- Lait et crème de lait, non concentrés ni additionnés de sucre ou d'autres édulcorants d'?une teneur en poids de mat.gras. n'?excéd. pas 1%",20.0,9.0,33.39
0401200000,"- Lait et crème de lait, non ccentrés ni add. de sucre ou d'aut. édulcorants d'?une ten. en poids mat. gras. excéd. 1% mais n?'excéd. pas 6%",20.0,9.0,33.39
1504300000,"- Graisses et huiles de mammifères marins et leurs fractions, même raffinées, mais non chimiquement modifiées",10.0,18.0,32.48
1505000000,"Graisse de suint et substances grasses dérivées, y compris la lanoline",5.0,18.0,26.58
1506000000,"Autres graisses et huiles animales et leurs fractions, même raffinées, mais non chimiquement modifiées",10.0,18.0,32.48
1507100000,"- Huile brute de soja et ses fractions, même dégommée, mais non chimiquement modifiées",10.0,18.0,44.28
1507900000,"- Huile de soja et ses fractions, même raffinées, mais non chimiquement modifiées (à l'exclusion de l'huile brute, même dégommée)",20.0,18.0,61.98
1508100000,- Huile brute d'arachide,10.0,18.0,32.48
1508901000,"-- Huile d'arachide et ses fractions (sauf huile brute), même raffinées, non chimiquement modifiées, CVD emballage immédiat de 5 l ou moins",35.0,18.0,50.18
1508909000,"-- Huile d'arachide et ses fractions (sauf huile brute), même raffinées, non chimiquement modifiées, autres que du n° 1508.90.10.00",35.0,18.0,50.18
1509101000,"-- Huile d'olive et ses fractions, vierges, CVD en emballages immédiats d'un contenu net inférieur ou égal à 5 litres",10.0,18.0,32.48
1509109000,"--  Huile d'olive et ses fractions, vierges, autres que celles conditionnées pour la vente au détail en emballages de 5 litres ou moins",10.0,18.0,32.48
1509901000,"-- Huile d'olive et ses fractions, aut. que vierges, même raffinées, mais non chimiquement modifiées, CVD en emballages de 5 litres ou moins",20.0,18.0,50.18
1509909000,"-- Huile d'olive et ses fractions, autres que vierges, même raffinées, mais non ... modifiées, sauf les CVD en emballages de 5 l ou moins",20.0,18.0,50.18
1510001000,"-- Autres huiles d'olives et leurs fractions, et leurs mélanges avec celles du N° 15.09, CVD en emballages immédiats de 5 litres ou moins",20.0,18.0,32.48
1510009000,"-- Autres huiles d'olives et leurs fractions, mélanges avec celles du n°15.09, autres que CVD en emballages immédiats de 5 litres ou moins",20.0,18.0,32.48
1511100000,- Huile brute de palme,5.0,18.0,32.48
1511901000,"-- Fractions d'huiles de palme non alimentaires, même désodorisées ou blanchies, mais non chimiquement modifiées",10.0,18.0,61.98
1511909100,"--- Huile de palme raffinée, fractions d'huile de palme même raffinées, mais non … modifiées, CVD en emballages immédiats de 5 l ou moins",35.0,18.0,61.98
1511909900,"--- Autres huile de palme raffinée, fractions d'huile de palme même raffinées, mais non chimiquement modifiées, du n° 15.11",35.0,18.0,61.98
1512110000,-- Huiles brutes de tournesol ou de carthame,10.0,18.0,44.28
1512190000,"-- Huiles raffinées et fractions d'huile même raffinées, de tournesol ou de carthame, mais non chimiquement modifiées",20.0,18.0,56.08
1512210000,"-- Huile brute de coton, même dépourvue de gossypol",10.0,18.0,44.28
1512290000,"-- Huiles raffinées et fractions d'huile même raffinées, de coton, mais non chimiquement modifiées",35.0,18.0,50.18
1513110000,-- Huile brute de coco (huile de coprah),10.0,18.0,32.48
1513190000,"-- Huile raffinée et fractions d'huile même raffinées, de coco (huile de coprah), mais non chimiquement modifiées",35.0,18.0,50.18
2620210000,"-- Boues d'essence au plomb et boues de composés antidétonants contenant du plomb (autres que ceux... de la fonte, du fer ou de l'acier)",5.0,18.0,26.58
2620290000,"-- Scories, cendres et résidus (autres que ceux ... l'acier) contenant principalement du plomb, à l'exclusion de ceux du n° 2620.21",5.0,18.0,26.58
2620300000,"- Scories, cendres et résidus (autres que ceux... de la fabrication de la fonte, du fer ou de l'acier) contenant principalement du cuivre",5.0,18.0,26.58
2620400000,"- Scories, cendres et résidus (aut. que ceux... de la fabrication de la fonte, du fer ou de l'acier) contenant principalement de l'aluminium",5.0,18.0,26.58
2620600000,"- Scories, cendres et résidus (autres que ceux...l'acier), contenant de l'arsenic, du mercure, du thallium ou leurs mélanges, ...chimiques",5.0,18.0,26.58
2620910000,"-- Scories, cendres et résidus (autres que ceux ... l'acier) contenant de l'antimoine, du béryllium, du cadmium, du chrome ou leurs mélanges",5.0,18.0,26.58
2620990000,"-- Autres scories, cendres et résidus (autres que ceux... l'acier), contenant des métaux, de l'arsenic ou leurs composés, du n° 26.20",5.0,18.0,26.58
2621100000,- Cendres et résidus provenant de l'incinération des déchets municipaux,5.0,18.0,26.58
2621900000,"- Autres scories et cendres, y compris les cendres de varech",5.0,18.0,26.58
2701110000,"-- Anthracite, même pulvérisé, mais non aggloméré",5.0,18.0,26.58
2701120000,"-- Houille bitumineuse, même pulvérisée, mais non agglomérée",5.0,18.0,26.58
2701190000,"-- Autres houilles, même pulvérisées, mais non agglomérées, du n° 27.01",5.0,18.0,26.58
2701200000,"- Briquettes, boulets et combustibles solides similaires obtenus à partir de la houille",5.0,18.0,26.58
2702100000,"- Lignites, même pulvérisés, mais non agglomérés, à l'exclusion du jais",5.0,18.0,26.58
2702200000,"- Lignites agglomérés, à l'exclusion du jais",5.0,18.0,26.58
2703000000,"Tourbe (y compris la tourbe pour litière), même agglomérée.",5.0,18.0,26.58
2704000000,"Cokes et semi-cokes de houille, de lignite ou de tourbe, même agglomérés; charbon de cornue.",5.0,18.0,26.58
2705000000,"Gaz de houille, gaz à l'eau, gaz pauvre et gaz similaires, à l'exclusion des gaz de pétrole et autres hydrocarbures gazeux.",5.0,18.0,26.58
2706000000,"Goudrons de houille, de lignite ou de tourbe et autres goudrons minéraux, même déshydratés ou étêtés, y compris les goudrons reconstitués.",5.0,18.0,26.58
2707100000,- Benzol (benzène),5.0,18.0,26.58
2707200000,- Toluol (toluène),5.0,18.0,26.58
2707300000,- Xylol (xylènes),5.0,18.0,26.58
2707400000,- Naphtalène,5.0,18.0,26.58
2707500000,- Autres mélanges d'hydrocarbures aromatiq. distillant 65% ou plus de leur volume (y cpris les pertes) à 250 °C d'après la méthode ASTM D 86,5.0,18.0,25.08
2707910000,-- Huiles de créosote,5.0,18.0,26.58
2707990000,"-- Autres huiles et autres produits, du n° 27.07",5.0,18.0,26.58
2708100000,- Brai de goudron de houille ou d'autres goudrons minéraux,5.0,18.0,26.58
2708200000,- Coke de brai de goudron de houille ou d'autres goudrons minéraux,5.0,18.0,26.58
2928000000,Dérivés organiques de l'hydrazine ou de l'hydroxylamine.,5.0,18.0,25.08
2929100000,- Isocyanates,5.0,18.0,26.58
2929900000,"- Composés à autres fonctions azotées, à l'exclusion des isocyanates",5.0,18.0,26.58
2930200000,- Thiocarbamates et dithiocarbamates,5.0,18.0,26.58
2930300000,"- Mono-, di- ou tétrasulfures de thiourame",5.0,18.0,26.58
2930600000,"- 2-(N,N-Diéthylamino)éthanethiol",5.0,18.0,26.58
2930700000,- Sulfure de bis(2-hydroxyéthyle) (thiodiglycol (DCI)),5.0,18.0,26.58
2930800000,"- Aldicarbe (ISO), captafol (ISO) et méthamidophos (ISO)",5.0,18.0,26.58
2930900000,- Autres thiocomposés organiques du n° 29.30,5.0,18.0,26.58
2931100000,- Plomb tétraméthyle et plomb tétraéthyle,5.0,18.0,26.58
2931200000,- Composés du tributylétain,5.0,18.0,26.58
2931310000,-- Méthylphosphonate de diméthyle,5.0,18.0,26.58
2931320000,-- Propylphosphonate de diméthyle,5.0,18.0,26.58
2931330000,-- Éthylphosphonate de diéthyle,5.0,18.0,26.58
2931340000,-- Méthylphosphonate de sodium 3-(trihydroxysilyl)propyle,5.0,18.0,26.58
2931350000,"-- 2,4,6-Trioxide de 2,4,6-tripropyl-1,3,5,2,4,6-trioxatriphosphinane",5.0,18.0,26.58
2931360000,"-- Méthylphosphonate de (5-éthyl-2-méthyl-2-oxido- 1,3,2-dioxaphosphinan-5-yl)méthyle et de méthyle",5.0,18.0,26.58
2931370000,"-- Méthylphosphonate de bis[(5-éthyl-2-méthyl-2-oxido-1,3,2-dioxaphosphinan-5-yl)méthyle]",5.0,18.0,26.58
2931380000,-- Sel d'acide méthylphosphonique et d'(aminoiminométhyl)urée (1 : 1),5.0,18.0,26.58
2931390000,-- Autres dérivés organo-phosphoriques du N°29.31,5.0,18.0,26.58
2931900000,- Autres composés organo-inorganiques du n° 29.31,5.0,18.0,26.58
2932110000,-- Tétrahydrofuranne,5.0,18.0,26.58
2932120000,-- 2-Furaldéhyde (furfural),5.0,18.0,26.58
2932130000,-- Alcool furfurylique et alcool tétrahydrofurfurylique,5.0,18.0,26.58
2932140000,-- Sucralose,5.0,18.0,26.58
2932190000,"-- Autres composés hétérocycliques à hétéroatome(s) d'oxygène exclusivement, la structure comporte un cycle furanne non condensé, du n°29.32",5.0,18.0,26.58
2932910000,-- Isosafrole,5.0,18.0,26.58
2932920000,"-- 1-(1,3-Benzodioxole-5-yl)propane-2-one",5.0,18.0,26.58
2932930000,-- Pipéronal,5.0,18.0,26.58
2932940000,-- Safrole,5.0,18.0,26.58
2932950000,-- Tétrahydrocannabinols (tous les isomères),5.0,18.0,26.58
2932990000,"-- Autres composés hétérocycliques à hétéroatome(s) d'oxygène exclusivement, du n° 29.32",5.0,18.0,26.58
2933110000,-- Phénazone (antipyrine) et ses dérivés,5.0,18.0,26.58
2933190000,"-- Autres composés hétérocycliques à hétéroatome(s) d'azote exclusivement...un cycle pyrazole non condensé, sauf phénazone et ses dérivés",5.0,18.0,26.58
0401400000,"-Lait et crème de lait, non ccentrés ni add. de sucre ou d'aut. édulcorants d'?une teneur en poids mat. gras. excéd. 6%, n'?excéd. pas 10%",20.0,9.0,33.39
0401500000,"-  Lait et crème de lait, non ccentrés ni additionnés de sucre ou d'autres édulcorants  d'?une teneur en poids de mat. gras. excédant 10 %",20.0,9.0,33.39
0402101000,"-- Lait et crème de lait, ccentrés ou...en poudre, gran.., d'une ten. en poids mat. gras. n'excéd. pas 1,5%, cond. en embal. de 25Kg ou plus",5.0,9.0,17.04
0402102100,"--- Lait ..., conc. ou add. de sucre...,en poudre..., ten. en poids mat. gr. n'excéd. pas 1,5%, en embal. moins de 25Kg... vente... en Phcie",5.0,9.0,17.04
0402102900,"---Lait ..., conc. ou add. de sucre...,en poudre..., ... mat. gr. n'excéd. pas 1,5%, en embal. moins de 25Kg autres que vente... en Phcie",10.0,9.0,17.04
0402211000,"--- Lait et crème de lait, ccentrés  sans add. de sucre...en poudre..., ten. en poids mat. gras. excéd.1,5%, cond. en embal. de 25Kg ou plus",5.0,9.0,17.04
0402212100,"----  Lait ..., ccentrés  sans add. de sucre...en poudre..., ten. en poids mat. gr. excéd.1,5%, en embal. de moins de 25Kg vente en Phcie",5.0,9.0,17.04
0402212900,"---- Lait..., ccentrés  sans add. de sucre...en poudre..., ... mat. gr. excéd.1,5%, en embal. de moins de 25Kg  autres que vente en Phcie",10.0,9.0,17.04
0402291000,"--- Lait et crème de lait, ccentrés add. de sucre...en poudre..., ten. en poids mat. gras. excéd.1,5%, cond. en embal. de 25Kg ou plus",5.0,9.0,17.04
0402292100,"---- Lait et crème de lait, ccentrés add. de sucre...en poudre..., ten. en poids mat. gr. excéd.1,5%, en embal. moins de 25Kg vente en Phcie",5.0,9.0,17.04
0402292900,"---- Lait ..., ccentrés add. de sucre...en poudre..., ten. en poids mat. gr. excéd.1,5%, en embal. moins de 25Kg  autres que vente en Phcie",10.0,9.0,17.04
0402911000,--- Lait et crème de lait concentrés sans addition de sucre ou d'autres édulcorants sous d'autres formes  en emballages de 25 Kg ou plus,10.0,9.0,33.39
0402912000,--- Lait et crème de lait concentrés sans addition de sucre ou d'autres édulcorants sous d'autres formes  en emballages de moins de 25 kg,20.0,9.0,33.39
0402990000,-- Lait et crème de lait concentrés  additionnés de sucre ou d'autres édulcorants sous d'autres formes,20.0,9.0,44.29
0403101000,"--Yoghourt nature, non additionné de fruits ou de cacao",35.0,18.0,33.39
0403102000,-- Yoghourt additionné de fruits mais non additionné de cacao,35.0,18.0,33.39
0403103000,--Yoghourt additionné de cacao mais non additionné de fruits,35.0,18.0,33.39
0403109000,-- Yoghourt non additionnés de fruit ou de cacao autres que yoghourt nature,35.0,18.0,33.39
0403901100,--- Babeurre en poudre,5.0,18.0,17.04
0403901900,---Babeurre  autre qu'en poudre,5.0,18.0,17.04
0403909100,"--- Lait et crème caillés, képhir et autres laits et crèmes fermentés ou acidifiés en poudre",10.0,18.0,33.39
0403909900,"--- Lait et crème caillés, képhir et autres laits et crèmes fermentés ou acidifiés autres qu'en poudre",35.0,18.0,33.39
0404100000,"- Lactosérum, modifié ou non, même concentré ou additionné de sucre ou d'autres édulcorants",5.0,18.0,17.04
0404900000,"- Produits consistant en composants naturels du lait, même additionnés de sucre ou d'autres édulcorants, non dénommés ni compris ailleurs.",20.0,18.0,44.28
1513210000,-- Huiles brutes de palmiste ou de babassu,10.0,18.0,32.48
1513290000,"-- Huiles raffinées et fractions d'huile même raffinées, de palmiste ou de babassu, mais non chimiquement modifiées",20.0,18.0,50.18
1514110000,-- Huiles brutes de navette ou de colza à faible teneur en acide érucique,10.0,18.0,32.48
1514190000,"-- Huiles raffinées et fractions d'huile même raffinées, de navette ou de colza à faible teneur en acide érucique, mais non ... modifiées",20.0,18.0,44.28
1514910000,-- Huiles brutes de navette et de colza (sauf à faible teneur en acide érucique) ou de moutarde,10.0,18.0,32.48
1514990000,"-- Huiles raffinées et fractions d'huile même raffinées, de navette et de colza (sauf à faible teneur en acide érucique) ou  de moutarde",20.0,18.0,44.28
1515110000,-- Huile brute de lin,10.0,18.0,32.48
1515190000,"-- Huiles raffinées et fractions d'huile même raffinées de lin, fixes, mais non chimiquement modifiées",20.0,18.0,44.28
1515210000,-- Huile brute de maïs,10.0,18.0,32.48
1515290000,"-- Huiles raffinées et fractions d'huile même raffinées de maïs, fixes, mais non chimiquement modifiées",20.0,18.0,44.28
1515300000,"- Huile de ricin et ses fractions, fixes, même raffinées, mais non chimiquement modifiées",10.0,18.0,32.48
1515500000,"- Huile de sésame et ses fractions, fixes, même raffinées, mais non chimiquement modifiées",10.0,18.0,32.48
1515901100,--- Huile brute de karité,10.0,18.0,32.48
1515901900,"--- Huiles raffinées et fractions d'huile même raffinées de karité, fixes, mais non chimiquement modifiées",20.0,18.0,44.28
1515909000,"-- Autres graisses et huiles végétales (y cpris huile de jojoba) et leurs fractions, fixes, même raffinées, mais non...modifiées, du n°15.15",10.0,18.0,32.48
1516100000,"- Graisses et huiles animales et leurs fractions, hydrogénées...réestérifiées ou élaïdinisées, même raffinées, mais non autrement préparées",20.0,18.0,44.28
1516201000,"-- Graisses végétales hydrogénées, même raffinées, mais non autrement préparées",10.0,18.0,32.48
1516209000,"-- Graisses et huiles végétales et leurs fractions, hydrogénées (sauf graisse)... élaïdinisées, même raffinées, mais non autrement préparées",10.0,18.0,32.48
1517100000,"- Margarine, à l'exclusion de la margarine liquide",20.0,18.0,44.28
1517901000,-- Autres préparations alimentaires de graisses végétales du n° 15.17,20.0,18.0,44.28
1517909000,"-- Autres mélanges ou préparations alimentaires de graisses ou d'huiles animales ou végétales...du Chapitre 15, autres ceux du n°15.16",20.0,18.0,44.28
1518000000,"Graisses et huiles animales ou végétales et leurs fractions,sauf celles du n° 15.16; mélanges ou préparations non alimentaires … NDCA",20.0,18.0,44.28
1520000000,Glycérol brut; eaux et lessives glycérineuses.,10.0,18.0,32.48
1521100000,"- Cires végétales (autres que les triglycérides), même raffinées ou colorées",5.0,18.0,26.58
1521901000,"-- Cires d'abeilles et d'autres insectes, même raffinées ou colorées",5.0,18.0,26.58
1521909000,"-- Spermaceti, même raffiné ou coloré",5.0,18.0,26.58
2709000000,Huiles brutes de pétrole ou de minéraux bitumineux.,0.0,9.0,
2710121000,--- Pétroles partiellement raffinés y compris les huiles brutes ayant subi une distillation primaire (Topping),0.0,18.0,19.18
2710123000,--- Essence d'aviation,10.0,9.0,22.49
2710125000,--- Essence d'auto ordinaire,10.0,9.0,0.0
2710129000,--- Autres huiles légères et préparations du n° 2710.12,10.0,18.0,
2710191100,---- Carburéacteur,10.0,9.0,20.99
2710191200,---- Pétrole lampant,5.0,9.0,0.0
2710191900,"---- Autres huiles moyennes, du n° 2710.19",10.0,18.0,
2710192200,---- Fuel-oil domestique,5.0,9.0,0.0
2710192300,---- Fuel-oil léger,5.0,9.0,
2710192400,---- Fuel-oil lourd I,5.0,9.0,0.0
2710192500,---- Fuel-oil lourd II,5.0,9.0,0.0
2710193100,---- Huiles lubrifiantes destinées à être mélangées,10.0,18.0,
2710193200,---- Huiles lubrifiantes pour freins hydrauliques,10.0,18.0,
2710193300,---- Graisse d'huiles lubrifiantes,10.0,9.0,
2710193910,----- Huiles de moteur à 2 temps,10.0,18.0,
2710193990,"----- Autres huiles lubrifiantes, du n° 2710.19",10.0,18.0,
2710200000,"- Huiles de pétrole ou de minéraux bitumineux(sauf huiles brutes) et préparations NDCA, contenant 70 % ou plus d?'huiles de pétrole...huiles",10.0,18.0,
2710910000,"-- Déchets d'huiles contenant des diphényles poly chlorés (PCB), des terphényles polychlorés (PCT) ou des diphényles polybromés (PBB)",10.0,18.0,32.48
2710990000,"-- Autres déchets d'huiles, du n° 27.10",10.0,18.0,32.48
2711110000,-- Gaz naturel liquéfiés,5.0,18.0,26.58
2711120000,-- Propane liquéfié,5.0,18.0,26.58
2711130000,-- Butanes liquéfiés,0.0,18.0,2.5
2711140000,"-- Ethylène, propylène, butylène et butadiène, liquéfiés",5.0,18.0,26.58
2711190000,"-- Autres gaz de pétrole et autres hydrocarbures gazeux, liquéfiés, du n° 27.11",5.0,18.0,26.58
2711210000,-- Gaz naturel à l'état gazeux,5.0,18.0,25.08
2711290000,"-- Autres gaz de pétrole et autres hydrocarbures gazeux, à l'état gazeux, du n° 27.11",5.0,18.0,26.58
2712100000,- Vaseline,5.0,18.0,26.58
2712200000,"- Paraffine contenant en poids moins de 0,75 % d'huile",5.0,18.0,26.58
2712900000,"- Autres produits obtenus par synthèse ou par d'autres procédés, même colorés, du n° 27.12",5.0,18.0,26.58
2713110000,-- Coke de pétrole non calciné,5.0,18.0,26.58
2933210000,-- Hydantoïne et ses dérivés,5.0,18.0,26.58
2933290000,"-- Autres composés hétérocycliques à hétéroatome(s) d'azote exclusivement...un cycle imidazole non condensé, sauf hydantoïne et ses dérivés",5.0,18.0,26.58
2933310000,-- Pyridine et ses sels,5.0,18.0,26.58
2933320000,-- Pipéridine et ses sels,5.0,18.0,26.58
2933330000,"-- Alfentanil (DCI), aniléridine (DCI), bézitramide (DCI), bromazépam (DCI), cétobémidone,  ... et trimépéridine (DCI); sels de ces produits",5.0,18.0,26.58
2933390000,"-- Autres composés hétérocycliques à hétéroatome(s) d'azote exclusivement ... un cycle pyridine (hydrogéné ou non) non condensé, du n° 29.33",5.0,18.0,26.58
2933410000,-- Lévorphanol (DCI) et ses sels,5.0,18.0,26.58
2933490000,-- Autres composés hétérocycliques à hétéroatome(s) d'azote exclusivement... à cycles quinoléine ou isoquinoléine sans autres condensations,5.0,18.0,26.58
2933520000,-- Malonylurée (acide barbiturique) et ses sels,5.0,18.0,26.58
2933530000,"-- Allobarbital (DCI), amobarbital (DCI), barbital (DCI), butalbital (DCI), butobarbital,...et vinylbital (DCI); sels de ces produits",5.0,18.0,26.58
2933540000,-- Autres dérivés de malonylurée (acide barbiturique); sels de ces produits,5.0,18.0,26.58
2933550000,"-- Loprazolam (DCI), mécloqualone (DCI), méthaqualone (DCI) et zipéprol (DCI); sels de ces produits",5.0,18.0,26.58
2933590000,"-- Autres composés hétérocycliques à hétéroatome(s) d'azote exclusivement...un cycle pyrimidine (hydrogéné ou non) ou pipérazine, du n°29.33",5.0,18.0,26.58
2933610000,-- Mélamine,5.0,18.0,26.58
2933690000,"-- Autres composés hétérocycliques à hétéroatome(s) d'azote exclusivement...un cycle triazine (...) non condensé, du n° 29.33",5.0,18.0,26.58
2933710000,-- 6-Hexanelactame (epsilon-caprolactame),5.0,18.0,26.58
2933720000,-- Clobazam (DCI) et méthyprylone (DCI),5.0,18.0,26.58
2933790000,-- Autres lactames du n° 29.33,5.0,18.0,26.58
2933910000,"-- Alprazolam (DCI), camazépam (DCI), chlordiazépoxide (DCI), clonazépam (DCI), clorazépate, ... et triazolam (DCI); sels de ces produits",5.0,18.0,26.58
2933920000,-- Azinphos-méthyl (ISO),5.0,18.0,26.58
2933990000,-- Autres composés hétérocycliques à hétéroatome(s) d'azote exclusivement du n° 29.33,5.0,18.0,26.58
2934100000,- Composés hétérocycliques dont la structure comporte un cycle thiazole (hydrogéné ou non) non condensé,5.0,18.0,26.58
2934200000,- Composés hétérocycliques comportant une structure à cycles benzothiazole (hydrogénés ou non) sans autres condensations,5.0,18.0,26.58
2934300000,- Composés hétérocycliques comportant une structure à cycles phénothiazine (hydrogénés ou non) sans autres condensations,5.0,18.0,26.58
2934910000,"-- Aminorex (DCI), brotizolam (DCI), clotiazépam (DCI), cloxazolam (DCI), dextromoramide (DCI), ...et sufentanil (DCI); sels de ces produits",5.0,18.0,26.58
2934990000,"-- Autres acides nucléiques et leurs sels, de constitution chimique définie ou non; autres composés hétérocycliques du n° 29.34",5.0,18.0,26.58
2935100000,- N-Méthylperfluorooctane sulfonamide,5.0,18.0,26.58
0405100000,- Beurre,20.0,18.0,44.28
0405200000,- Pâtes à tartiner laitières,20.0,18.0,44.28
0405901000,-- Huiles de beurre et matières grasses de beurre,5.0,18.0,26.58
0405909000,-- Matières grasses provenant du lait autre que huiles de beurre et matières grasses de beurre,20.0,18.0,44.28
0406100000,"- Fromages frais (non affinés), y compris le fromage de lactosérum, et caillebotte",20.0,18.0,44.28
0406200000,"- Fromages râpés ou en poudre, de tous types",20.0,18.0,44.28
0406300000,"- Fromages fondus, autres que râpés ou en poudre",20.0,18.0,44.28
0406400000,- Fromages à pâte persillée et autres fromages présentant des marbrures obtenues en utilisant du Penicillium roqueforti,20.0,18.0,44.28
0406900000,- Autres fromages,20.0,18.0,44.28
0501000000,"Cheveux bruts, même lavés ou dégraissés; déchets de cheveux.",5.0,18.0,26.58
0502100000,- Soies de porc ou de sanglier et déchets de ces soies,5.0,18.0,26.58
0502900000,- Poils de blaireau et autres poils pour la brosserie; déchets de ces poils.,5.0,18.0,26.58
0506100000,- Osséine et os acidulés,5.0,18.0,26.58
0506900000,"- Os et cornillons, bruts, dégraissés, simpl. préparés (...), dégélatinés; leurs poudre et déchet y compris ceux des osseine et os acidulés",5.0,18.0,26.58
0507101000,"-- Défenses d'éléphants, bruts ou simplement préparés, mais non découpés en forme",5.0,18.0,26.58
0507109000,-- Ivoire autre que défenses d'éléphants; poudre et déchets d'ivoires,5.0,18.0,26.58
1522000000,Dégras; résidus provenant du traitement des corps gras ou des cires animales ou végétales.,10.0,18.0,32.48
1601001000,"- Saucisses, saucissons et produits similaires de foies; préparations alimentaires à base de ces produits",35.0,18.0,44.28
1601009000,"- Saucisse, saucisson et pduit similaire de viande, d'abats(autre que de foies) ou de sang; préparations alimentaires à base de ces produits",35.0,18.0,
1602100000,"- Préparations homogénéisées de viande, d'abats ou de sang",20.0,18.0,44.28
1602200000,- Autres préparations et conserves de foies de tous animaux,35.0,18.0,44.28
1602310000,"-- Autres préparations et conserves de viande ou d'abats (autres que de foies), de dinde",35.0,18.0,44.28
1602320000,"-- Autres préparations et conserves de viande ou d'abats (autres que de foies), de coqs et de poules",35.0,18.0,44.28
1602390000,"-- Autres préparations et conserves de viande ou d'abats (aut. que de foies), de volailles du n°01.05 à l'exclus. des dindes, coqs ou poules",35.0,18.0,44.28
1602410000,-- Jambons et leurs morceaux de l'espèce porcine,35.0,18.0,44.28
1602420000,"-- Autres préparations et conserves d'épaules et leurs morceaux, de l'espèce porcine",35.0,18.0,44.28
1602490000,"-- Autres préparations et conserves de viande ou d'abats, y compris les mélanges, de l'espèce porcine",35.0,18.0,44.28
1602501000,"-- Autres préparations et conserves de viande ou d'abats, de l'espèce bovine, conditionnées dans des emballages ... de type <<Corned beef>>",35.0,18.0,44.28
1602509000,-- Autres préparations et conserves de viande ou d'abats de l'espèce bovine autres qu'en emballages métalliques ... de type <<Corned beef>>,35.0,18.0,44.28
1602900000,"- Autres préparations et conserves, y compris les préparations de sang de tous animaux, du n° 16.02",35.0,18.0,
1603000000,"Extraits et jus de viande, de poissons ou de crustacés, de mollusques ou d'autres invertébrés aquatiques.",20.0,18.0,44.28
1604110000,"-- Préparations et conserves de saumons entiers ou en morceaux, à l'exclusion des saumons hachés",20.0,18.0,44.28
1604120000,"-- Préparations et conserves de harengs entiers ou en morceaux, à l'exclusion des harengs hachés",20.0,18.0,44.28
1604131000,--- Sardines en conserves ordinaires en boîtes de 1/4 club de 30 mm de hauteur ou moins,20.0,18.0,44.28
1604139000,"--- Préparations et conserves de sardines (aut. que du n°1604.13.10), sardinelles et sprats ou esprots…à l'exclusion de ces poissons hachés",20.0,18.0,44.28
1604140000,"-- Préparations et conserves de thons, listaos et bonites (Sarda spp.), entiers ou en morceaux, à l'exclusion de ces poissons hachés",20.0,18.0,44.28
1604150000,"-- Préparations et conserves de maquereaux, entiers ou en morceaux, à l'exclusion des maquereaux hachés",20.0,18.0,44.28
1604160000,"-- Préparations et conserves d'anchois entiers ou en morceaux, à l'exclusion des anchois hachés",20.0,18.0,44.28
1604170000,"-- Préparations et conserves d'anguilles entières ou en morceaux, à l'exclusion des anguilles hachées",20.0,18.0,44.28
1604180000,"-- Préparations et conserves d'ailerons de requins, à l'exclusion des ailerons de requins hachés",20.0,18.0,44.28
2713120000,-- Coke de pétrole calciné,5.0,18.0,26.58
2713200000,- Bitume de pétrole,5.0,18.0,25.08
2713900000,- Autres résidus des huiles de pétrole ou de minéraux bitumineux du n°27.13,5.0,9.0,
2714100000,- Schistes et sables bitumineux,5.0,18.0,26.58
2714900000,"- Bitumes et asphaltes, naturels; asphaltites et roches asphaltiques",5.0,18.0,26.58
2715000000,"Mélanges bitumineux à base d'asphalte ou de bitume naturels, de bitume de pétrole, de goudron minéral ou de brai de goudron minéral (...)",5.0,18.0,25.08
2716000000,Energie électrique. (position facultative),5.0,18.0,26.58
2801100000,- Chlore,5.0,18.0,26.58
2801300000,- Fluor; brome,5.0,18.0,26.58
2802000000,Soufre sublimé ou précipité; soufre colloïdal.,5.0,18.0,26.58
2803000000,Carbone (noirs de carbone et autres formes de carbone non dénommées ni comprises ailleurs).,5.0,18.0,26.58
2804100000,- Hydrogène,5.0,18.0,26.58
2804210000,-- Argon,5.0,18.0,26.58
2804290000,-- Autres gaz rares à l'exclusion d'argon,5.0,18.0,26.58
2804300000,- Azote,5.0,18.0,26.58
2804400000,- Oxygène,5.0,18.0,26.58
2804500000,- Bore; tellure,5.0,18.0,26.58
2804610000,"-- Silicium contenant en poids au moins 99,99 % de silicium",5.0,18.0,26.58
2804690000,"-- Silicium autre que celui contenant en poids au moins 99,99 % de silicium",5.0,18.0,26.58
2804700000,- Phosphore,5.0,18.0,26.58
2804800000,- Arsenic,5.0,18.0,26.58
2804900000,- Sélénium,5.0,18.0,26.58
2805110000,-- Sodium,5.0,18.0,26.58
2805120000,-- Calcium,5.0,18.0,26.58
2805190000,-- Métaux alcalins ou alcalino-terreux  autres que sodium ou calcium,5.0,18.0,26.58
2805300000,"- Métaux de terres rares, scandium et yttrium, même mélangés ou alliés entre eux",5.0,18.0,26.58
2805400000,- Mercure,5.0,18.0,26.58
2806100000,- Chlorure d'hydrogène (acide chlorhydrique),5.0,18.0,26.58
2806200000,- Acide chlorosulfurique,5.0,18.0,26.58
2807000000,Acide sulfurique; oléum.,5.0,18.0,26.58
2808000000,Acide nitrique; acides sulfonitriques.,5.0,18.0,26.58
2809100000,- Pentaoxyde de diphosphore,5.0,18.0,7.5
2809200000,"- Acide phosphorique et acides polyphosphoriques, de constitution chimique définie ou non",5.0,18.0,7.5
2810000000,Oxydes de bore; acides boriques.,5.0,18.0,26.58
2811110000,-- Fluorure d'hydrogène (acide fluorhydrique),5.0,18.0,26.58
2811120000,-- Cyanure d'hydrogène (acide cyanhydrique),5.0,18.0,26.58
2811190000,"-- Autres  acides inorganiques, à l'exclusion du fluorure d'hydrogène (acide fluorhydrique) et du cyanure d'hydrogène (acide cyanhydrique)",5.0,18.0,26.58
2935200000,- N-Ethylperfluorooctane sulfonamide,5.0,18.0,26.58
2935300000,- N-Ethyl-N-(2-hydroxyéthyl) perfluorooctane sulfonamide,5.0,18.0,26.58
2935400000,- N-(2-Hydroxyéthyl)-N-méthylperfluorooctane sulfonamide,5.0,18.0,26.58
2935500000,- Autres perfluorooctane sulfonamides,5.0,18.0,26.58
2935900000,- Autres sulfonamides du N°29.35,5.0,18.0,26.58
2937110000,"-- Somatotropine, ses dérivés et analogues structurels",5.0,18.0,26.58
2937500000,"- Prostaglandines, thromboxanes et leucotriènes, leurs dérivés et analogues structurels",5.0,18.0,26.58
2938900000,"- Autres hétérosides, naturels ou reproduits par synthèse, leurs sels, éthers, esters et autres dérivés, du n° 29.38",5.0,18.0,26.58
2939110000,"-- Concentrés de paille de pavot; buprénorphine (DCI), codéine, dihydrocodéine (DCI), éthylmorphine,...et thébaïne; sels de ces produits",5.0,18.0,26.58
0507900000,"- Ecaille de tortue, fanons (...) de baleine ou d'autres mammifères marins, cornes, bois,... forme; poudres et déchets de ces matières.",5.0,18.0,26.58
0508000000,"Corail et mat. Simil., bruts ou simpl. préparés, ... travaillés; coquilles…, bruts ou simpl. préparés,... forme, leurs poudres et déchets.",5.0,18.0,26.58
0510000000,"Ambre gris, castoréum, civette et musc; cantharides; bile, même séchée; glandes et autres subst. d'origine animale utilisées... provisoire.",5.0,18.0,26.58
0511100000,- Sperme de taureaux,5.0,18.0,26.58
0511910000,"-- Produits de poissons ou de crustacés, mollusq. ou autres invertébrés aquatiques; animaux morts du Chap.3 impropres à l'alimentat. humaine",5.0,18.0,26.58
0511990000,-- Autres produits d'origine animale non dénommés ni compris ailleurs; animaux morts du chap.1 impropres à l'alimentation humaine,5.0,18.0,26.58
0601100000,"- Bulbes, oignons, tubercules, racines tubéreuses, griffes et rhizomes, en repos végétatif",5.0,18.0,7.5
0602100000,- Boutures non racinées et greffons,5.0,18.0,7.5
0602200000,"- Arbres, arbustes, arbrisseaux et buissons, à fruits comestibles, greffés ou non",5.0,18.0,7.5
0602300000,"- Rhododendrons et azalées, greffés ou non",5.0,18.0,7.5
0602400000,"- Rosiers, greffés ou non",5.0,18.0,7.5
0602900000,"- Autres plantes vivantes (y compris leurs racines), autres qu'à fruits comestibles, boutures racinées; blanc de champignons.",5.0,18.0,7.5
0701100000,"- Pommes de terre, à l'état frais ou réfrigéré, de semence",5.0,18.0,7.5
0701900000,"- Pommes de terre, à l'état frais ou réfrigéré, autres que de semence",20.0,18.0,22.5
0702000000,"Tomates, à l'état frais ou réfrigéré.",20.0,18.0,22.5
0703100000,- Oignons et échalotes  à l'état frais ou réfrigéré,20.0,18.0,22.5
0703200000,- Aulx  à l'état frais ou réfrigéré,20.0,18.0,22.5
1604190000,"-- Préparations et conserves d'autres poissons, entiers ou en morceaux, à l'exclusion des poissons hachés, du n° 16.04",20.0,18.0,44.28
1604200000,"- Autres préparations et conserves de poissons, du n° 16.04",20.0,18.0,44.28
1604310000,-- Caviar,20.0,18.0,44.28
1604320000,-- Succédanés de caviar préparés à partir d'œufs de poisson,20.0,18.0,44.28
1605100000,- Crabes préparés ou conservés,20.0,18.0,44.28
1605210000,"-- Crevettes préparées ou conservées, non présentées dans un contenant hermétique",20.0,18.0,44.28
1605290000,"-- Crevettes préparées ou conservées, présentées dans un contenant hermétique",20.0,18.0,44.28
1605300000,- Homards préparés ou conservés,20.0,18.0,44.28
1605400000,"- Crustacés (à l'exclusion des crabes, crevettes et homards) préparés ou conservés",20.0,18.0,44.28
1605510000,-- Huîtres préparées ou conservées,20.0,18.0,44.28
1605520000,"-- Coquilles St Jacques ou peignes, pétoncles ou vanneaux, autres coquillages, préparées ou conservées",20.0,18.0,44.28
1605530000,-- Moules préparées ou conservées,20.0,18.0,44.28
1605540000,"-- Seiches, sépioles, calmars et encornets, préparés ou conservés",20.0,18.0,44.28
1605550000,"-- Poulpes ou pieuvres, préparées ou conservées",20.0,18.0,44.28
1605560000,"-- Clams, coques et arches, préparés ou conservés",20.0,18.0,44.28
1605570000,-- Ormeaux préparés ou conservés,20.0,18.0,44.28
1605580000,"-- Escargots, autres que de mer, préparés ou conservés",20.0,18.0,44.28
1605590000,"-- Autres mollusques préparés ou conservés, du n° 16.05",20.0,18.0,44.28
1605610000,-- Bêches-de-mer préparées ou conservées,20.0,18.0,44.28
1605620000,-- Oursins préparés ou conservés,20.0,18.0,44.28
1605630000,-- Méduses préparées ou conservées,20.0,18.0,44.28
1605690000,"-- Invertébrés aquatiques autres que Bêches-de-mer, Oursins ou Méduses), préparés ou conservés",20.0,18.0,44.28
1701120000,"-- Sucres bruts de betterave sans addition d'aromatisants ou de colorants, à l'état solide",20.0,18.0,162.28
1701130000,"-- Sucre de canne mentionné dans la Note 2 de sous-positions du Chapitre 17, sans addition d'aromatisants ou de colorants",10.0,18.0,162.28
1701141000,"--- Autres sucres de canne, sans addition d'aromatisants ou de colorants, à l'état solide, destinés à l?'industrie de raffinerie du sucre",10.0,18.0,162.28
1701149000,"--- Autres sucres de canne, sans addition d'aromatisants ou de colorants, à l'état solide, autres que pr l?'industrie de raffinerie du sucre",20.0,18.0,162.28
1701911000,"--- Sucres de canne ou de betterave, additionnés d'aromatisants ou de colorants, en poudre, en granulés ou cristallisés",20.0,18.0,162.28
2811210000,-- Dioxyde de carbone,5.0,18.0,26.58
2811220000,-- Dioxyde de silicium,5.0,18.0,26.58
2811290000,-- Autres composés oxygénés inorganiques des éléments non métalliques autres que le dioxyde de carbone ou de silicium,5.0,18.0,26.58
2812110000,-- Dichlorure de carbonyle (phosgène),5.0,18.0,26.58
2812120000,-- Oxychlorure de phosphore,5.0,18.0,26.58
2812130000,-- Trichlorure de phosphore,5.0,18.0,26.58
2812140000,-- Pentachlorure de phosphore,5.0,18.0,26.58
2812150000,-- Monochlorure de soufre,5.0,18.0,26.58
2812160000,-- Dichlorure de soufre,5.0,18.0,26.58
2812170000,-- Chlorure de thionyle,5.0,18.0,26.58
2812190000,-- Autres chlorures et oxychlorures du N°28.12,5.0,18.0,26.58
2812900000,- Halogénures et oxyhalogénures des éléments non métalliques autres que chlorures et oxychlorures,5.0,18.0,26.58
2813100000,- Disulfure de carbone,5.0,18.0,26.58
2813900000,"- Sulfures des éléments non métalliques, autres que le disulfure de carbone; trisulfure de phosphore du commerce",5.0,18.0,26.58
2814100000,- Ammoniac anhydre,5.0,18.0,7.5
2814200000,- Ammoniac en solution aqueuse (ammoniaque),5.0,18.0,7.5
2815110000,"-- Hydroxyde de sodium (soude caustique), solide",5.0,18.0,26.58
2815120000,"-- Hydroxyde de sodium (soude caustique), en solution aqueuse (lessive de soude caustique)",5.0,18.0,26.58
2815200000,- Hydroxyde de potassium (potasse caustique),5.0,18.0,26.58
2815300000,- Peroxydes de sodium ou de potassium,5.0,18.0,26.58
2816100000,- Hydroxyde et peroxyde de magnésium,5.0,18.0,26.58
2816400000,"- Oxydes, hydroxydes et peroxydes, de strontium ou de baryum",5.0,18.0,26.58
2817000000,Oxyde de zinc; peroxyde de zinc.,5.0,18.0,26.58
2818100000,"- Corindon artificiel, chimiquement défini ou non",5.0,18.0,26.58
2818200000,- Oxyde d'aluminium autre que le corindon artificiel,5.0,18.0,26.58
2818300000,- Hydroxyde d'aluminium,5.0,18.0,26.58
2819100000,- Trioxyde de chrome,5.0,18.0,26.58
2819900000,- Oxydes et hydroxydes de chrome à l'exclusion du trioxyde,5.0,18.0,26.58
2820100000,- Dioxyde de manganèse,5.0,18.0,26.58
2820900000,- Oxydes de manganèse à l'exclusion du dioxyde,5.0,18.0,26.58
2821100000,- Oxydes et hydroxydes de fer,5.0,18.0,26.58
2821200000,- Terres colorantes contenant en poids 70 % ou plus de fer combiné évalué en Fe2O3.,5.0,18.0,26.58
2822000000,Oxydes et hydroxydes de cobalt; oxydes de cobalt du commerce.,5.0,18.0,26.58
2823000000,Oxydes de titane.,5.0,18.0,26.58
2824100000,"- Monoxyde de plomb (litharge, massicot)",5.0,18.0,26.58
2824900000,"- Oxydes de plomb autre que monoxyde de plomb (litharge, massicot); minium et mine orange",5.0,18.0,26.58
2939430000,-- Cathine (DCI) et ses sels,5.0,18.0,26.58
2939440000,-- Noréphédrine et ses sels,5.0,18.0,26.58
2939490000,"-- Autres éphédrines et leurs sels, du n° 29.39",5.0,18.0,26.58
2939510000,-- Fénétylline (DCI) et ses sels,5.0,18.0,26.58
2939690000,-- Autres alcaloïdes de l'ergot de seigle et leurs sels; dérivés des alcaloïdes de l'ergot de seigle,5.0,18.0,26.58
2939710000,"-- Cocaïne, ecgonine, lévométamfétamine, métamfétamine (DCI), racémate de métamfétamine; sels, esters et autres dérivés de ces produits",5.0,18.0,26.58
2939800000,"- Autres alcaloïdes, autre que d'origine végétale, leurs sels, ethers, esters et autres dérivés, du N°29.39",5.0,18.0,26.58
3001200000,- Extraits à usages opothérapiques de glandes ou d'autres organes ou de leurs sécrétions,0.0,18.0,2.5
3001900000,"- Glandes et autres organes à usages opothérapiques,  desséché, même pulvérisés; héparine et ses sels; autres substances humaines...NDCA",0.0,18.0,2.5
3002110000,-- Trousses de diagnostic du paludisme,0.0,18.0,2.5
3002120000,-- Antisérums et autres fractions du sang,0.0,18.0,2.5
3002130000,"--  Produits immunologiques, non mélangés et ni présentés sous forme de doses, ni conditionnés pour la vente au détail",0.0,18.0,2.5
3002140000,"-- Produits immunologiques, mélangés et non présentés sous forme de doses, ni conditionnés pour la vente au détail",0.0,18.0,2.5
3002150000,"-- Produits immunologiques, présentés sous forme de doses, ou conditionnés pour la vente au détail",0.0,18.0,2.5
3002190000,"-- Autres produits immunologiques, même modifiés ou obtenus par voie biotechnologique du N°30.02",0.0,18.0,2.5
3002200000,- Vaccins pour la médecine humaine,0.0,18.0,2.5
0703900000,"- Poireaux et autres légumes alliacés, à l'état frais ou réfrigéré, à l'exclusion des oignons, échalotes et aulx",20.0,18.0,22.5
0704100000,"- Choux-fleurs et choux-fleurs brocolis, à l'état frais ou réfrigéré",20.0,18.0,22.5
0704200000,"- Choux de Bruxelles, à l'état frais ou réfrigéré",20.0,18.0,22.5
0704900000,"- Autres choux, choux frisés, choux-raves et produits similaires du genre Brassica, à l'état frais ou réfrigéré",20.0,18.0,22.5
0705110000,"-- Laitues (Lactuca sativa) pommées, à l'état frais ou réfrigéré",20.0,18.0,22.5
0705190000,"-- Laitues (Lactuca sativa), à l'état frais ou réfrigéré, autres que pommées",20.0,18.0,22.5
0705210000,"-- Witloof (Cichorium intybus var. foliosum), à l'état frais ou réfrigéré",20.0,18.0,22.5
0705290000,"-- Chicorées (Cichorium spp.), à l'état frais ou réfrigéré, autres que les Witloof",20.0,18.0,22.5
0706100000,- Carottes et navets à l'état frais ou réfrigéré,20.0,18.0,22.5
0706900000,"- Betteraves à salade, salsifis, céleris-raves, radis et racines, à l'état frais ou réfrigéré autres que carottes et navets",20.0,18.0,22.5
0707000000,"Concombres et cornichons, à l'état frais ou réfrigéré",20.0,18.0,22.5
0708100000,"- Pois (Pisum sativum), à l'état frais ou réfrigéré",20.0,18.0,22.5
0708200000,"- Haricots (Vigna spp., Phaseolus spp.), à l'état frais ou réfrigéré",20.0,18.0,22.5
0708900000,"- Légumes à cosse, à l'état frais ou réfrigéré, autres que pois et haricots",20.0,18.0,22.5
0709200000,- Asperges à l'état frais ou réfrigéré,20.0,18.0,22.5
0709400000,- Céleris autres que les céleris-raves à l'état frais ou réfrigéré,20.0,18.0,22.5
0709700000,"- Epinards, tétragones (épinards de Nouvelle-Zélande) et arroches (épinards géants), à l'état frais ou réfrigéré",20.0,18.0,22.5
0709991000,--- Maïs doux à l'état frais ou réfrigéré,20.0,18.0,22.5
1701919000,"--- Sucres de canne ou de betterave, additionnés d'aromatisants ou de colorants, à l'état solide aut. qu'en poudre, granulés ou cristallisés",20.0,18.0,162.28
1701991000,"--- Saccharose chimiquement pur, en poudre, en granulés ou cristallisés",20.0,18.0,162.28
1701999000,"--- Saccharose chimiquement pur, à l'état solide autre qu'en poudre, en granulés ou cristallisés",20.0,18.0,162.28
1702110000,"-- Lactose à l'état solide et sirop de lactose, contenant en poids 99 % ou plus de lactose, ... en lactose anhydre calculé sur matière sèche",5.0,18.0,26.58
1702190000,"-- Lactose à l'état solide et sirop de lactose, autres que ceux du n° 1702.11",5.0,18.0,26.58
1702200000,"- Sucre à l'état solide et sirop sans addition d'aromatisants ou de colorants, d'érable",5.0,18.0,26.58
1702300000,"- Glucose à l'état solide et sirop de glucose..., ne contenant pas de fructose ou contenant en poids à l'état sec moins de 20 % de fructose",5.0,18.0,26.58
1702400000,"- Glucose et son sirop, contenant en poids à l'état sec de 20 % inclus à 50 % exclus de fructose, exception du sucre inverti (ou interverti)",5.0,18.0,26.58
1702500000,"- Fructose chimiquement pur, à l'état solide",5.0,18.0,26.58
1702600000,"- Autre fructose et son sirop, contenant en poids à l'état sec plus de 50 % de fructose, à l'exception du sucre inverti (ou interverti)",5.0,18.0,26.58
1702900000,"- Autres, y compris le sucre inverti (ou interverti) et les autres sucres et leurs sirops contenant en poids à l'état sec 50 % de fructose",5.0,18.0,26.58
1703100000,- Mélasses résultant de l'extraction ou du raffinage du sucre de canne,10.0,18.0,32.48
1703900000,- Mélasses résultant de l'extraction ou du raffinage du sucre autres que de canne,10.0,18.0,32.48
1704100000,"- Gommes à mâcher (chewing-gum), même enrobées de sucre",35.0,18.0,44.28
1704900000,"- Sucreries sans cacao (y compris le chocolat blanc), autres que les gommes à mâcher (chewing-gum)",35.0,18.0,44.28
1801001100,"-- Cacao brut en fèves, qualité supérieur",5.0,18.0,26.58
1801001200,"-- Cacao brut en fèves, qualité courant",5.0,18.0,26.58
1801001900,-- Cacao brut en fèves autre que qualité supérieur ou courant,5.0,18.0,26.58
1801002000,"- Cacao en fèves et brisures de fèves, torréfiés",5.0,18.0,26.58
1801003000,"- Brisures de fèves de cacao, brutes",5.0,18.0,26.58
1802000000,"Coques, pellicules (pelures) et autres déchets de cacao.",10.0,18.0,32.48
1803100000,"- Pâte de cacao, non dégraissée",10.0,18.0,32.48
1803200000,"- Pâte de cacao, complètement ou partiellement dégraissée",10.0,18.0,32.48
1804001000,- Graisse et huile de cacao.,10.0,18.0,32.48
1804002000,- Beurre naturel de cacao.,10.0,18.0,32.48
1804009000,- Beurre de cacao (à l'exclusion du beurre naturel) et cacao désodorisé.,10.0,18.0,32.48
1805001000,"- Poudre de cacao, sans addition de sucre ou d'autres édulcorants, présentée en emballages immédiats d'un contenu net de 2kg ou moins",35.0,18.0,44.28
2825100000,- Hydrazine et hydroxylamine et leurs sels inorganiques,5.0,18.0,26.58
2825200000,- Oxyde et hydroxyde de lithium,5.0,18.0,26.58
2825300000,- Oxydes et hydroxydes de vanadium,5.0,18.0,26.58
2825400000,- Oxydes et hydroxydes de nickel,5.0,18.0,26.58
2825500000,- Oxydes et hydroxydes de cuivre,5.0,18.0,26.58
2825600000,- Oxydes de germanium et dioxyde de zirconium,5.0,18.0,26.58
2825700000,- Oxydes et hydroxydes de molybdène,5.0,18.0,26.58
2825800000,- Oxydes d'antimoine,5.0,18.0,26.58
2825900000,"- Autres bases inorganiques; autres oxydes, hydroxydes et peroxydes de métaux, du n° 28.25",5.0,18.0,26.58
2826120000,-- Fluorures d'aluminium,5.0,18.0,26.58
2826190000,-- Fluorures autres que d'aluminium,5.0,18.0,26.58
2826300000,- Hexafluoroaluminate de sodium (cryolithe synthétique),5.0,18.0,26.58
2826900000,"- fluorosilicates, fluoroaluminates et autres sels complexes de fluor à l'exception de l'hexafluoroaluminate de sodium(cryolithe synthétiq.)",5.0,18.0,26.58
2827100000,- Chlorure d'ammonium,5.0,18.0,26.58
2827200000,- Chlorure de calcium,5.0,18.0,26.58
2827310000,-- Chlorures de magnésium,5.0,18.0,26.58
2827320000,-- Chlorures d'aluminium,5.0,18.0,26.58
2827350000,-- Chlorures de nickel,5.0,18.0,26.58
2827390000,-- Autres chlorures  du n° 28.27,5.0,18.0,26.58
2827410000,-- Oxychlorures et hydroxychlorures de cuivre,5.0,18.0,26.58
2827490000,-- Oxychlorures et hydroxychlorures autres que de cuivre,5.0,18.0,26.58
2827510000,-- Bromures de sodium ou de potassium,5.0,18.0,26.58
2827590000,-- Bromures (autres que de sodium ou de potassium) et oxybromures,5.0,18.0,26.58
2827600000,- Iodures et oxyiodures,5.0,18.0,26.58
2828100000,- Hypochlorite de calcium du commerce et autres hypochlorites de calcium,5.0,18.0,26.58
2828901000,-- Hypochlorite de sodium (eau de javel) même concentrée,20.0,18.0,32.48
2828909000,-- Autres hypochlorites du n°28.28; chlorites; hypobromites,10.0,18.0,32.48
2829110000,-- Chlorates de sodium,5.0,18.0,26.58
2829190000,-- Chlorates autres que de sodium,5.0,18.0,26.58
2829900000,- Perchlorates; bromates et perbromates; iodates et periodates,5.0,18.0,26.58
2830100000,- Sulfures de sodium,5.0,18.0,26.58
2830900000,"- Sulfures autres que de sodium; polysulfures, de constitution chimique définie ou non",5.0,18.0,26.58
2831100000,- Dithionites et sulfoxylates de sodium,5.0,18.0,26.58
2831900000,- Dithionites et sulfoxylates autres que de sodium,5.0,18.0,26.58
2832100000,- Sulfites de sodium,5.0,18.0,26.58
2832200000,- Autres sulfites à l'exclusion du sulfite de sodium,5.0,18.0,26.58
3002300000,- Vaccins pour la médecine vétérinaire,0.0,18.0,2.5
3002901000,-- Ferments,0.0,18.0,2.5
3002909000,"-- Sang humain; sang animal préparé pour usages thérapeutiques,...; toxines, aut. cultures de micro-organismes (...) et produits similaires",0.0,18.0,2.5
3003100000,"- Médicaments … ni conditionnés pour vente au détail, contenant des pénicillines ou leurs dérivés..., ou des streptomycines ou leurs dérivés",0.0,18.0,2.5
3003200000,"- Médicaments … ni conditionnés pour vente au détail, contenant d'autres antibiotiques",0.0,18.0,2.5
3003310000,"-- Médicaments … ni conditionnés pour vente au détail, contenant de l'insuline",0.0,18.0,2.5
3003390000,"-- Autres médicaments … ni conditionnés pour vente au détail, contenant des produits du n° 29.37 (sauf insuline), mais sans antibiotiques",0.0,18.0,2.5
3003410000,"-- Autres médicaments du N°30.03 … ni conditionnés pour vente au détail, contenant de l'éphédrine ou ses sels",0.0,18.0,2.5
3003420000,"-- Autres médicaments du N°30.03 … ni conditionnés pour vente au détail, contenant de la pseudoéphédrine (DCI) ou ses sels",0.0,18.0,2.5
3003430000,"-- Autres médicaments du N°30.03 … ni conditionnés pour vente au détail, contenant de la noréphédrine ou ses sels",0.0,18.0,2.5
3003490000,"-- Autres médicaments contenant les alcaloîdes ou leurs dérivés  … ni conditionnés pour vente au détail, du N°30.03",0.0,18.0,2.5
3003600000,"- Autres médicaments, contenant des principes actifs contre le paludisme décrits dans la Note 2 de sous-positions du présent Chapitre",0.0,18.0,2.5
3003900000,"- Autres médicaments non présentés sous formes de doses ni conditionnés pour la vente au détail, du n° 30.03",0.0,18.0,2.5
3004100000,"- Médicaments … conditionnés pour la vente au détail, contenant des pénicillines ou leurs dérivés..., ou des streptomycines ou leurs dérivés",0.0,18.0,2.5
3004200000,"- Médicaments … conditionnés pour la vente au détail, contenant d'autres antibiotiques",0.0,18.0,2.5
3004310000,"-- Médicaments … présentés sous formes de doses (…) ou conditionnés pour vente au détail, contenant de l'insuline",0.0,18.0,2.5
3004320000,"-- Médicaments … conditionnés pour la vente au détail, contenant des hormones corticostéroïdes, leurs dérivés ou analogues structurels",0.0,18.0,2.5
3004390000,"-- Autres médicaments ... pour la vente au détail, contenant d'autres produits du n° 29.37 mais ne contenant pas d'antibiotiques",0.0,18.0,2.5
3004410000,"-- Préparation pharmaceutique contenant de l'éphédrine ou ses sels, conditionnés pour la vente au détail",0.0,18.0,2.5
3004420000,"-- Préparation pharmaceutique contenant de la pseudoéphédrine (DCI) ou ses sels, conditionnés pour la vente au détail",0.0,18.0,2.5
3004430000,"-- Préparation pharmaceutique contenant de la noréphédrine ou ses sels, conditionnés pour la vente au détail",0.0,18.0,2.5
3004490000,"-- Autres médicaments contenant les alcaloîdes ou leurs dérivés  … conditionnés pour vente au détail, du N°30.04",0.0,18.0,2.5
3004500000,"- Autres médicaments … conditionnés pour la vente au détail, contenant des vitamines ou d'autres produits du n° 29.36",0.0,18.0,2.5
0713101000,"-- Pois (Pisum sativum),secs, écossés, même décortiqués ou cassés, de semence",5.0,18.0,22.5
0713109000,"-- Pois (Pisum sativum), secs, écossés, même décortiqués ou cassés, autres que de semence",20.0,18.0,22.5
0713201000,"-- Pois chiches, secs, écossés, même décortiqués ou cassés, de semence",5.0,18.0,22.5
0713209000,"-- Pois chiches,secs, écossés, même décortiqués ou cassés, autres que de semence",20.0,18.0,22.5
0713311000,"---  Haricots des espèces Vigna mungo (L.) Hepper ou Vigna radiata (L.) Wilczek, secs, écossés, même décortiqués ou cassés, de semence",5.0,18.0,7.5
0713321000,"--- Haricots «petits rouges» (haricots Adzuki) (Phaseolus ou Vigna angularis, secs, écossés, même décortiqués ou cassés, de semence",5.0,18.0,7.5
1806100000,"- Poudre de cacao, avec addition de sucre ou d'autres édulcorants",35.0,18.0,44.28
1805009000,"-  Poudre de cacao, sans addition de sucre ou d'autres édulcorants, non présentée en emballages immédiats d'un contenu net de 2kg ou moins",35.0,18.0,44.28
1806200000,"- Autres préparations en blocs ou en barres d'un poids excédant 2kg, ou à l'état liquide ou pâteux ..., d'un contenu excédant 2kg",35.0,18.0,44.28
1806310000,"-- Chocolat et autres préparations alimentaires contenant du cacao, présentés en tablettes, barres ou bâtons, fourrés",35.0,18.0,44.28
1806321000,--- Chocolat non fourré,35.0,18.0,44.28
1806329000,"--- Autres préparations alimentaires contenant du cacao, présentées en tablettes, barres ou bâtons, non fourrées",35.0,18.0,44.28
1806901000,-- Autres confiseries contenant du cacao et du chocolat,35.0,18.0,44.28
1806909000,-- Autres préparations alimentaires contenant du cacao et du chocolat du n° 18.06,35.0,18.0,44.28
1901100000,"- Préparations pour l'alimentation des enfants, conditionnées pour la vente au détail",5.0,9.0,7.5
1901200000,"- Mélanges et pâtes pour la préparation des produits de la boulangerie, de la pâtisserie ou de la biscuiterie du n° 19.05",10.0,18.0,32.48
1901901000,"-- Préparations à base de lait contenant des matières grasses végétales, en poudre ou en granulés, en emballages de 25 kg ou plus.",5.0,9.0,17.04
1901902000,"-- Préparations à base de lait contenant des matières grasses végétales, en poudre ou en granulés, en embal. compris entre 12,5 kg et 25 kg.",5.0,9.0,17.04
1901903000,-- Extraits de malt,5.0,9.0,44.29
1901904000,"-- Préparations en poudre contenant des extraits de malt, pour la fabrication de boissons, en emballages de 25kg ou plus",10.0,9.0,44.29
1901909100,"--- Préparations alimentaires à base des produits de manioc du n° 11.06 (y compris le ""Gari"" et à l'exclusion des produits du n° 19.03)",20.0,9.0,44.29
1901909900,"--- Préparations alimentaires de farines,...dégraissées, NDCA; préparations alimentaires de produits des N° 04.01 à 04.04, ..., NDCA",20.0,9.0,44.29
1902110000,-- Pâtes alimentaires non cuites ni farcies ni autrement préparées contenant des oe?ufs,20.0,18.0,44.28
1902190000,-- Pâtes alimentaires non cuites ni farcies ni autrement préparées ne contenant pas d'oe?ufs,20.0,18.0,44.28
1902200000,- Pâtes alimentaires farcies (même cuites ou autrement préparées),20.0,18.0,44.28
1902300000,- Autres pâtes alimentaires du n° 19.02,20.0,18.0,44.28
1902400000,"- Couscous, même préparé",20.0,18.0,44.28
1903000000,"Tapioca et ses succédanés préparés à partir de fécules, sous forme de flocons, grumeaux, grains perlés, criblures ou formes similaires.",20.0,18.0,22.5
1904100000,"- Produits à base de céréales obtenus par soufflage ou grillage («corn flakes», par exemple)",20.0,18.0,44.28
1904201000,-- Flocons d?'avoine en emballages immédiats de 25kg ou plus,20.0,18.0,44.28
2832300000,- Thiosulfates,5.0,18.0,26.58
2833110000,-- Sulfate de disodium,5.0,18.0,26.58
2833190000,-- Sulfates de sodium autres que de disodium,5.0,18.0,26.58
2833210000,-- Sulfates de magnésium,5.0,18.0,26.58
2833220000,-- Sulfates d'aluminium,5.0,18.0,26.58
2833240000,-- Sulfates de nickel,5.0,18.0,26.58
2833250000,-- Sulfates de cuivre,5.0,18.0,26.58
2833270000,-- Sulfates de baryum,5.0,18.0,26.58
2833290000,-- Autres sulfates du n° 28.33,5.0,18.0,26.58
2833300000,- Aluns,5.0,18.0,26.58
2833400000,- Peroxosulfates (persulfates),5.0,18.0,26.58
2834100000,- Nitrites,5.0,18.0,26.58
2834210000,-- Nitrates de potassium,5.0,18.0,26.58
2834290000,-- Nitrates autres que de potassium,5.0,18.0,26.58
2835100000,- Phosphinates (hypophosphites) et phosphonates (phosphites),5.0,18.0,26.58
2835220000,-- Phosphates de mono- ou de disodium,5.0,18.0,26.58
2835240000,-- Phosphates de potassium,5.0,18.0,26.58
2835250000,-- Phosphates d'hydrogénoorthophosphate de calcium («phosphate dicalcique»),5.0,18.0,26.58
2835260000,-- Autres phosphates de calcium du n° 28.35,5.0,18.0,26.58
2835290000,-- Autres phosphates du n° 28.35,5.0,18.0,26.58
2835310000,-- Triphosphate de sodium (tripolyphosphate de sodium),5.0,18.0,26.58
2835390000,"-- Autres polyphosphates, de constitution chimique définie ou non, du n° 28.35",5.0,18.0,26.58
2836200000,- Carbonate de disodium,5.0,18.0,26.58
2836300000,- Hydrogénocarbonate (bicarbonate) de sodium,5.0,18.0,26.58
2836400000,- Carbonates de potassium,5.0,18.0,26.58
2836500000,- Carbonate de calcium,5.0,18.0,26.58
2836600000,- Carbonate de baryum,5.0,18.0,26.58
2836910000,-- Carbonates de lithium,5.0,18.0,26.58
2836920000,-- Carbonate de strontium,5.0,18.0,26.58
2836990000,-- Autres carbonates du n° 28.36; peroxocarbonates (percarbonates); carbonate d'ammonium du commerce contenant du carbamate d'ammonium,5.0,18.0,26.58
2837110000,-- Cyanures et oxycyanures  de sodium,5.0,18.0,26.58
2837190000,-- Cyanures et oxycyanures  autres que de sodium,5.0,18.0,26.58
2837200000,- Cyanures complexes,5.0,18.0,26.58
2839110000,-- Métasilicates de sodium,5.0,18.0,26.58
2839190000,-- Silicates de sodium autres que le métasilicate de sodium,5.0,18.0,26.58
2839900000,"- Silicates et silicates des métaux alcalins du commerce, autres que de sodium",5.0,18.0,26.58
2840110000,-- Anhydre,5.0,18.0,26.58
2840190000,-- Tétraborate de disodium (borax raffiné)  à l'exclusion de l'anhydre,5.0,18.0,26.58
2840200000,- Borates autres que le tétraborate de disodium (borax raffiné),5.0,18.0,26.58
3004600000,"- Autres médicaments, contenant des principes actifs contre le paludisme décrits dans la Note 2 de sous-positions du présent Chapitre",0.0,18.0,2.5
3004902000,-- Sel de réhydratation orale (ORASEL),0.0,18.0,2.5
3004909000,"-- Autres médicaments … présentés sous formes de doses (…) ou conditionnés pour la vente au détail, du n° 30.04",0.0,18.0,2.5
3006100000,"- Catguts, ligatures similaires pour sutures chirurgicales(..) et adhésifs, stériles..les plaies; laminaires stériles; ...résorbables ou non",0.0,18.0,2.5
3006200000,- Réactifs destinés à la détermination des groupes ou des facteurs sanguins,0.0,18.0,2.5
3006300000,- Préparations opacifiantes pour examens radiographiques; réactifs de diagnostic conçus pour être employés sur le patient,0.0,18.0,2.5
3006400000,- Ciments et autres produits d'obturation dentaire; ciments pour la réfection osseuse,0.0,18.0,2.5
3006500000,"- Trousses et boîtes de pharmacie garnies, pour soins de première urgence",0.0,18.0,2.5
3006600000,"- Préparations chimiques contraceptives à base d?hormones, d?autres produits du n° 29.37 ou de spermicides",0.0,18.0,2.5
3006700000,- Préparations présentées sous forme de gel conçues pour ..médecine humaine ou vétérinaire comme..entre le corps et les instruments médicaux,0.0,18.0,20.68
3006910000,-- Appareillages identifiables de stomie,0.0,18.0,20.68
3006920000,-- Déchets pharmaceutiques,0.0,18.0,20.68
3101000000,"Engrais d'origine animale ou végétale, même mélangés entre eux ou...; engrais résultant du mélange ou ... d'origine animale ou végétale.",5.0,18.0,7.5
3102100000,"- Urée, même en solution aqueuse",0.0,18.0,2.5
3102210000,-- Sulfate d'ammonium,0.0,18.0,2.5
3102290000,-- Sels doubles et mélanges de sulfate d'ammonium et de nitrate d'ammonium,0.0,18.0,7.5
3102300000,"- Nitrate d'ammonium, même en solution aqueuse",0.0,18.0,2.5
3102400000,- Mélanges de nitrate d'ammonium et de carbonate de calcium ou d'autres matières inorganiques dépourvues de pouvoir fertilisant,5.0,18.0,7.5
3102500000,- Nitrate de sodium,0.0,18.0,2.5
3102600000,- Sels doubles et mélanges de nitrate de calcium et de nitrate d'ammonium,0.0,18.0,2.5
3102800000,- Mélanges d'urée et de nitrate d'ammonium en solutions aqueuses ou ammoniacales,5.0,18.0,7.5
3102900000,"- Autres engrais minéraux ou chimiques azotés, y compris les mélanges non visés dans les sous-positions précédentes, du n° 31.02",0.0,18.0,2.5
3103110000,-- Superphosphates contenant en poids 35% ou plus de pentaoxyde de diphosphore (P2O5),0.0,18.0,2.5
3103190000,-- Superphosphates autres que contenant en poids 35% ou plus de pentaoxyde de diphosphore (P2O5),0.0,18.0,2.5
3103900000,- Engrais minéraux ou chimiques phosphatés à l'exclusion des superphosphates,0.0,18.0,2.5
0713339000,"--- Haricots communs (Phaseolus vulgaris), ,secs,, écossés, même décortiqués ou cassés, autres que de semence",20.0,18.0,22.5
0713341000,"--- Pois Bambara (Pois de terre) (Vigna subterranea ou Voandzeia subterranea), secs, écossés, même décortiqués ou cassés, de semence",5.0,18.0,22.5
0713349000,"--- Pois Bambara (Pois de terre) (Vigna subterranea, Voandzeia subterranea), secs, écossés, même décortiqués ou cassés, aut. que de semence",20.0,18.0,22.5
0713351000,"--- Dolique à œil noir (Pois du Brésil, Niébé) (Vigna unguiculata), secs, écossés, même décortiqués ou cassés, de semence",5.0,18.0,22.5
0713359000,"--- Dolique à œil noir (Pois du Brésil, Niébé) (Vigna unguiculata), secs, écossés, même décortiqués ou cassés, autres que de semence",20.0,18.0,22.5
0713390000,"-- Autres haricots (Vigna spp., Phaseolus spp.), à cosse secs, écossés, même décortiqués ou cassés, non denommés",20.0,18.0,22.5
0713401000,"-- Lentilles sèches, écossés, même décortiquées ou cassées, de semence",5.0,18.0,22.5
0713409000,"-- Lentilles sèches, écossés, même décortiquées ou cassées, autrs que de semence",20.0,18.0,22.5
0713501000,"-- Fèves (Vicia faba var. major) et féveroles (Vicia faba var. ...minor), sèches, écossés, même décortiquées ou cassées, de semence",5.0,18.0,22.5
0713509000,"-- Fèves (Vicia faba var. major) et féveroles (Vicia faba var. ..minor), sèches, écossés, même décortiquées ou cassées,  aut. que de semence",20.0,18.0,22.5
0713601000,"-- Pois d'Ambrevade ou pois d'Angole (Cajanus cajan), secs, écossés, même décortiqués ou cassés, de semence",5.0,18.0,22.5
0713609000,"-- Pois d'Ambrevade ou pois d'Angole (Cajanus cajan), secs, écossés, même décortiqués ou cassés, autres que de semence",20.0,18.0,22.5
0713900000,"- Autres légumes à cosse secs, écossés, même décortiqués ou cassés du N° 07.13",20.0,18.0,22.5
0714100000,"- Racines de manioc fraiches, réfrigérées, congelées ou séchées, même débitées en morceaux ou agglomérées sous forme de pellets",20.0,18.0,22.5
0714200000,"- Patates douces fraiches, réfrigérées, congelées ou séchées, même débitées en morceaux ou agglomérées sous forme de pellets",20.0,18.0,22.5
0714300000,"- Ignames (Dioscorea spp.) fraiches, réfrigérées, congelées ou séchées, même débitées en morceaux ou agglomérées sous forme de pellets",20.0,18.0,22.5
0714400000,"- Colocases (Colocasia spp.) fraiches, réfrigérées, congelées ou séchées, même débitées en morceaux ou agglomérées sous forme de pellets",20.0,18.0,22.5
0714500000,"- Yautias (Xanthosoma spp.) frais, réfrigérés, congelés ou séchés, même débités en morceaux ou agglomérés sous forme de pellets",20.0,18.0,22.5
0714900000,"- Racines d'arrow-root..., racines et tubercules simil., NDCA, frais, réfrigérés, congelés ou séchés, même débités...; moelle de sagoutier",20.0,18.0,22.5
1904209000,"-- Autres préparations alimentaires de flocons de céréales (autres que le maïs), à l'exclusion de flocon d'avoine en embal. de 25 kg ou plus",20.0,18.0,44.28
1904300000,- Bulgur de blé,20.0,18.0,44.28
1904900000,"- Autres céréales précuites ou autrement préparées, non dénommées ni comprises ailleurs",20.0,18.0,44.28
1905200000,- Pain d?épices,20.0,18.0,44.28
1905310000,-- Biscuits additionnés d'?édulcorants,35.0,18.0,44.28
1905320000,-- Gaufres et gaufrettes,35.0,18.0,44.28
1905900000,"- Autres produits de la boulangerie, de la pâtisserie ou de la biscuiterie du N° 19.05; hosties, cachets vides ... produits similaires",35.0,18.0,44.28
2001100000,"- Concombres et cornichons, préparés ou conservés au vinaigre ou à l'acide acétique",20.0,18.0,44.28
2001900000,"- Légumes (aut. que concombre et cornichon), fruits et aut. parties comestib. de plante, préparés ou conservés au vinaigre ou acide acétique",20.0,18.0,44.28
2002100000,"- Tomates, entières ou en morceaux, préparées ou conservées autrement qu'au vinaigre ou à l'acide acétique",35.0,18.0,
2002901100,"--- Triples concentrés de tomates préparées ou conservées autr. qu'au vinaigre ou acide acétique, non conditionnés pour la vente au détail",10.0,18.0,32.48
2002901900,"--- Concentrés (sauf triples) de tomates, préparés ou conservés autr. qu'au vinaigre ou acide acétiq, non conditionnés pr la vente au détail",10.0,18.0,44.28
2002902000,"-- Concentrés de tomates, préparées ou conservées autrement qu'au vinaigre ou à l'acide acétique, conditionnés pour la vente au détail",35.0,18.0,
2002909000,"-- Autres tomates préparées ou conservées autrement qu'au vinaigre ou à l'acide acétique, du n° 20.02",35.0,18.0,44.28
2003100000,"- Champignons du genre Agaricus, préparés ou conservés autrement qu'au vinaigre ou à l'acide acétique",20.0,18.0,44.28
2003900000,"- Champignons (autres que du genre Agaricus) et truffes, préparés ou conservés autrement qu'au vinaigre ou à l'acide acétique",20.0,18.0,44.28
2004100000,"- Pommes de terre préparés ou conservés autrement qu'au vinaigre ou à l'acide acétique, congelés, autres que les produits du n° 20.06",35.0,18.0,44.28
2004900000,"- Autres légumes (sauf pom. de terre) et leurs mélanges, préparés...qu'au vinaigre ou acide acétiq, congelés, aut. que les pduits du n°20.06",20.0,18.0,44.28
2005100000,"- Légumes homogénéisés préparés ou conservés autrement qu'au vinaigre ou acide acétique, non congelés, autres que les produits du n° 20.06",20.0,18.0,44.28
2005200000,"- Pommes de terre préparées ou conservées autrement qu'au vinaigre ou à l'acide acétique, non congelées, autres que les produits du n° 20.06",35.0,18.0,44.28
2005400000,"- Pois (Pisum sativum) préparés ou conservés autrement qu'au vinaigre ou à l'acide acétique, non congelés, aut. que les produits du n° 20.06",20.0,18.0,44.28
2005510000,"-- Haricots (...)en grains, préparés ou conservés autr. qu'au vinaigre ou à l'acide acétique, non congelés, aut. que les produits du n°20.06",20.0,18.0,44.28
4112000000,"Cuirs préparés après tannage ou dessèchement et cuirs et peaux parcheminés, d?ovins, épilés, même refendus, autres que ceux du n° 41.14.",10.0,18.0,32.48
4113100000,"- Cuirs préparés après tannage ou dessèchement et cuirs et peaux parcheminés, de caprins, épilés, même refendus, autres que ceux du n° 41.14",10.0,18.0,32.48
4113200000,"- Cuirs préparés après tannage ou dessèchement et cuirs et peaux parcheminés, de porcins, épilés, même refendus, autres que ceux du n° 41.14",10.0,18.0,32.48
4113300000,"- Cuirs et peaux parcheminés, de reptiles, même refendus, autres que ceux du n° 41.14",10.0,18.0,32.48
4113900000,"- Autres cuirs et peaux d'autres animaux, même refendus, du n° 41.13, autres que ceux du n° 41.14",10.0,18.0,32.48
4114100000,- Cuirs et peaux chamoisés (y compris le chamois combiné),10.0,18.0,32.48
4114200000,- Cuirs et peaux vernis ou plaqués; cuirs et peaux métallisés,10.0,18.0,32.48
4115100000,"- Cuir reconstitué, à base de cuir ou de fibres de cuir, en plaques, feuilles ou bandes même enroulées",10.0,18.0,32.48
4115200000,"- Rognures et autres déchets de cuirs ou de peaux préparés ou de cuir reconstitué, non utilisables (...); sciure, poudre et farine de cuir",10.0,18.0,32.48
4201000000,"Articles de sellerie ou de bourrellerie pour tous animaux (y compris les traits, laisses  ... et articles similaires), en toutes matières.",20.0,18.0,44.28
4202111000,"--- Malles, valises et mallettes ... serviettes, cartables...,à surface extérieure en cuir naturel ou reconstitué… pour industrie du montage",10.0,18.0,44.28
4202119000,"--- Malles, valises et mallettes ... cartables...,à surface extérieure en cuir naturel ou reconstitué… autres que pour industrie du montage",20.0,18.0,44.28
4202121000,"--- Malles, valises et mallettes ... cartables...,à surface extérieure en matières plastiques ou textiles ... pour industrie du montage",10.0,18.0,44.28
4202129000,"--- Malles, valises et mallettes ... cartables...,à surface extérieure en plastiques ou textiles … autres que pour industrie du montage",20.0,18.0,44.28
4202191100,"---- Malles, valises et mallettes, … serviettes, cartables et contenants similaires, en carton… pour l'industrie du montage",10.0,18.0,44.28
4202191900,"---- Malles, valises et mallettes, … serviettes, cartables et contenants similaires, en carton… autres que pour l'industrie du montage",20.0,18.0,44.28
4202192100,"---- Malles, valises et mallettes, … serviettes, cartables et contenants similaires, en métaux communs, ... pour l'industrie du montage",10.0,18.0,44.28
4202192900,"---- Malles, valises et mallettes, …  cartables et contenants similaires, en métaux communs, ... autres que pour l'industrie du montage",20.0,18.0,44.28
4202199100,"---- Malles, valises et mallettes,  … serviettes, cartables ..., en autres matières, …  pour l'industrie du montage",10.0,18.0,44.28
4202199900,"---- Malles, valises et mallettes,  … serviettes, cartables ..., en autres matières, … autres que pour l'industrie du montage",20.0,18.0,44.28
4202211000,"--- Sacs à main, même à bandoulière…, à surface extérieure en cuir naturel ou reconstitué ... pour l?'industrie du montage",10.0,18.0,44.28
4202219000,"--- Sacs à main, même à bandoulière…, à surface extérieure en cuir naturel ou reconstitué … autres que pour l?'industrie du montage",20.0,18.0,44.28
5505200000,"- Déchets de fibres artificielles (y compris les blouses, les déchets de fils et les effilochés)",10.0,18.0,32.48
5506100000,"- Fibres synthétiques discontinues de nylon ou d'autres polyamides, cardées, peignées ou autrement transformées pour la filature",10.0,18.0,32.48
5506200000,"- Fibres synthétiques discontinues de polyester, cardées, peignées ou autrement transformées pour la filature",10.0,18.0,32.48
5506300000,"- Fibres synthétiques discontinues acryliques ou modacryliques cardées, peignées ou autrement transformées pour la filature",10.0,18.0,32.48
5506400000,"- Fibres synthétiques discontinues de polypropylène, cardées, peignées ou autrement transformées pour la filature",10.0,18.0,32.48
5506900000,"- Autres fibres synthétiques discontinues, cardées, peignées ou autrement transformées pour la filature, du n° 55.06",10.0,18.0,32.48
5507000000,"Fibres artificielles discontinues, cardées, peignées ou autrement transformées pour la filature.",10.0,18.0,32.48
5508100000,"- Fils à coudre de fibres synthétiques discontinues, même conditionnés pour la vente au détail",10.0,18.0,32.48
5508200000,"- Fils à coudre de fibres artificielles discontinues, même conditionnés pour la vente au détail",10.0,18.0,32.48
5509110000,"-- Fils de fibres synth. discontinues (sauf fils à coudre), d'au moins 85% en poids de fib. de nylon ou d'aut. polyamides, simples, NCVD",10.0,18.0,32.48
5509120000,"-- Fils à coudre de fibres synth. (sauf fils à coudre), d'au moins 85% en poids de fib. de nylon ou d'aut. polyamides retors ou cablés, NCVD",10.0,18.0,32.48
5509210000,"-- Fils de fibres synthétiques discontinues (sauf fils à coudre),  contenant au moins 85% en poids de fibres de polyester, simples, NCVD",10.0,18.0,32.48
5509220000,"-- Fils de fibres synthétiques discontinues (sauf fils à coudre), contenant au moins 85% en poids de fibres retors ou cablés, NCVD",10.0,18.0,32.48
5509310000,"Fils de fibres synthétiques discontinues (sauf fils à coudre), d'au moins 85% en poids de fibres acryliques ou modacryliques, simples, NCVD",10.0,18.0,32.48
5509320000,"-- Fils de fibres synth. discontinues (sauf fils à coudre), d'au moins 85% en poids de fib. acryliques ou modacryliq. retors ou cablés, NCVD",10.0,18.0,32.48
5509410000,"-- Autres fils de fibres synth. discontinues (sauf fils à coudre), d'au moins 85% en poids de fib. synth. disc., simples, NCVD, du n° 55.09",10.0,18.0,32.48
5509420000,"-- Autres fils de fibres synthétiques discontinues (sauf fils à coudre), d'au moins 85% en poids de fib. retors ou câblés, NCVD, du n° 55.09",10.0,18.0,32.48
5509510000,"-- Autres fils de fibres discontinues de polyester (sauf fils à coudre), mélangées pcplt ou uniqment avec des fib. artificielles disc., NCVD",10.0,18.0,32.48
5509520000,"-- Autres fils de fibres discontinues de ployester (sauf fils à coudre) mélangées pcplt ou uniqment avec de la laine ou des poils fins, NCVD",10.0,18.0,32.48
5509530000,"-- Autres fils de fibres discontinues de polyester (sauf fils à coudre), mélangées principalement ou uniquement avec du coton, NCVD",10.0,18.0,32.48
5509590000,"-- Autres fils de fibres discontinues de polyester (sauf fils à coudre), non conditionnés pour la vente au détail,du n° 55.09",10.0,18.0,32.48
5509610000,"-- Autres fils de fibres disc. acryliq. ou modacryliq.(sauf fils à coudre) mélangées pcplt ou uniqt avec de la laine ou des poils fins, NCVD",10.0,18.0,32.48
4202229000,"--- Sacs à main, même à bandoulière…, à surface extérieure en matières plastiques ou textiles … autres que pour l?'industrie du montage",20.0,18.0,44.28
4202291000,"--- Autres sacs à main, même à bandoulière, entièrement à l'état démonté ou non monté importés pour l'industrie du montage, du n° 42.02",10.0,18.0,44.28
4202299000,"--- Autres sacs à main, même à bandoulière, entièrement à l'état démonté ou non monté importés aut. que pr industrie du montage, du n°42.02",20.0,18.0,44.28
4202310000,"-- Articles de poche ou de sac à main, à surface extérieure en cuir naturel ou en cuir reconstitué",20.0,18.0,44.28
4202320000,"-- Articles de poche ou de sac à main, à surface extérieure en feuilles de matières plastiques ou en matières textiles",20.0,18.0,44.28
4202390000,"-- Autres articles de poche ou de sac à main, du n° 42.02",20.0,18.0,44.28
4202911000,"--- Autres articles de voyage, sacs et contenants ..., à surface extérieure, en cuir naturel ou reconstitué ... pour l?'industrie du montage",20.0,18.0,44.28
4202919000,"--- Autres articles de voyage, sacs et ..., à surface extérieure, en cuir naturel ou reconstitué … autres que pour l?'industrie du montage",20.0,18.0,44.28
4202921000,"--- Autres articles de voyage, sacs et contenants …,à surface extérieure en feuilles plastiques ou textiles … pour l?'industrie du montage",20.0,18.0,44.28
4202929000,"--- Autres articles de voyage, sacs et …,à surface extérieure en feuilles plastiques ou textiles … autres que pour l?'industrie du montage",20.0,18.0,44.28
4202991000,"--- Autres contenants en cuir naturel ou reconstitué ... entièrement à l?'état démonté ou non monté ... pr ?industrie du montage, du n°42.02",20.0,18.0,44.28
4202999000,"--- Autres contenants en cuir naturel ou reconstitué, à l'?état démonté ou non monté … autres que pour l'?industrie du montage, du n°42.02",20.0,18.0,44.28
4203100000,- Vêtements en cuir naturel ou reconstitué,20.0,18.0,44.28
4203210000,"-- Gants, mitaines et moufles, en cuir naturel ou reconstitué, spécialement conçus pour la pratique de sports",20.0,18.0,44.28
4203290000,"-- Gants, mitaines et moufles, en cuir naturel ou reconstitué, autres que pour la pratique de sports",20.0,18.0,44.28
4203300000,"- Ceintures, ceinturons et baudriers, en cuir naturel ou reconstitué",20.0,18.0,44.28
4203400000,"- Autres accessoires du vêtement en cuir naturel ou reconstitué, du n° 42.03",20.0,18.0,44.28
4205000000,Autres ouvrages en cuir naturel ou reconstitué.,20.0,18.0,44.28
4206000000,"Ouvrages en boyaux, en baudruches, en vessies ou en tendons.",10.0,18.0,32.48
4301100000,"- Pelleteries brutes de visons, entières, même sans les têtes, queues ou pattes, autres que les peaux des n° s 41.01, 41.02 ou 41.03",5.0,18.0,26.58
4301300000,"- Pelleteries brutes d'agneaux dits astrakan, ..., d'agneaux des Indes, Chine, Mongolie ou du Tibet, entières, même sans les têtes... pattes",5.0,18.0,26.58
4301600000,"- Pelleteries brutes de renards, entières, même sans les têtes, queues ou pattes, autres que les peaux des n° s 41.01, 41.02 ou 41.03",5.0,18.0,26.58
4301800000,"- Pelleteries brutes d'autres animaux, entières, même sans les têtes, queues ou pattes, autres que les peaux des n° s 41.01, 41.02 ou 41.03",5.0,18.0,26.58
3706901000,"-- Films cinématographiques, impressionnés et développés...,autres que ceux d'une largeur de 35mm ou plus, destinés aux salles de spectacles",20.0,18.0,22.5
3706909000,"-- Films cinématographiques, impressionnés et développés...,aut. que ceux d'une largeur de 35mm ou plus ou destinés aux salles de spectacles",20.0,18.0,44.28
3707100000,- Emulsions pour la sensibilisation des surfaces pour usages photographiques,20.0,18.0,44.28
3707900000,"- Autres préparations chimiques et produits non mélangés, pour usages photographiques, du n° 37.07",20.0,18.0,44.28
3801100000,- Graphite artificiel,10.0,18.0,32.48
3801200000,- Graphite colloïdal ou semi-colloïdal,10.0,18.0,32.48
3801300000,- Pâtes carbonées pour électrodes et pâtes similaires pour le revêtement intérieur des fours,10.0,18.0,32.48
3801900000,"- Autres préparations à base de graphite ou d'autre carbone, sous forme de pâtes, blocs, plaquettes ou d'autres demi-produits, du n° 38.01",10.0,18.0,32.48
3802100000,- Charbons activés,10.0,18.0,32.48
3802900000,"- Matières minérales naturelles activées; noirs d'origine animale, y compris le noir animal épuisé",10.0,18.0,32.48
3803000000,"Tall oil, même raffiné.",10.0,18.0,32.48
3804000000,"Lessives résiduaires de la fabrication des pâtes de cellulose,..., y cpris les lignosulfonates, mais à l'exclusion du tall oil du n°38.03.",10.0,18.0,32.48
3805100000,"- Essences de térébenthine, de bois de pin ou de papeterie au sulfate",10.0,18.0,32.48
3805900000,- Autres essences terpéniques ...; dipentène brut; ...; huile de pin contenant l'alpha-terpinéol comme constituant principal,10.0,18.0,32.48
3806100000,- Colophanes et acides résiniques,10.0,18.0,32.48
3806200000,"- Sels de colophanes, d'acides résiniques ou de dérivés de colophanes ou d'acides résiniques, autres que les sels des adducts de colophanes",10.0,18.0,32.48
3806300000,- Gommes esters,10.0,18.0,32.48
3806900000,- Dérivés de colophanes ou d'acides résiniques; essence et huiles de colophane; gommes fondues autres qu'esters,10.0,18.0,32.48
3807000000,"Goudrons de bois; huiles de goudron de bois; créosote de bois; méthylène; poix végétales, de brasserie et préparations...de poix végétales",10.0,18.0,32.48
3808520000,"-- DDT (ISO) (clofenotane (DCI), conditionné dans des emballages d'un contenu en poids net n'excédant pas 300 g",5.0,18.0,22.5
3808591100,"---- Marchandises mentionnées dans la note1 de sous-position du présent chap., autres que celles du N°3808.52 CVD, destinées à l'agriculture",5.0,18.0,22.5
3808591900,"---- Autres marchandises mentionnées dans la note1 de sous-position du chap.38, sauf celles du N°3808.52 CVD, non destinées à l'agriculture",20.0,18.0,22.5
3808599000,"--- Marchandises mentionnées dans la note1 de sous-position du présent chap., autres que celles du N°3808.52 non CVD",5.0,18.0,22.5
3808610000,"-- Marchandises de la note2 de sous-position du chap.38, conditionnées dans des emballages, contenu en poids net n'excéde pas 300 g",5.0,18.0,22.5
3808620000,"-- Marchandises de la note2 de sous-position du présent chap., conditionnées dans des emballages, contenu en poids net entre 300 g et 7,5 kg",5.0,18.0,22.5
4202221000,"--- Sacs à main, même à bandoulière…, à surface extérieure en matières plastiques ou textiles ... pour l?'industrie du montage",10.0,18.0,44.28
4811901000,"-- Autres papiers, cartons,ouate de cellulose et nappes de fibres de cellulose, en rouleau, larg. n'excède pas 150mm... non plié, du n°48.11",10.0,18.0,32.48
4811902000,"-- Autres couvre-parquets à support de papier ou de carton, même découpés, du n° 48.11",20.0,18.0,44.28
4811909000,"-- Autres papiers, cartons, ouate de cellulose et nappes de fibres de cellulose, du n° 48.11",10.0,18.0,32.48
4812000000,"Blocs filtrants et plaques filtrantes, en pâte à papier.",10.0,18.0,32.48
4813100000,"- Papier à cigarettes découpé, en cahiers ou en tubes",10.0,18.0,32.48
4813200000,"- Papier à cigarettes découpé, en rouleaux d'une largeur n'excédant pas 5 cm",5.0,18.0,26.58
4813900000,"- Autre papier à cigarettes, même découpé à format, du n° 48.13",10.0,18.0,32.48
4814200000,"- Papiers peints et revêtements muraux similaires, constitués par du papier enduit ou recouvert, ... couche de matière plastique ... décorée",20.0,18.0,44.28
4814900000,- Autres papiers peints et revêtements muraux similaires; vitrauphanies,20.0,18.0,44.28
4816200000,- Papiers dits «autocopiants»,10.0,18.0,32.48
4816900000,"- Papiers carbone et autres papiers pour duplication ou reports (sauf du n° 48.09), stencils complets et plaques offset, ... en boîtes",10.0,18.0,32.48
4817100000,- Enveloppes en papier ou carton,20.0,18.0,44.28
4817200000,"- Cartes-lettres, cartes postales non illustrées et cartes pour correspondance, en papier ou carton",20.0,18.0,44.28
4817300000,"- Boîtes, pochettes et présentations similaires, en papier ou carton, renfermant un assortiment d'articles de correspondance",20.0,18.0,44.28
4818100000,- Papier hygiénique,20.0,18.0,44.28
4818200000,"- Mouchoirs, serviettes à démaquiller et essuie-mains, en pâte à papier, papier, ouate de cellulose ou nappes de fibres de cellulose",20.0,18.0,44.28
4818300000,"- Nappes et serviettes de table, en pâte à papier, papier, ouate de cellulose ou nappes de fibres de cellulose",20.0,18.0,44.28
4818500000,"- Vêtements et accessoires du vêtement, en pâte à papier, papier, ouate de cellulose ou nappes de fibres de cellulose",20.0,18.0,44.28
4818900000,"- Autres articles en pâte à papier, papier, ouate de cellulose ou nappes de fibres de cellulose, du n° 48.18",20.0,18.0,44.28
4819100000,- Boîtes et caisses en papier ou carton ondulé,20.0,18.0,44.28
4819201000,"-- Boîtes et cartonnages, pliants, en papier ou carton non ondulé, doublés de film en polypropylène",10.0,18.0,32.48
4819209000,"-- Boîtes et cartonnages, pliants, en papier ou carton non ondulé, autres que ceux doublés de film en polypropylène",20.0,18.0,44.28
4819300000,"- Sacs d'une largeur à la base de 40 cm ou plus, en papier, carton, ouate de cellulose ou nappes de fibres de cellulose",20.0,18.0,44.28
4819400000,"- Autres sacs; sachets, pochettes (sauf pour disques) et cornets, en papier, carton, ouate de cellulose ou nappes de fibres de cellulose",20.0,18.0,44.28
4819500000,"- Autres emballages, y compris les pochettes pour disques, en papier, carton, ouate de cellulose ou nappes de fibres de cellulose",20.0,18.0,44.28
5509620000,"-- Autres fils de fibres discontinues acryliques ou modacryliques (sauf fils à coudre), mélangées pcpalt ou uniquement avec du coton, NCVD",10.0,18.0,32.48
6107210000,"-- Chemises de nuit et pyjamas de coton, en bonneterie, pour hommes ou garçonnets",20.0,18.0,44.28
6107220000,"-- Chemises de nuit et pyjamas de fibres synthétiques ou artificielles, en bonneterie, pour hommes ou garçonnets",20.0,18.0,44.28
6107290000,"-- Chemises de nuit et pyjamas d'autres matières textiles, en bonneterie, pour hommes ou garçonnets",20.0,18.0,44.28
6107910000,"-- Peignoirs de bain, robes de chambre et articles similaires de coton, en bonneterie, pour hommes ou garçonnets",20.0,18.0,44.28
6107990000,"-- Peignoirs de bain, robes de chambre et articles similaires d'autres matières textiles, en bonneterie, pour hommes ou garçonnets",20.0,18.0,44.28
6108110000,"-- Combinaisons ou fonds de robes et jupons de fibres synthétiques ou artificielles, en bonneterie, pour femmes ou fillettes",20.0,18.0,44.28
6108190000,"-- Combinaisons ou fonds de robes et jupons d'autres matières textiles, en bonneterie, pour femmes ou fillettes",20.0,18.0,44.28
6108210000,"-- Slips et culottes de coton, en bonneterie, pour femmes ou fillettes",20.0,18.0,44.28
6108220000,"-- Slips et culottes de fibres synthétiques ou artificielles, en bonneterie, pour femmes ou fillettes",20.0,18.0,44.28
6108290000,"-- Slips et culottes d'autres matières textiles, en bonneterie, pour femmes ou fillettes",20.0,18.0,44.28
6108310000,"-- Chemises de nuit et pyjamas de coton, en bonneterie, pour femmes ou fillettes",20.0,18.0,44.28
6108320000,"-- Chemises de nuit et pyjamas de fibres synthétiques ou artificielles, en bonneterie, pour femmes ou fillettes",20.0,18.0,44.28
6108390000,"-- Chemises de nuit et pyjamas d'autres matières textiles, en bonneterie, pour femmes ou fillettes",20.0,18.0,44.28
6108910000,"-- Déshabillés, peignoirs de bain, robes de chambre et articles similaires de coton, en bonneterie, pour femmes ou fillettes",20.0,18.0,44.28
6108920000,"-- Déshabillés, peignoirs de bain, robes de chambre et similaires de fib. synthétiq. ou artificiel., en bonneterie, pour femmes ou fillettes",20.0,18.0,44.28
6108990000,"-- Déshabillés, peignoirs de bain, robes de chambre et articles similaires d'autres mat. textiles, en bonneterie, pour femmes ou fillettes",20.0,18.0,44.28
6109100000,"- T- shirts et maillots de corps de coton, en bonneterie",20.0,18.0,44.28
6109900000,"-T- shirts et maillots de corps d'autres matières textiles, en bonneterie",20.0,18.0,44.28
6110110000,"-- Chandails, pull-overs, cardigans, gilets et articles similaires y compris les sous-pulls, de laine, en bonneterie",20.0,18.0,44.28
6110120000,"-- Chandails, pull-overs, cardigans, gilets et articles similaires y compris les sous-pulls, de chèvre de Cachemire, en bonneterie",20.0,18.0,44.28
6110190000,"-- Chandails, pull-overs, cardigans, gilets et articles similaires y compris les sous-pulls, d'autres poils fins, en bonneterie",20.0,18.0,44.28
6110200000,"- Chandails, pull-overs, cardigans, gilets et articles similaires y compris les sous-pulls, de coton, en bonneterie",20.0,18.0,44.28
4301900000,"- Têtes, queues, pattes et autres morceaux utilisables en pelleterie",5.0,18.0,26.58
4302110000,"-- Pelleteries tannées ou apprêtées de visons, entières, même sans les têtes, queues ou pattes, non assemblées",10.0,18.0,32.48
4302190000,"-- Pelleteries tannées ou apprêtées autres que de visons, entières, même sans les têtes, queues ou pattes, non assemblées",10.0,18.0,32.48
4302200000,"- Têtes, queues, pattes et autres morceaux, déchets et chutes, non assemblés",10.0,18.0,32.48
4302300000,"- Pelleteries entières et leurs morceaux et chutes, assemblés",10.0,18.0,32.48
4303100000,- Vêtements et accessoires du vêtement en pelleteries,20.0,18.0,44.28
4303900000,- Autres articles en pelleteries du n° 43.03,10.0,18.0,32.48
4304000000,Pelleteries factices et articles en pelleteries factices.,20.0,18.0,44.28
4401110000,"-- Bois de conifères en rondins, bûches, ramilles, fagots ou sous formes similaires",5.0,18.0,26.58
4401120000,"Bois de chauffage ( autres que de conifères) en rondins, bûches, ramilles, fagots ou sous formes similaires",5.0,18.0,26.58
4401210000,-- Bois en plaquettes ou en particules de conifères,5.0,18.0,26.58
4401220000,--  Bois en plaquettes ou en particules autres que de conifères,5.0,18.0,26.58
4401310000,-- Granulés de bois,5.0,18.0,26.58
4401390000,"-- Sciures, déchets et débris de bois, agglomérés sous forme de bûches, briquettes, ou formes similaires à l'exclusion des granulés de bois",5.0,18.0,26.58
4401400000,"- Sciures, déchets et débris de bois, non agglomérés",5.0,18.0,26.58
4402100000,"-  Charbon de bambou, même aggloméré",5.0,18.0,26.58
4402900000,"- Charbon de bois (y compris le charbon de coques ou de noix), autres que de bambou, même aggloméré",5.0,18.0,26.58
4403110000,"-- Bois bruts de conifères,..., désaubiérés ou équarris, traités avec une peinture, de la créosote ou d'autres agents de conservation",5.0,18.0,7.5
4403120000,"-- Bois bruts (autres que de conifères) ..., désaubiérés ou équarris, traités avec peinture, créosote ou autres agents de conservation",5.0,18.0,7.5
4403210000,"-- Bois bruts de pin (...), autr. que du N° 4403,1 …  ou equarris, plus grande dimension de coupe transversale égale ou supérieure à 15 cm",5.0,18.0,7.5
4403220000,"-- Bois bruts de pin (Pinnus spp.), , autr. que du N° 4403,1 ...  même ecorcés, désaubiérés ou equarris, à l'exclusion de ceux du N°4403.21",5.0,18.0,7.5
4403230000,"-- Bois bruts de sapin et d'épicéa, autr. que du N°4403.1 … équarris, plus grande dimension de coupe transversale égale ou supérieure à 15cm",5.0,18.0,7.5
4403240000,"-- Bois bruts de sapin (Abies spp.) et d'épicéa (Picea spp.), autres que du N°4403.1 , ... ou equarris, à l'exclusion de ceux du N°4403.23",5.0,18.0,7.5
4403250000,"-- Bois bruts de conifères (sauf pin et sapin), autr. que N°4403.1 ... equarris, plus grande dimension de coupe transversale d'au moins 15cm",5.0,18.0,7.5
4403260000,"-- Bois bruts de conifères (sauf pin et sapin), autr. que N°4403.1 ... désaubiérés ou équarris, à l'exclusion de ceux du N°4403.25",5.0,18.0,7.5
3808690000,"-- Marchandises de la note2 de sous-position du chap.38, autr que conditionnées dans emballages, contenu en poids net n'excéde pas 7,5 kg",5.0,18.0,22.5
3808911110,"----- Insecticides conditionnés pour la vente au détail, destinés à l'agriculture, contenant du bromométhane ou du bromochlorométhane",5.0,18.0,22.5
3808911190,"----- Insecticides conditionnés pour la vente au détail, destinés à l'agriculture, ne contenant pas du bromométhane ni du bromochlorométhane",5.0,18.0,22.5
3808911910,"----- Serpentin anti moustique de type « mosquito », conditionnés pour la vente au détail",20.0,18.0,22.5
3808911920,"----- Insecticides conditionnés pour la vente au détail, non destinés à l'agriculture, contenant du bromométhane ou du bromochlorométhane",20.0,18.0,22.5
3808911990,"----- Insecticides conditionnés pour  vente au détail, non destinés à l'agriculture, ne contenant pas du bromométhane ni bromochlorométhane",20.0,18.0,22.5
3808919000,"--- Autres incerticides non conditionnés pour la vente au détail, du n° 38.08",5.0,18.0,7.5
3808921000,--- Fongicides contenant du bromométhane (bromure de méthyle) ou du bromochlorométhane,5.0,18.0,7.5
3808929000,"--- Fongicides, autres que ceux contenant du bromométhane (bromure de méthyle) ou du bromochlorométhane, du n° 38.08",5.0,18.0,7.5
3808931000,"--- Herbicides, inhibiteurs de germination et régulateurs de croissance pour plantes, contenant du bromométhane ou du bromochlorométhane",5.0,18.0,7.5
3808939000,"--- Herbicides, inhibiteurs de germination et régulateurs de croissance pour plantes, ne contenant ni bromométhane ni bromochlorométhane",5.0,18.0,7.5
3808941000,--- Désinfectants contenant du bromométhane (bromure de méthyle) ou du bromochlorométhane,20.0,18.0,7.5
3808991000,--- Autres produits du n° 38.08 contenant du bromométhane (bromure de méthyle) ou du bromochlorométhane,20.0,18.0,7.5
3809100000,"- Agents d'apprêt ou de finissage, accélérateurs de teinture ou de fixation de matières colorantes et aut... à base de mat. amylacées, NDCA",5.0,18.0,26.58
3809910000,"-- Agents d'apprêt ou de finissage,... utilisés en  industries textile ou similaires, autres qu'à base de matières amylacées, NDCA",5.0,18.0,26.58
3809920000,"-- Agents d'apprêt ou de finissage,... utilisés en  industries papier ou similaires, autres qu'à base de matières amylacées, NDCA",5.0,18.0,26.58
3809930000,"-- Agents d'apprêt ou de finissage,... utilisés en  industries du cuir ou similaires, autres qu'à base de matières amylacées, NDCA",5.0,18.0,26.58
3810100000,- Préparations pour le décapage des métaux; pâtes et poudres à souder ou à braser composées de métal et d'autres produits,10.0,18.0,32.48
3810900000,- Flux à souder ou à braser et autres préparations auxiliaires pour soudage ou brasage de métaux;  préparations pour enrobage ou ... soudage,10.0,18.0,32.48
3811110000,"-- Préparations antidétonantes, à base de composés du plomb",10.0,18.0,32.48
3811190000,"-- Préparations antidétonantes, autres qu'à base de composés du plomb",10.0,18.0,32.48
4819600000,"- Cartonnages de bureau, de magasin ou similaires",20.0,18.0,44.28
4820100000,"- Registres, livres comptables, carnets (...), blocs-mémorandums, blocs ... à lettres, agendas et ouvrages similaires, en papier ou carton",20.0,18.0,44.28
4820200000,- Cahiers en papier ou carton,20.0,18.0,44.28
4820300000,"- Classeurs, reliures (autres que les couvertures pour livres), chemises et couvertures à dossiers, en papier ou carton",20.0,18.0,44.28
4820400000,"- Liasses et carnets manifold, même comportant des feuilles de papier carbone, en papier ou carton",20.0,18.0,44.28
4820500000,"- Albums pour échantillonnages ou pour collections, en papier ou carton",20.0,18.0,44.28
4820901000,"-- Autres articles scolaires, en papier ou carton",20.0,18.0,44.28
4820909000,"-- Agendas, sous-main, articles de bureau ou de papeterie et couvertures pour livres, en papier ou carton",20.0,18.0,44.28
4822100000,"- Tambours, bobines, fusettes, canettes et supports similaires, en pâte à papier, papier ou carton, ... pour l'enroulement des fils textiles",10.0,18.0,32.48
4822900000,"- Tambours, bobines, fusettes, canettes et ... similaires, en pâte à papier, papier ou carton, …, sauf pour l'enroulement des fils textiles",10.0,18.0,32.48
4823200000,- Papier et carton-filtre,10.0,18.0,32.48
4823400000,"- Papiers à diagrammes pour appareils enregistreurs, en bobines, en feuilles ou en disques",20.0,18.0,44.28
4823610000,"-- Plateaux, plats, assiettes, tasses, gobelets et articles similaires, en bambou",20.0,18.0,44.28
4823690000,"-- Plateaux, plats, assiettes, tasses, gobelets et articles similaires, en papier ou carton, autres qu'en bambou",20.0,18.0,44.28
4823700000,- Articles moulés ou pressés en pâte à papier,20.0,18.0,44.28
4823900000,- Autres articles du n° 48.23,20.0,18.0,44.28
4901100000,"- Livres, brochures et imprimés similaires en feuillets isolés, même pliés",0.0,18.0,2.5
4901910000,"-- Dictionnaires et encyclopédies, même en fascicules",0.0,18.0,2.5
4901991000,"--- Livres, brochures et imprimés similaires scolaires ou scientifiques",0.0,18.0,2.5
4901999000,"--- Autres livres, brochures et imprimés similaires, du n° 49.01",0.0,18.0,2.5
4902100000,"- Journaux et publications périodiques imprimés, même illustrés ou contenant de la publicité paraissant au moins quatre fois par semaine",0.0,18.0,2.5
4902900000,"- Journaux et publications périodiques imprimés, même illustrés ou contenant de la publicité, autres que ceux du n° 4902.10",0.0,18.0,2.5
4903000000,"Albums ou livres d'images et albums à dessiner ou à colorier, pour enfants.",0.0,18.0,2.5
4904000000,"Musique manuscrite ou imprimée, illustrée ou non, même reliée.",0.0,18.0,2.5
4905100000,"- Globes, imprimés",0.0,18.0,2.5
6110300000,"- Chandails, pull-overs, cardigans, gilets et similaires y compris les sous-pulls, de fibres synthétiques ou artificielles, en bonneterie",20.0,18.0,44.28
6110900000,"- Chandails, pull-overs, cardigans, gilets et articles similaires y compris les sous-pulls, d'autres matières textiles, en bonneterie",20.0,18.0,44.28
6111200000,"- Vêtements et accessoires de vêtements, de coton, en bonneterie, pour bébé",20.0,18.0,44.28
6111300000,"- Vêtements et accessoires de vêtements, de fibres synthétiques, en bonneterie, pour bébé",20.0,18.0,44.28
6111900000,"- Vêtements et accessoires de vêtements, d'autres matières textiles, en bonneterie, pour bébé",20.0,18.0,44.28
6112110000,"-- Survêtements de sport (trainings) de coton, en bonneterie",20.0,18.0,44.28
6112120000,"-- Survêtements de sport (trainings) de fibres synthétiques, en bonneterie",20.0,18.0,44.28
6112190000,"-- Survêtements de sport (trainings) d'autres matières textiles, en bonneterie",20.0,18.0,44.28
6112200000,"- Combinaisons et ensembles de ski, en bonneterie",20.0,18.0,44.28
6112310000,"-- Maillots, culottes et slips de bain, de fibres synthétiques, en bonneterie, pour hommes ou garçonnets",20.0,18.0,44.28
6112390000,"-- Maillots, culottes et slips de bain, d'autres matières textiles, en bonneterie, pour hommes ou garçonnets",20.0,18.0,44.28
6112410000,"-- Maillots, culottes et slips de bain, de fibres synthétiques, en bonneterie, pour femmes et fillettes",20.0,18.0,44.28
6112490000,"-- Maillots, culottes et slips de bain, d'autres matières textiles, en bonneterie, pour femmes et fillettes",20.0,18.0,44.28
6113000000,"Vêtements confectionnés en étoffes de bonneterie des n°s 59.03, 59.06 ou 59.07.",20.0,18.0,44.28
6114200000,"- Autres vêtements de coton, en bonneterie",20.0,18.0,44.28
6114300000,"- Autres vêtements de fibres synthétiques ou artificielles, en bonneterie",20.0,18.0,44.28
6114900000,"- Autres vêtements d'autres matières textiles, en bonneterie",20.0,18.0,44.28
6115100000,"- Collants (bas-culottes), bas et mi-bas à compression dégressive (les bas à varices, par exemple), en bonneterie",20.0,18.0,44.28
6115210000,"-- Autres collants ( bas-culottes) de fibres synthétiques, titrant en fils simples moins de 67 décitex, en bonneterie",20.0,18.0,44.28
6115220000,"-- Autres collants ( bas-culottes) de fibres synthétiques, titrant en fils simples 67 décitex ou plus, en bonneterie",20.0,18.0,44.28
6115290000,"-- Autres collants ( bas-culottes) d'autres matières textiles, en bonneterie",20.0,18.0,44.28
6115300000,"- Autres bas et mi-bas de femmes titrant en fils simples moins de 67 décitex, en bonneterie",20.0,18.0,44.28
6115940000,"-- Autres chausettes et articles chaussants, de laine ou de poils fins, en bonneterie",20.0,18.0,44.28
6115950000,"-- Autres chaussettes et articles chaussants, de coton, en bonneterie",20.0,18.0,44.28
6115960000,"-- Autres chaussettes et articles chaussants, de fibres syntétiques, en bonneterie",20.0,18.0,44.28
4403410000,"-- Dark Red Meranti, Light Red Meranti et Meranti Bakau, bruts, même écorcés, désaubiérés ou équarris, autres que ceux du n° 4403.10",5.0,18.0,7.5
4403490000,"-- Bois tropicaux bruts, autres que du N°4403.1, même écorcés, désaubiérés ou équarris, à l'exclusion de ceux du n°4403.41",5.0,18.0,7.5
4403910000,"-- Bois de chêne (Quercus spp.), bruts, même écorcés, désaubiérés ou équarris, autres que ceux du n°4403.10",5.0,18.0,7.5
4403930000,"-- Bois bruts de hêtre (Fagus spp.), autres que du N°4403.1 ... ou équarris, plus grande dimension de coupe transversale d'au moins 15 cm",5.0,18.0,7.5
4403940000,"-- Bois bruts de hêtre (Fagus spp.), autres que du N°4403.1 ... ou équarris, à l'exclusion de ceux du N° 4403.93",5.0,18.0,7.5
4403950000,"-- Bois bruts de bouleau (Betula ...), autres que du N°4403.1 ... ou équarris, plus grande dimension de coupe transversale d'au moins 15cm",5.0,18.0,7.5
4403960000,"-- Bois bruts de bouleau (Betula spp.), autres que du N°4403.1 ... ou équarris, à l'exclusion de ceux du N° 4403.94",5.0,18.0,7.5
4403970000,"-- Bois bruts de peuplier (Populus spp.), même écorcés, désaubiérés  ou équarris, autres que traités avec une peinture, de la créosote …",5.0,18.0,7.5
4403980000,"-- Bois bruts d'eucalyptus (Eucalypts spp.), même écorcés, désaubiérés  ou équarris, autres que traités avec une peinture, de la créosote …",5.0,18.0,7.5
4403990000,"-- Autres bois bruts, même écorcés, désaubiérés ou équarris, du n° 44.03",5.0,18.0,7.5
4404100000,"- Bois feuillards, échalas fendus, ... en bois, ...; bois simplement dégrossis ou ..., pour cannes, ...; bois en éclisses, ..., de conifères",5.0,18.0,26.58
4404200000,"- Bois feuillards, échalas ... en bois, ...; bois simplement dégrossis ou ..., pour cannes, ...; bois en éclisses, ...,aut. que de conifères",5.0,18.0,26.58
4405000000,Laine (paille) de bois; farine de bois.,5.0,18.0,26.58
4406110000,"-- Traverses de conifères non imprégnées, pour voies ferrées ou similaires",10.0,18.0,32.48
4406120000,"-- Traverses de bois (autres que de conifères) non imprégnées, pour voies ferrées ou similaires",10.0,18.0,32.48
4406910000,"-- Traverses de conifères, autres que non imprégnées, pour voies ferrées ou similaires",10.0,18.0,32.48
4406920000,"-- Traverses de bois (autres que de conifères), autres que non imprégnées, pour voies ferrées ou similaires",10.0,18.0,32.48
4407110000,"-- Bois de pin (Pinus spp.), sciés ou dédossés longitudinalement, tranchés ou déroulés, même rabotés (..), d'une épaisseur excédant 6 mm",10.0,18.0,32.48
4407120000,"-- Bois de sapin (...) et d'épicéa (…), sciés ou dédossés longitudinalement, tranchés ou déroulés (..), d'une épaisseur excédant 6 mm",10.0,18.0,32.48
4407190000,"-- Bois de conifères autres que pin, sapin ou épicéa, sciés ou dédossés longitudinalement, tranchés ou déroulés, (..), épaisseur excéde 6mm",10.0,18.0,32.48
4407210000,"-- Mahogany (Swietenia spp.), sciés ou dédossés longitudinalement, tranchés ou déroulés, même rabotés, ..., d'une épaisseur excédant 6 mm",10.0,18.0,32.48
4407220000,"-- Virola, Imbuia et Balsa, sciés ou dédossés longitudinalement, tranchés ou déroulés, même rabotés, ..., d'une épaisseur excédant 6 mm",10.0,18.0,32.48
3811210000,"-- Additifs pour huiles lubrifiantes, contenant des huiles de pétrole ou de minéraux bitumineux",10.0,18.0,32.48
3811290000,"-- Additifs pour huiles lubrifiantes, autres que ceux contenant des huiles de pétrole ou de minéraux bitumineux",10.0,18.0,32.48
3811900000,"- Inhibiteurs d'oxydation, améliorants de viscosité, autres additifs du n° 38.11",10.0,18.0,32.48
3812100000,- Préparations dites «accélérateurs de vulcanisation»,5.0,18.0,26.58
3812200000,"- Plastifiants composites pour caoutchouc ou matières plastiques, non dénommés ni compris ailleurs",5.0,18.0,26.58
3812310000,"-- Mélanges d'oligomères de 2,2,4-trimethyl-1,2-dihydroquinoline (TMQ)",5.0,18.0,26.58
3812390000,"-- Préparations antioxydantes et autres stabilisateurs com-posites, autres que les mélanges d'ollgomères du N°3812.31",5.0,18.0,26.58
3813001000,"- Compositions et charges pour appareils extincteurs, et grenades et bombes extinctrices, contenant du bromochlorodifluorométhane, …",10.0,18.0,32.48
3813002000,"- Compositions et charges pour appareils extincteurs, et grenades et bombes extinctrices, contenant  hydrobromofluorocarbures du méthane, …",10.0,18.0,32.48
3813003000,"- Compositions et charges pour appareils extincteurs, et grenades et bombes extinctrices, contenant  hydrochlorofluorocarbures du méthane, …",10.0,18.0,32.48
3813004000,"- Compositions et charges pour appareils extincteurs, et grenades et bombes extinctrices, contenant du bromochlorométhane",10.0,18.0,32.48
3813009000,"- Autres compositions et charges pour appareils extincteurs, et grenades et bombes extinctrices, du n° 38.13",10.0,18.0,32.48
3814001000,"- Solvants et diluants ...NDCA, et préparations pour enlever les peintures ou les vernis, contenant des chlorofluorocarbures du méthane,...",10.0,18.0,32.48
3814002000,"-  Solvants et diluants...,NDCA, et préparations pour enlever les peintures ou les vernis, contenant… du propane (HCFC), mais pas de (CFC)",10.0,18.0,32.48
3814003000,"- Solvants et diluants ...NDCA, et préparations pour enlever les peintures ou vernis, contenant du tétrachlorure de carbone… trichloroéthane",10.0,18.0,32.48
3814009000,"- Autres solvants et diluants organiques composites, NDCA, et préparations conçues pour enlever les peintures ou les vernis, du n° 38.14",10.0,18.0,32.48
3815110000,"-- Catalyseurs supportés, ayant comme substance active le nickel ou un composé de nickel",10.0,18.0,32.48
3815120000,"-- Catalyseurs supportés, ayant comme substance active un métal précieux ou un composé de métal précieux",10.0,18.0,32.48
3815190000,-- Autres catalyseurs supportés du n° 38.15,10.0,18.0,32.48
3815900000,"- Initiateurs de réaction, accélérateurs de réaction et préparations catalytiques, non dénommés ni compris ailleurs",10.0,18.0,32.48
3816000000,"Ciments, mortiers, bétons et compositions similaires réfractaires, autres que les produits du n° 38.01.",10.0,18.0,32.48
3817000000,"Alkylbenzènes en mélanges et alkylnaphtalènes en mélanges, autres que ceux des n°s 27.07 ou 29.02.",10.0,18.0,32.48
3818000000,"Eléments chimiques dopés pour usages en électronique, sous forme de disques, ...; composés chimiques dopés pour usages en électronique.",10.0,18.0,32.48
4905910000,"-- Ouvrages cartographiques de tous genres, sous forme de livres ou de brochures, imprimés",0.0,18.0,2.5
4905990000,"-- Ouvrages cartographiques de tous genres (à l'exclusion des globes), autres que sous forme de livres ou de brochures, imprimés",0.0,18.0,2.5
4906000000,"Plans et dessins d'architectes, d'ingénieurs ... original à la main; textes écrits à la main; reproductions photographiques ... ci-dessus.",0.0,18.0,2.5
4907000000,"Timbres-poste, timbres fiscaux et analogues, non oblitérés, ayant cours ...; papier timbré; billets de banque; chèques; titres d'actions ...",0.0,18.0,2.5
4908100000,- Décalcomanies vitrifiables,10.0,18.0,32.48
4908900000,"- Décalcomanies de tous genres, autres que vitrifiables",10.0,18.0,32.48
4909000000,"Cartes postales imprimées ou illustrées; cartes imprimées comportant des vo?eux ou messages personnels, ... garnitures ou applications.",20.0,18.0,44.28
4910000000,"Calendriers de tous genres, imprimés, y compris les blocs de calendriers à effeuiller.",20.0,18.0,44.28
4911100000,"- Imprimés publicitaires, catalogues commerciaux et similaires",20.0,18.0,44.28
4911991000,--- Imprimés à caractère administratif,20.0,18.0,44.28
4911999100,---- Cartes de recharge téléphoniques,20.0,18.0,44.28
4911999900,---- Autres imprimés du n° 49.11,20.0,18.0,44.28
5001000000,Cocons de vers à soie propres au dévidage.,5.0,18.0,26.58
5002000000,Soie grège (non moulinée).,5.0,18.0,26.58
5003000000,"Déchets de soie (y compris les cocons non dévidables, les déchets de fils et les effilochés).",5.0,18.0,26.58
5004000000,Fils de soie (autres que les fils de déchets de soie) non conditionnés pour la vente au détail.,10.0,18.0,32.48
5005000000,"Fils de déchets de soie, non conditionnés pour la vente au détail.",10.0,18.0,32.48
5006000000,"Fils de soie ou de déchets de soie, conditionnés pour la vente au détail; poil de Messine (crin de Florence).",20.0,18.0,44.28
5007100000,- Tissus de bourrette,20.0,18.0,44.28
5007200000,"- Autres tissus de soie ou de déchets de soie, contenant au moins 85 % en poids de soie ou de déchets de soie autres que la bourrette",20.0,18.0,44.28
5007900000,"- Tissus de soie ou de déchets de soie, autres que la bourette ou les tissus contenant au moins 85% en poids de soie ou de déchets de soie",20.0,18.0,44.28
5101110000,"-- Laines de tonte, en suint, y compris les laines lavées à dos, non cardées ni peignées",5.0,18.0,26.58
5101190000,"-- Laines (autres que de tonte), en suint, y compris les laines lavées à dos, non cardées ni peignées",5.0,18.0,26.58
5101210000,"-- Laines de tonte, dégraissées, non carbonisées, non cardées ni peignées",5.0,18.0,26.58
5101290000,"-- Laines (autres que de tonte), dégraissées, non carbonisées, non cardées ni peignées",5.0,18.0,26.58
5101300000,"-  Laines carbonisées, non cardées ni peignées",5.0,18.0,26.58
5102110000,"-- Poils fins de chèvre de Cachemire, non cardés ni peignés",5.0,18.0,26.58
6115990000,"-- Autres chaussettes et articles chaussants, d'autres matières textiles, en bonneterie",20.0,18.0,44.28
6116100000,"- Gants, mitaines et moufles, imprégnés, enduits ou recouverts de matières plastiques ou de caoutchouc, en bonneterie",20.0,18.0,44.28
6116910000,"-- Gants, mitaines et moufles, de laine ou de poils fins, en bonneterie",20.0,18.0,44.28
6116920000,"-- Gants, mitaines et moufles de coton, en bonneterie",20.0,18.0,44.28
6116930000,"-- Gants, mitaines et moufles de fibres synthétiques, en bonneterie",20.0,18.0,44.28
6116990000,"-- Gants, mitaines et moufles d'autres matières textiles, en bonneterie",20.0,18.0,44.28
6117100000,"- Châles, écharpes, foulards, cache-nez, cache-col, mantilles, voiles, voilettes et articles similaires, en bonneterie",20.0,18.0,44.28
6117800000,"- Autres accessoires confectionnés du vêtement, en bonneterie",20.0,18.0,44.28
6117900000,"- Parties de vêtements ou accessoires de vêtements, en bonneterie",20.0,18.0,44.28
6201110000,"-- Manteaux, imperméables, cabans, capes et articles similaires, de laine ou de poils fins, pour hommes ou garçonnets, sauf art. du n° 62.03",20.0,18.0,44.28
6201120000,"-- Manteaux, imperméables, cabans, capes et articles similaires de coton, pour hommes ou garçonnets, sauf art. du n° 62.03",20.0,18.0,44.28
6201130000,"-- Manteaux, imperméables, cabans, capes et similaires de fibres synthétiq. ou artificiel., pour hommes ou garçonnets, sauf art. du n° 62.03",20.0,18.0,44.28
6201190000,"-- Manteaux, imperméables, cabans, capes et articles similaires d'autres matières textiles, pour hommes ou garçonnets, sauf art. du n° 62.03",20.0,18.0,44.28
6201910000,"-- Anoraks, blousons et articles similaires, de laine ou de poils fins, pour hommes ou garçonnets, sauf articles du n° 62.03",20.0,18.0,44.28
6201920000,"-- Anoraks, blousons et articles similaires, de coton, pour hommes ou garçonnets, sauf articles du n° 62.03",20.0,18.0,44.28
6201930000,"-- Anoraks, blousons et articles similaires, de fibres synthétiques ou artificielles, pour hommes ou garçonnets, sauf articles du n° 62.03",20.0,18.0,44.28
6201990000,"-- Anoraks, blousons et articles similaires, d'autres matières textiles, pour hommes ou garçonnets, sauf articles du n° 62.03",20.0,18.0,44.28
6202110000,"-- Manteaux, imperméables, cabans,capes et articles similaires de laine ou de poils fins, pour femmes ou fillettes, sauf articles du n°62.04",20.0,18.0,44.28
6202120000,"-- Manteaux, imperméables, cabans, capes et articles similaires de coton, pour femmes ou fillettes, sauf articles du n° 62.04",20.0,18.0,44.28
6202130000,"-- Manteaux, imperméables, cabans, capes et similaires de fibres synthétiques ou artificiel., pour femmes ou fillettes, sauf art. du n°62.04",20.0,18.0,44.28
6202190000,"-- Manteaux, imperméables, cabans, capes et articles similaires d'autres matières textiles, pour femmes ou fillettes, sauf art. du n° 62.04",20.0,18.0,44.28
6202910000,"-- Anoraks, blousons et articles similaires de laine ou de poils fins, pour femmes ou fillettes, sauf articles du n° 62.04",20.0,18.0,44.28
6202920000,"-- Anoraks, blousons et articles similaires de coton, pour femmes ou fillettes, à l'exclusion des articles du n° 62.04",20.0,18.0,44.28
4407250000,"-- Dark Red Meranti, Light Red Meranti et Meranti Bakau, sciés ou dédossés longitudinalement, tranchés ou ..., d'une épaisseur excédant 6 mm",10.0,18.0,32.48
4407260000,"-- White Lauan, White Meranti, White Seraya, Yellow Meranti et Alan, sciés ou dédossés longitudinalement, tranchés ...,épaisseur excède 6 mm",10.0,18.0,32.48
4407270000,"-- Sapelli, sciés ou dédossés longitudinalement, tranchés ou déroulés, même rabotés, ..., d'une épaisseur excédant 6 mm",10.0,18.0,32.48
4407280000,"-- Iroko, sciés ou dédossés longitudinalement, tranchés ou déroulés, même rabotés, ..., d'une épaisseur excédant 6 mm",10.0,18.0,32.48
4407290000,"-- Autres bois tropicaux du N° 44.07, sciés ou dédossés longitudinalement, tranchés ...,épaisseur excède 6 mm",10.0,18.0,32.48
4407910000,"-- Bois de chêne (...), sciés ou dédossés longitudinalement, tranchés ou déroulés, ... collés par assemblage en bout, épaisseur excède 6 mm",10.0,18.0,32.48
4407920000,"-- Bois de hêtre (...), sciés ou dédossés longitudinalement, tranchés ou déroulés, ... collés par assemblage en bout, épaisseur excède 6 mm",10.0,18.0,32.48
4407930000,"-- Bois d'érable (...), sciés ou dédossés longitudinalement, tranchés ou déroulés, ... collés par assemblage en bout, épaisseur excède 6 mm",10.0,18.0,32.48
4407940000,"-- Bois de cerisier(...), sciés ou dédossés longitudinalement, tranchés ou déroulés, ... collés par assemblage en bout, épaisseur excède 6mm",10.0,18.0,32.48
4407950000,"-- Bois de frêne (...), sciés ou dédossés longitudinalement, tranchés ou déroulés, ... collés par assemblage en bout, épaisseur excède 6 mm",10.0,18.0,32.48
4407960000,"-- Bois de bouleau (Betula spp.), sciés ou dédossés longitudinalement, tranchés ou déroulés, même rabotés (…), d'une épaisseur excédant 6 mm",10.0,18.0,32.48
4407970000,"-- Bois de peuplier (Populus spp.), sciés ou dédossés longitudinalement, tranchés ou déroulés, même rabotés(…), d'une épaisseur excédant 6mm",10.0,18.0,32.48
4407990000,"-- Autres bois, sciés ou dédossés longitudinalement, tranchés ou  ... collés par assemblage en bout, épaisseur excède 6 mm, du n° 44.07",10.0,18.0,32.48
4408100000,"- Feuilles de conifères pour placage ..., contre-plaqués ou bois stratifiés similaires et aut. bois, sciés ..., épaisseur n'excède pas 6 mm",10.0,18.0,32.48
4408310000,"-- Feuilles de Dark Red Meranti, Light Red et Bakau pour placage ...,contre-plaqués ou ... aut. bois, sciés ..., épaisseur n'excède pas 6 mm",10.0,18.0,32.48
4408390000,"-- Feuilles de bois tropicaux , pour placage ...,contre-plaqués ou ..., sciés ..., épaisseur n'excède pas 6mm sauf celles du N° 4408.31",10.0,18.0,32.48
4408900000,"- Autres feuilles pour placage(...), contre-plaqués ou ...sciés longitudinalement, tranchés ... bout, épaisseur n'excède pas 6mm, du n°44.08",10.0,18.0,32.48
4409100000,"- Bois de conifères (...) profilés (...) tout au long d'une ou de plusieurs rives, faces ou bouts, ... ou collés par assemblage en bout",10.0,18.0,44.28
4409210000,"-- Bois de bambou (...) profilés (...) tout au long d'une ou de plusieurs rives, faces ou bouts, ... ou collés par assemblage en bout",10.0,18.0,32.48
4409220000,"--  Bois tropicaux (sauf bambou), profilés (...) tout au long d'une ou plusieurs rives, faces ou bouts, ... ou collés par assemblage en bout",10.0,18.0,32.48
4409290000,"-- Autres bois (...) profilés (...) , … faces ou bouts, … poncés ou collés par assemblage en bout, du n° 44.09",10.0,18.0,32.48
4410110000,-- Panneaux de particules en bois,10.0,18.0,32.48
3819000000,"Liquides pour freins hydrauliques et autres ...,ne contenant pas d'huiles de pétrole ni...bitumineux ou en contenant moins de 70 % en poids.",10.0,18.0,32.48
3820000000,Préparations antigel et liquides préparés pour dégivrage.,10.0,18.0,32.48
3822000000,"Réactifs de diagnostic ou de laboratoire … sur un support, autres que ceux des n°s 30.02 ou 30.06; matériaux de référence certifiés.",0.0,18.0,2.5
3823110000,-- Acide stéarique,5.0,18.0,26.58
3823120000,-- Acide oléique,5.0,18.0,26.58
3823130000,-- Tall acides gras,5.0,18.0,26.58
3823190000,"-- Autres acides gras monocarboxyliques industriels et huiles acides de raffinage, du n° 38.23",10.0,18.0,32.48
3823700000,- Alcools gras industriels,5.0,18.0,26.58
3824100000,- Liants préparés pour moules ou noyaux de fonderie,10.0,18.0,32.48
3824300000,- Carbures métalliques non agglomérés mélangés entre eux ou avec des liants métalliques,10.0,18.0,32.48
3824400000,"- Additifs préparés pour ciments, mortiers ou bétons",10.0,18.0,32.48
3824500000,"- Mortiers et bétons, non réfractaires",10.0,18.0,32.48
3824600000,- Sorbitol autre que celui du n° 2905.44,10.0,18.0,32.48
3824710000,"-- Mélanges contenant des chlorofluorocarbures (CFC), même contenant des hydrochlorofluorocarbures (HCFC), des ... (PFC) ou des ... (HFC)",10.0,18.0,32.48
3824720000,"-- Mélanges contenant du bromochlorodifluorométhane, du bromotrifluorométhane ou des dibromotétrafluoroéthanes",10.0,18.0,32.48
3824730000,-- Mélanges contenant des hydrobromofluorocarbures (HBFC),10.0,18.0,32.48
3824740000,"-- Mélanges contenant des hydrochlorofluorocarbures (HCFC), même contenant des ... (PFC) ou des ... (HFC), mais ne contenant pas de ...(CFC)",10.0,18.0,32.48
3824750000,-- Mélanges contenant du tétrachlorure de carbone,10.0,18.0,32.48
3824760000,"-- Mélanges contenant du 1,1,1-trichloroéthane (méthylchloroforme)",10.0,18.0,32.48
3824770000,-- Mélanges contenant du bromométhane (bromure de méthyle) ou du bromochlorométhane,10.0,18.0,32.48
3824780000,"-- Mélanges contenant des perfluorocarbures (PFC) ou des hydrofluorocarbures (HFC), mais ne contenant pas de ... (CFC) ou … (HCFC)",10.0,18.0,32.48
3824790000,"-- Autres mélanges contenant des dérivés halogénés du méthane, de l'éthane ou du propane, du n° 38.24",10.0,18.0,32.48
3824810000,-- Mélanges et préparations contenant de l'oxiranne (oxyde d'éthylène),10.0,18.0,32.48
3824820000,"-- Mélanges et préparations contenant des polybromobiphényles (PBB), des polychloroterphényles (PCT) ou des polychlorobiphényles (PCB)",10.0,18.0,32.48
3824830000,"-- Mélanges et préparations contenant du phosphate de tris(2,3-dibromopropyle)",10.0,18.0,32.48
3824840000,"-- Marchandises mentionnées dans la Note 3 de sous-positions du présent Chapitre, contenant de l'aldrine (ISO), ... ou du  mirex (ISO)",10.0,18.0,32.48
5102190000,"-- Poils fins (autres que de chèvre de Cachemire), non cardés ni peignés",5.0,18.0,26.58
5102200000,"- Poils grossiers, non cardés ni peignés",5.0,18.0,26.58
5103100000,- Blousses de laine ou de poils fins,5.0,18.0,26.58
5103200000,"- Autres déchets de laine ou de poils fins, y compris les déchets de fils, exclusion des effilochés et blousses de laines ou de poils fins",5.0,18.0,26.58
5103300000,"- Déchets de poils grossiers, y compris les déchets de fils mais à l'exclusion des effilochés",5.0,18.0,26.58
5104000000,Effilochés de laine ou de poils fins ou grossiers,5.0,18.0,26.58
5105100000,- Laine cardée,5.0,18.0,26.58
5105210000,-- «Laine peignée en vrac»,5.0,18.0,26.58
5105290000,"-- Laine peignée, à l'exclusion de «Laine peignée en vrac»",5.0,18.0,26.58
5105310000,"-- Poils fins, cardés ou peignés, de chèvre de Cachemire",5.0,18.0,26.58
5105390000,"-- Poils fins, cardés ou peignés, autres que de chèvre de Cachemire",5.0,18.0,26.58
5105400000,"- Poils grossiers, cardés ou peignés",5.0,18.0,26.58
5106100000,"- Fils de laine cardée, contenant au moins 85 % en poids de laine, non conditionnés pour la vente au détail",10.0,18.0,32.48
5106200000,"- Fils de laine cardée, contenant moins de 85 % en poids de laine, non conditionnés pour la vente au détail",10.0,18.0,32.48
5107100000,"- Fils de laine peignée, contenant au moins 85 % en poids de laine, non conditionnés pour la vente au détail",10.0,18.0,32.48
5107200000,"- Fils de laine peignée, contenant moins de 85 % en poids de laine, non conditionnés pour la vente au détail",10.0,18.0,32.48
5108100000,"- Fils de poils fins, cardés, non conditionnés pour la vente au détail",10.0,18.0,32.48
5108200000,"- Fils de poils fins, peignés, non conditionnés pour la vente au détail",10.0,18.0,32.48
5109100000,"- Fils de laine ou de poils fins, contenant au moins 85 % en poids de laine ou de poils fins, conditionnés pour la vente au détail",20.0,18.0,44.28
5109900000,"- Fils de laine ou de poils fins, autres que ceux contenant au moins 85 % en poids de ces matières, conditionnés pour la vente au détail",20.0,18.0,44.28
5110000000,"Fils de poils grossiers ou de crin (y compris les fils de crin guipés), même conditionnés pour la vente au détail",10.0,18.0,32.48
5111110000,"-- Tissus de laine cardée ou de poils fins cardés, contenant au moins 85 % en poids de laine ou de poils fins, poids n'excédant pas 300 g/m²",20.0,18.0,44.28
5111190000,"-- Tissus de laine cardée ou de poils fins cardés, contenant au moins 85% en poids de ces matières, autres que poids n'excédant pas 300g/m²",20.0,18.0,44.28
5111200000,"- Tissus de laine cardée ou de poils fins cardés, mélangés principalement ou uniquement avec des filaments synthétiques ou artificiels",20.0,18.0,44.28
5111300000,"- Tissus de laine ou de poils fins, cardés, mélangés principalement ou uniquement avec des fibres synthétiques ou artificielles discontinues",20.0,18.0,44.28
5111900000,"- Autres tissus de laine cardée ou de poils fins cardés, du n° 51.11",20.0,18.0,44.28
5112110000,"-- Tissus de laine peignée ou de poils fins peignés, contenant au moins 85 % en poids de ces matières, d'un poids n'excédant pas 200 g/m²",20.0,18.0,44.28
5509690000,"- Autres fils de fibres discontinues acryliques ou modacryliques (sauf fils à coudre), non conditionés pour la vente au détail, du n° 55.09",10.0,18.0,32.48
5509910000,"-- Autres fils de fibres synthétiques discontinues (sauf fils à coudre) mélangés pcplt ou uniqment avec de la laine ou des poils fins, NCVD",10.0,18.0,32.48
5509920000,"-- Autres fils de fibres synthétiques discontinues (sauf fils à coudre) mélangés principalement ou uniquement avec du coton, NCVD",10.0,18.0,32.48
5509990000,"-- Autres fibres synthétiques discontinues (autres que les fils à coudre), non conditionnés pour la vente au détail, du n° 55.09",10.0,18.0,32.48
5510110000,"-- Fils de fibres artificielles (sauf fils à coudre) contenant au moins 85% en poids de fibres artificielles discontinues, simples, NCVD",10.0,18.0,32.48
5510120000,"-- Fils de fibres artificielles (sauf fils à coudre) cont. au moins 85% en poids de fib. artificielles discontinues, retors ou câblés, NCVD",10.0,18.0,32.48
5510200000,"- Autres fils de fibres artifficielles discontinues (sauf fils à coudre) mélangés pcplt ou uniqment avec de la laine ou des poils fins, NCVD",10.0,18.0,32.48
5510300000,"- Autres fils de fibres artifficielles discontinues (sauf fils à coudre), mélangés principalement ou uniquement avec du coton, NCVD",10.0,18.0,32.48
5510900000,"- Autres fils de fibres artificielles discontinues (autres que les fils à coudre), non conditionnés pour la vente au détail, du n° 55.10",10.0,18.0,32.48
5511100000,"- Fils de fibres synthétiques discontinues (sauf fils à coudre), contenant au moins 85% en poids de ces fibres, CVD",10.0,18.0,44.28
5511200000,"- Fils de fibres synthétiques discontinues (sauf fils à coudre), contenant moins de 85% en poids de ces fibres, CVD",10.0,18.0,44.28
5511300000,"- Fils de fibres artificielles discontinues (sauf fils à coudre), conditionnés pour la vente au détail",10.0,18.0,44.28
5512110000,"-- Tissus de fibres synthétiques discontinues contenant au moins 85% en poids de fibres discontinues de polyester, écrus ou blanchis",10.0,18.0,44.28
5512191000,"---Tissus de fibres synthétiques discontinues contenant au moins 85% en poids de fibres discontinues de polyester, imprimés",20.0,18.0,44.28
5512199000,"--- Tissus de fibres synthétiques discontinues contenant au moins 85% en poids de fib. de polyester, autres qu'imprimés, ecrus ou blanchis",20.0,18.0,44.28
5512210000,"-- Tissus de fibres synthétiques discontinues contenant au moins 85% en poids de fibres acryliques ou modacryliques, écrus ou blanchis",10.0,18.0,44.28
5512291000,"--- Tissus de fibres synthétiques discontinues contenant au moins 85% en poids de fibres discontinues acryliques ou modacryliques, imprimés",20.0,18.0,44.28
5512299000,"--- Tissus de fibres synthétiq. discontinues cont. au moins 85% en poids de fib. Acryliq. ou modacryliq, aut. qu'imprimés, ecrus ou blanchis",20.0,18.0,44.28
5512910000,"-- Autres tissus de fibres synthétiques discontinues contenant au moins 85% en poids de fibres discontinues, écrus ou blanchis",10.0,18.0,44.28
5512991000,"--- Autres tissus de fibres synthétiques discontinues contenant au moins 85% en poids de fibres discontinues, imprimés",20.0,18.0,44.28
5512999000,"--- Autres tissus de fibres synthétiques discontinues contenant au moins 85% en poids de fibres discontinues, du n° 55.12",20.0,18.0,44.28
5513110000,"-- Tissus de fib. synt. disc. de polyester,à...toile,moins de 85% en poids...mélangés...avec du coton,..n'excd. pas 170g/m², ecrus ou blanc.",10.0,18.0,44.28
4410120000,"-- Panneaux dits «oriented strand board» (OSB), en bois",10.0,18.0,32.48
4410190000,"-- Panneaux similaires  à ceux des n° s 4410.11 et 4410.12 (...), en bois",10.0,18.0,32.48
4410900000,"- Panneaux de particules, ... (OSB) et similaires(...), en matières ligneuses, aut. que bois, même agglomérées avec résines ou ...organiques",10.0,18.0,32.48
4411120000,"-- Panneaux de fibres de bois ou d'autres matières ligneuses, ... , de densité moyenne (dits «MDF»), d'une épaisseur n'excédant pas 5 mm",10.0,18.0,32.48
4411130000,"-- Panneaux de fibres de bois ou d'autres matières ligneuses, ... , de densité moyenne (dits «MDF»), épaisseur excédant 5 mm mais pas 9 mm",10.0,18.0,32.48
4411140000,"-- Panneaux de fibres de bois ou d'autres matières ligneuses, ... , de densité moyenne (dits «MDF»), d'une épaisseur excédant 9 mm",10.0,18.0,32.48
4411920000,"-- Panneaux de fibres de bois ou aut. matières ligneuses, ... ,aut. que de densité moyenne (dits «MDF»), masse volumique excédant 0,8 g/cm³",10.0,18.0,32.48
4411930000,"-- Panneaux de fibres de bois ou aut. mat. ligneuses, ... ,aut. que de densité moyenne (...), masse vol. excédant 0,5g/cm³ mais pas 0,8g/cm³",10.0,18.0,32.48
4411940000,"-- Panneaux de fibres de bois ou aut. matières ligneuses, ... ,aut. que de densité moyenne (...), masse volumique n'excédant pas 0,5 g/cm³",10.0,18.0,32.48
4412100000,"- Bois contre-plaqués, bois plaqués et bois stratifiés similaires, en bambou",20.0,18.0,32.48
4412310000,"-- Bois contre-plaqués faits de feuilles de bois (sauf bambou),   … épaisseur n'excéde pas 6 mm, ... un pli extérieur en bois tropicaux …",20.0,18.0,32.48
4412330000,"-- Bois contre-plaqués en feuille de bois (sauf bambou), … épaisseur n'excéde pas 6 mm, ... un pli extérieur en bois  autr. que conifère ...",20.0,18.0,32.48
4412340000,"-- Bois contre-plaqués en feuille de bois (sauf bambou), … n'excéde pas 6 mm, ... un pli extérieur en bois autr. que conifère sauf N°4412.33",20.0,18.0,32.48
4412390000,"-- Bois contre-plaqués en feuille de bois (sauf bambou), … épaisseur n'excéde pas 6 mm, ... 2 plis extérieurs en bois de conifère",20.0,18.0,32.48
4412940000,"-- Bois contre-plaqués, bois plaqués ou bois stratifiés similaires, à âme panneautée, lattée ou lamellée",20.0,18.0,32.48
4412990000,"-- Autres bois contre-plaqués, bois plaqués ou bois stratifiés similaires, du n° 44.12",20.0,18.0,32.48
4413000000,"Bois dits «densifiés», en blocs, planches, lames ou profilés.",10.0,18.0,32.48
4414000000,"Cadres en bois pour tableaux, photographies, miroirs ou objets similaires.",10.0,18.0,32.48
4415100000,"- Caisses, caissettes, cageots, cylindres et emballages similaires en bois; tambours (tourets) pour câbles, en bois",10.0,18.0,32.48
4415200000,"- Palettes simples, palettes-caisses et autres plateaux de chargement en bois; rehausses de palettes, en bois",10.0,18.0,32.48
4416000000,"Futailles, cuves, baquets et autres ouvrages de tonnellerie et leurs parties, en bois, y compris les merrains.",10.0,18.0,32.48
4417000000,"Outils, montures et manches d'outils,... de brosses, ... de balais ou ...,en bois; formes, embauchoirs et tendeurs pour chaussures, en bois.",20.0,18.0,44.28
4418100000,"- Fenêtres, portes-fenêtres et leurs cadres et chambranles, en bois",20.0,18.0,44.28
3824850000,"-- Marchandises de la Note 3 de sous-positions du présent Chapitre, contenant du 1,2,3,4,5,6-hexachlorocyclohexane (HCH (ISO)) ... lindane",10.0,18.0,32.48
3824860000,"-- Marchandises de la Note 3 de sous-positions du présent Chapitre, contenant du pentachlorobenzène (ISO) ou du hexachlorobenzène (ISO)",10.0,18.0,32.48
3824870000,"-- Marchandises de la Note 3 de sous-positions du présent Chapitre, contenant de l'acide perfluorooctane sulfonique, ses sels, … sulfonyle",10.0,18.0,32.48
3824880000,"-- Marchandises  de la Note 3 de sous-positions du présent Chapitre, contenant des éthers tétra-, penta-, hexa- ...ou octabromodiphényliques",10.0,18.0,32.48
3824910000,"-- Mélanges et préparations constitués essentiellement de méthylphosphanate de (5-éthyl-2-méthyl-2-oxido-1,3,2-dioxaphosphinan-5-yl)méthyle…",10.0,18.0,32.48
3824991000,--- Echangeurs d'ions,10.0,18.0,32.48
3824992000,--- Encrivores,10.0,18.0,32.48
3824993000,"--- Correcteurs, liquides et non-liquides",10.0,18.0,32.48
3824999100,"---- Autres produits du N°38.24, contenant du tétrachlorure de carbone, du bromochlo-rométhane ou du 1,1,1-trichloroéthane (méthyle ...)",10.0,18.0,32.48
3824999200,"---- Autres produits du N°38.24, contenant du bromométhane (bromure de méthyle)",10.0,18.0,32.48
3824999300,"---- Autres produits du N°38.24, contenant des hydrobromofluorocarbures du méthane, de l'éthane ou du propane (HBFC)",10.0,18.0,32.48
3824999400,"---- Autres produits du N°38.24, contenant des hydrochlorofluorocarbures du méthane, de l'éthane ou du propane (HCFC)",10.0,18.0,32.48
3824999900,"---- Autres produits chimiques et préparations des industries chimiques ou connexes du N°38.24, non dénommés ni compris ailleurs",10.0,18.0,32.48
3825100000,- Déchets municipaux,10.0,18.0,32.48
3825200000,- Boues d?épuration,10.0,18.0,32.48
3825300000,- Déchets cliniques,10.0,18.0,32.48
3825410000,-- Déchets de solvants organiques hallogénés,10.0,18.0,32.48
3825490000,-- Autres déchets de solvants organiques du n° 38.25,10.0,18.0,32.48
3825500000,"- Déchets de solutions (liqueurs) décapantes pour métaux, de liquides hydrauliques, de liquides pour freins et de liquides antigel",10.0,18.0,32.48
3825610000,"-- Autres déchets des industries chimiques ou des industries connexes, contenant principalement des constituants organiques",10.0,18.0,32.48
3825690000,-- Autres déchets mentionnés dans la Note 6 du Chapitre 38,10.0,18.0,32.48
3825900000,"- Produits résiduaires des industries chimiques ou des industries connexes, non dénommés ni compris ailleurs",10.0,18.0,32.48
3826000000,"Biodiesel et ses mélanges, ne contenant pas d'huiles de pétrole ni de minéraux bitumineux ou en contenant moins de 70 % en poids.",10.0,18.0,32.48
3901100000,"- Polyéthylène d'une densité inférieure à 0,94",5.0,18.0,26.58
3901200000,"- Polyéthylène d'une densité égale ou supérieure à 0,94",5.0,18.0,26.58
3901300000,- Copolymères d'éthylène et d'acétate de vinyle,5.0,18.0,26.58
3901400000,"- Copolymères d'éthylène et d'alpha-oléfine d'une densité inférieure à 0,94",5.0,18.0,26.58
3901900000,"- Autres polymères de l'éthylène, sous formes primaires, du n° 39.01",5.0,18.0,26.58
5112190000,"-- Tissus de laine ou de poils fins, peignés, contenant au moins 85% en poids de ces matières, aut. que ceux de poids n'excédant pas 200g/m²",20.0,18.0,44.28
5112200000,"- Tissus de laine peignée ou de poils fins peignés, mélangés principalement ou uniquement avec des filaments synthétiques ou artificiels",20.0,18.0,44.28
5112300000,"- Tissus de laine peignée ou de poils fins peignés, mélangés ... ou uniquement avec des fibres synthétiques ou artificielles discontinues",20.0,18.0,44.28
5112900000,"- Autres tissus de laine peignée ou de poils fins peignés, du n° 51.12",20.0,18.0,44.28
5113000000,Tissus de poils grossiers ou de crin.,20.0,18.0,44.28
5201001000,"- Coton, non cardé ni peigné, non égrené",5.0,18.0,26.58
5201009000,"- Coton, non cardé ni peigné, autre que non égrené",5.0,18.0,26.58
5202100000,- Déchets de fils de coton,5.0,18.0,26.58
5202910000,-- Effilochés de coton,5.0,18.0,26.58
5202990000,"-- Déchets de coton, à l'exclusion des déchets de fils et des effilochés",5.0,18.0,26.58
5203001000,- Coton cardé,5.0,18.0,26.58
5203002000,- Coton peigné,5.0,18.0,26.58
5204110000,"-- Fils à coudre de coton, non conditionnés pour la vente au détail, contenant au moins 85 % en poids de coton",10.0,18.0,32.48
5204190000,"-- Fils à coudre de coton, non conditionnés pour la vente au détail, à l'exclusion de ceux contenant au moins 85 % en poids de coton",10.0,18.0,32.48
5204200000,"- Fils à coudre de coton, conditionnés pour la vente au détail",10.0,18.0,32.48
5205110000,"-- Fils simples de coton (pas à coudre), en fibres non peignées … au moins 85% de coton, titrant 714,29 décitex ou plus  ... NCVD",10.0,18.0,32.48
5205120000,"-- Fils simples de coton (pas à coudre),en fibres non peignées … au moins 85% ...,titrant moins de 714,29, et pas moins de 232,56 décitex …",10.0,18.0,32.48
5205130000,"-- Fils simples de coton (pas à coudre), en fibres non peignées … au moins 85% …,titrant moins de 232,56, et pas moins de 192,31 décitex   …",10.0,18.0,32.48
5205140000,"-- Fils simples de coton (pas à coudre), en fibres non peignées … au moins 85% …, titrant moins de 192,31 et pas moins de 125 décitex  …NCVD",10.0,18.0,32.48
5205150000,"-- Fils simples de coton (pas à coudre), en fibres non peignées … au moins 85% … , titrant moins de 125 décitex … NCVD",10.0,18.0,32.48
5205210000,"-- Fils simples de coton (pas à coudre), en fibres peignées, … au moins 85% …  titrant 714,29 décitex ou plus … NCVD",10.0,18.0,32.48
5205220000,"-- Fils simples de coton (pas à coudre), en fibres peignées… au moins 85% … , titrant moins de 714,29, et pas moins de 232,56 décitex … NCVD",10.0,18.0,32.48
5205230000,"-- Fils simples de coton (pas à coudre), en fibres peignées… au moins 85% …, titrant moins de 232,56 et pas moins de 192,31 décitex … NCVD",10.0,18.0,32.48
5205240000,"-- Fils simples de coton (pas à coudre) , en fibres peignées… au moins 85% …, titrant moins de 192,31 et pas moins de 125 décitex … NCVD",10.0,18.0,32.48
5205260000,"-- Fils simples de coton (pas à coudre),en fibres peignées... au moins 85% …titrant moins de 125 et pas moins de 106,38 décitex …NCVD",10.0,18.0,32.48
5513120000,"-- Tissus de fib. synt. disc. de polyester,à…sergé...moins de 85% en poids...mélangés...avec du coton,..n'excd. pas 170g/m², ecrus ou blanc.",10.0,18.0,44.28
5513130000,"-- Autres tissus de fib. synt. disc. de polyester...moins de 85% en poids...mélangés...avec du coton,..n'excd. pas 170g/m², ecrus ou blanc.",10.0,18.0,44.28
5513190000,"-- Tissus de fibres synt. disc. aut. que polyester...moins de 85% en poids...mélangés..avec du coton,..n'excd. pas 170g/m², ecrus ou blanc.",10.0,18.0,44.28
5513210000,"-- Tissus de fib. synt. disc. de polyester, à armure toile, moins de 85% en poids...mélangés...avec du coton,..n'excd. pas 170g/m², teints",20.0,18.0,44.28
5513230000,"-- Autres tissus de fib. synt. disc. de polyester contenant moins de 85% en poids...mélangés...avec du coton,..n'excd. pas 170g/m², teints",20.0,18.0,44.28
5513290000,"-- Tissus de fibres synt. disc. aut. que polyester contenant moins de 85% en poids...mélangés..avec du coton,..n'excd. pas 170g/m², teints",20.0,18.0,44.28
5513310000,"--Tissus de fib. synt. disc. de polyester,à...toile,moins de 85% en poids...mél...du coton...n'excd. pas 170g/m², en fils diverses couleurs",20.0,18.0,44.28
5513390000,"-- Autres tissus de fib. synt. disc. contenant moins de 85% en poids...mél...du coton,..n'excd. pas 170g/m², en fils  de diverses couleurs",20.0,18.0,44.28
5513410000,"-- Tissus de fibres synthétiques discontinues de polyester,à...toile,moins de 85% en poids...mél...du coton...n'excd. pas 170g/m², imprimés",20.0,18.0,44.28
5513490000,"-- Tissus de fib. synt. disc. autres que de polyester,à armure toile, moins de 85% en poids...mél...du coton...n'excd. pas 170g/m², imprimés",20.0,18.0,44.28
5514110000,"-- Tissus de fib. synt. disc. de polyester,à...toile,moins de 85% en poids...mélangés...avec du coton,...excédant 170g/m², ecrus ou blanc.",10.0,18.0,44.28
5514120000,"-- Tissus de fib. synt. disc. de polyester,à…sergé...moins de 85% en poids...mélangés...avec du coton,...excédant 170g/m², ecrus ou blanc.",10.0,18.0,44.28
5514190000,"-- Autres tissus de fibres synt. disc. cont. moins de 85% en poids...mélangés..avec du coton,...excédant pas 170g/m², écrus ou blanchis",10.0,18.0,44.28
5514210000,"-- Tissus de fib. synt. disc. de polyester, à armure toile, moins de 85% en poids...mélangés...avec du coton,...excédant 170g/m², teints",20.0,18.0,44.28
5514220000,"-- Tissus de fib. synt. disc. de polyester, à armure sergé...moins de 85% en poids...mélangés...avec du coton,...excédant 170g/m², teints",20.0,18.0,44.28
5514230000,"-- Autres tissus de fibres synthétiques discont. de polyester, moins de 85% en poids...mélangés...avec du coton,...excédant 170g/m², teints",20.0,18.0,44.28
5514290000,"-- Tissus de fibres synthétiques disc. aut. que de polyester, moins de 85% en poids...mélangés...avec du coton,...excédant 170g/m², teints",20.0,18.0,44.28
5514300000,"- Tissus de fibres synt. disc., cont. moins de 85 % en poids... mélangés...avec du coton...excédant 170g/m², en fils de diverses couleurs",20.0,18.0,44.28
5514410000,"-- Tissus de fib. synt. disc. de polyester, à armure toile, moins de 85% en poids...mélangés...avec du coton,...excédant 170g/m², imprimés",20.0,18.0,44.28
5514420000,"-- Tissus de fib. synt. disc. de polyester, à armure sergé...moins de 85% en poids...mélangés...avec du coton,...excédant 170g/m², imprimés",20.0,18.0,44.28
5514430000,"-- Autres tissus de fibres synthétiques discont. de polyester, moins de 85% en poids...mélangés...avec du coton,...excédant 170g/m²,imprimés",20.0,18.0,44.28
4418200000,"- Portes et leurs cadres, chambranles et seuils, en bois",20.0,18.0,44.28
4418400000,"- Coffrages pour le bétonnage, en bois",20.0,18.0,44.28
4418500000,"- Bardeaux («shingles» et «shakes»), en bois",20.0,18.0,44.28
4418600000,"- Poteaux et poutres, en bois",20.0,18.0,44.28
4418730000,"-- Panneaux assemblés pour revêtement de sol, en bambou ou ayant au moins la couche supérieure en bambou",20.0,18.0,44.28
4418740000,"-- Panneaux assemblés pour sols mosaîques, autres qu'en bambou ou qu'ayant au moins la couche supérieure en bambou",20.0,18.0,44.28
4418750000,"-- Panneaux assemblés pour revêtement de sols, multicouches, autres qu'en bambou ou qu'ayant au moins la couche supérieure en bambou",20.0,18.0,44.28
4418790000,"-- Panneaux assemblés pour revêtement de sol, en bois (autres que bambou), à l'exclusion des multicouches ou panneaux pour sols mosaîques",20.0,18.0,44.28
4418910000,"-- Autres ouvrages de menuiserie et pièces de charpente pour construction, du N°44.18, en bambou",20.0,18.0,44.28
4418990000,"-- Autres ouvrages de menuiserie et pièces de charpente pour construction, du N°44.18, en bois (autres que bambous)",20.0,18.0,44.28
4419110000,"--  Planches à pain, planches à hacher et articles similaires, en bambou",20.0,18.0,44.28
4419120000,--  Baguettes en bambou pour la table ou la cuisine,20.0,18.0,44.28
4419190000,"-- Articles en bambou pour la tabale ou la cuisine, autres que planches à pain, planches à hacher et articles similaires, ou baguettes",20.0,18.0,44.28
4419900000,- Articles en bois (autres que bambou) pour la table ou la cuisine),20.0,18.0,44.28
4420100000,"- Statuettes et autres objets d'ornement, en bois",20.0,18.0,44.28
4420900000,"- Bois marquetés ou incrustés; coffrets,... bijouterie ou orfèvrerie, et ouvrages similaires, en bois; articles d'ameublement en bois ...",20.0,18.0,44.28
4421100000,"- Cintres pour vêtements, en bois",20.0,18.0,44.28
4421911000,--- Bois de bambou préparés pour allumettes,10.0,18.0,32.48
4421912000,---  Cure dents en bambou,20.0,18.0,44.28
4421919000,--- Autres ouvrages en bambou du N°44.21,20.0,18.0,44.28
4421991000,---  Bois (autres que bambou) préparés pour allumettes,10.0,18.0,32.48
4421992000,--- Cure dents autres qu'en bambou,20.0,18.0,44.28
4421999000,--- Autres ouvrages en bois (autres que bambou) du N°44.21,20.0,18.0,44.28
4501100000,- Liège naturel brut ou simplement préparé,5.0,18.0,26.58
4501900000,"- Déchets de liège; liège concassé, granulé ou pulvérisé",5.0,18.0,26.58
4502000000,"Liège naturel, écroûté ou simplement équarri, ou en cubes, plaques, feuilles ou bandes de forme carrée ou rectangulaire ( … )",5.0,18.0,26.58
4503100000,- Bouchons en liège naturel,10.0,18.0,32.48
4503901000,"-- Flotteurs pour filets de pêche, en liège naturel",5.0,18.0,44.28
4503909000,"-- Ouvrages en liège naturel, autres que bouchons et flotteurs pour filets de pêche",20.0,18.0,44.28
4504100000,"- Cubes, briques, plaques, feuilles et bandes; carreaux de toute forme; cylindres pleins, y compris les disques, en liège aggloméré",10.0,18.0,32.48
3902100000,- Polypropylène,5.0,18.0,26.58
3902200000,- Polyisobutylène,5.0,18.0,26.58
3902300000,- Copolymères de propylène,5.0,18.0,26.58
3902900000,"- Autres polymères de propylène ou d'autres oléfines, sous formes primaires, du n° 39.02",5.0,18.0,26.58
3903110000,-- Polystyrène expansible,5.0,18.0,26.58
3903190000,-- Polystyrène autre qu'expansible,5.0,18.0,26.58
3903200000,- Copolymères de styrène-acrylonitrile (SAN),5.0,18.0,26.58
3903300000,- Copolymères d'acrylonitrile-butadiène-styrène (ABS),5.0,18.0,26.58
3903900000,"- Autres polymères du styrène, sous formes primaires, du n° 39.03",5.0,18.0,26.58
3904100000,"- Poly(chlorure de vinyle), non mélangé à d'autres substances",5.0,18.0,26.58
3904210000,-- Poly(chlorure de vinyle) non plastifié,10.0,18.0,32.48
3904220000,-- Poly(chlorure de vinyle) plastifié,10.0,18.0,32.48
3904300000,- Copolymères du chlorure de vinyle et d'acétate de vinyle,5.0,18.0,26.58
3904400000,- Autres copolymères du chlorure de vinyle,5.0,18.0,26.58
3904500000,- Polymères du chlorure de vinylidène,5.0,18.0,26.58
3904610000,-- Polytétrafluoroéthylène,5.0,18.0,26.58
3904690000,-- Polymères fluorés autres que polytétrafluoroéthylène,5.0,18.0,26.58
3904900000,"- Autres polymères du chlorure de vinyle ou d'autres oléfines halogénées, sous formes primaires, du n° 39.04",5.0,18.0,26.58
3905120000,-- Poly(acétate de vinyle) en dispersion aqueuse,5.0,18.0,26.58
3905190000,-- Poly(acétate de vinyle) autre qu'en dispersion aqueuse,5.0,18.0,26.58
3905210000,-- Copolymères d'acétate de vinyle en dispersion aqueuse,5.0,18.0,26.58
3905290000,-- Copolymères d'acétate de vinyle autre qu'en dispersion aqueuse,5.0,18.0,26.58
3905300000,"- Poly(alcool vinylique), même contenant des groupes acétate non hydrolysés",5.0,18.0,26.58
3905910000,-- Autres copolymères du n° 39.05,5.0,18.0,26.58
3905990000,"-- Autres polymères d'acétate de vinyle ou d'autres esters de vinyle, et autres polymères de vinyle, sous formes primaires, du n° 39.05",5.0,18.0,26.58
3906100000,- Poly(méthacrylate de méthyle),5.0,18.0,26.58
3906900000,- Polymères acryliques sous formes primaires autres que poly(méthacrylate de méthyle),5.0,18.0,26.58
3907100000,- Polyacétals sous formes primaires,5.0,18.0,26.58
3907200000,- Autres polyéthers sous formes primaires,5.0,18.0,26.58
3907300000,- Résines époxydes sous formes primaires,5.0,18.0,26.58
3907400000,- Polycarbonates sous formes primaires,5.0,18.0,26.58
3907500000,- Résines alkydes sous formes primaires,5.0,18.0,26.58
5205270000,"-- Fils simples de coton (pas à coudre), en fibres peignées … au moins 85% …, titrant moins de 106,38 et pas moins de 83,33 décitex … NCVD",10.0,18.0,32.48
5205280000,"-- Fils simples de coton (pas à coudre), en fibres peignées … au moins 85% … , titrant moins de 83,33 décitex … NCVD",10.0,18.0,32.48
5205310000,"-- Fils retors ou câblés de coton (pas à coudre), en fibres non peignées … au moins 85% … 714,29 décitex  ou plus … NCVD",10.0,18.0,32.48
5205320000,"-- Fils retors ou câblés de coton (pas à coudre), en fibres non peignées …au moins 85% …moins de 714,29 et pas moins de 232,56 décitex …NCVD",10.0,18.0,32.48
5205330000,"-- Fils retors ou câblés de coton (pas à coudre), en fibres non peignées …au moins 85% …moins de 232,56 et pas moins de 192,31 décitex …NCVD",10.0,18.0,32.48
5205340000,"-- Fils retors ou câblés de coton (pas à coudre), en fibres non peignées … au moins 85% …moins de 192,31 et pas moins de 125 décitex … NCVD",10.0,18.0,32.48
5205350000,"-- Fils retors ou câblés de coton (pas à coudre), en fibres non peignées … au moins 85% …titrant en fil simples moins de 125 décitex … NCVD",10.0,18.0,32.48
5205410000,"-- Fils retors ou câblés de coton (pas à coudre), en fibres peignées … au moins 85% … titrant en fils simples 714,29 décitex  ou plus … NCVD",10.0,18.0,32.48
5205420000,"-- Fils retors ou câblés de coton (pas à coudre), en fibres peignées … au moins 85% … moins de 714,29, pas moins de 232,56 décitex …NCVD",10.0,18.0,32.48
5205430000,"-- Fils retors ou câblés de coton (pas à coudre), en fibres peignées … au moins 85% … moins de 232,56, pas moins de 192,31 décitex …NCVD",10.0,18.0,32.48
5205440000,"-- Fils retors ou câblés de coton (pas à coudre), en fibres peignées … au moins 85% … moins de 192,31 et pas moins de 125 décitex …NCVD",10.0,18.0,32.48
5205460000,"-- Fils retors ou câblés de coton (pas à coudre), en fibres peignées … au moins 85% … moins de 125 et pas moins de 106,38 décitex …NCVD",10.0,18.0,32.48
5205470000,"-- Fils retors ou câblés de coton (pas à coudre), en fibres peignées … au moins 85% … moins de 106,38 mais pas moins de 83,33 décitex …NCVD",10.0,18.0,12.5
5205480000,"-- Fils retors ou câblés de coton (pas à coudre), en fibres peignées … au moins 85% … titrant en fils simples moins de 83,33 décitex … NCVD",10.0,18.0,32.48
5206110000,"-- Fils simples de coton (pas à coudre), en fibres non peignées … moins de 85% .., titrant 714,29 décitex  ou plus … NCVD",10.0,18.0,32.48
5206120000,"-- Fils simples de coton (pas à coudre), en fibres non peignées … moins de 85% ... moins de 714,29, et pas moins de 232,56 décitex …NCVD",10.0,18.0,32.48
5206130000,"-- Fils simples de coton (pas à coudre), en fibres non peignées … moins de 85%…,titrant moins de 232,56, et pas moins de 192,31 décitex…NCVD",10.0,18.0,32.48
5206140000,"-- Fils simples de coton (pas à coudre), en fibres non peignées … moins de 85% …, titrant moins de 192,31, et pas moins de 125 décitex …NCVD",10.0,18.0,32.48
5206150000,"-- Fils simples de coton (pas à coudre), en fibres non peignées … moins de 85% …, moins de 125 décitex  (excède 80 numéros métriques) …NCVD",10.0,18.0,32.48
5206210000,"-- Fils simples de coton (pas à coudre), en fibres peignées … moins de 85% en poids de coton …, titrant 714,29 décitex  ou plus  … NCVD",10.0,18.0,32.48
5514490000,"-- Tissus de fibres synthétiques disc. aut. que de polyester, moins de 85% en poids...mélangés...avec du coton,...excédant 170g/m², imprimés",20.0,18.0,44.28
5515110000,-- Tissus de fibres discontinues de polyester mélangées principalement ou uniquement avec des fibres discontinues de rayonne viscose,20.0,18.0,44.28
5515120000,-- Tissus de fibres discontinues de polyester mélangées principalement ou uniquement avec des filaments synthétiques ou artificiels,20.0,18.0,44.28
5515130000,-- Tissus de fibres discontinues de polyester mélangées principalement ou uniquement avec de la laine ou des poils fins,20.0,18.0,44.28
5515190000,-- Autres tissus de fibres discontinues de polyester du n° 55.15,20.0,18.0,44.28
5515210000,--Tissus de fibres discontinues acryliques ou modacryliques mélangées pcplt ou uniquement avec des filaments synthétiques ou artificiels,20.0,18.0,44.28
5515220000,-- Tissus de fibres discontinues acryliques ou modacryliques mélangées principalement ou uniquement avec de la laine ou des poils fins,20.0,18.0,44.28
5515290000,-- Autres tissus de fibres discontinues acryliques ou modacryliques du n° 55.15,20.0,18.0,44.28
5515910000,-- Autres tissus de fibres synthétiques discontinues mélangés principalement ou uniquement avec des filaments synthétiques ou artificiels,20.0,18.0,44.28
5515990000,-- Autres tissus de fibres synthétiques discontinues du n° 55.15,20.0,18.0,44.28
5516110000,"--Tissus de fibres artificielles discontinues contenant au moins 85% en poids de fibres artificielles discontinues, écrus ou blanchis",10.0,18.0,44.28
5516120000,"-- Tissus de fibres artificielles discontinues contenant au moins 85% en poids de fibres artificielles discontinues, teints",20.0,18.0,44.28
5516130000,"-- Tissus de fibres artificielles discontinues cont. au moins 85% en poids de fib. artificielles discontinues, en fils de diverses couleurs",20.0,18.0,44.28
5516140000,"-- Tissus de fibres artificielles discontinues contenant au moins 85% en poids de fibres artificielles discontinues, imprimés",20.0,18.0,44.28
5516210000,"-- Tissus de fibres artif. disc. moins de 85% en poids de ces fib. mél. pcplt ou uniqt avec des filaments synt. ou artif., écrus ou blanchis",10.0,18.0,44.28
5516220000,"-- Tissus de fibres artificielles discont. moins de 85% en poids de ces fib. mél. pcplt ou uniqt avec des filaments synt. ou artif., teints",20.0,18.0,44.28
5516230000,-- Tissus de fibres artif. disc. moins de 85% en poids de ces fib. mél. pcplt ou...avec des filam. synt. ou artif. en fils diverses couleurs,20.0,18.0,44.28
5516240000,"-- Tissus de fibres artificielles disc. moins de 85% en poids de ces fib. mél. pcplt ou uniqt avec des filaments synt. ou artif., imprimés",20.0,18.0,44.28
5516310000,"-- Tissus de fibres artif. disc. moins de 85% en poids de ces fib. mél. pcplt ou uniqt avec de la laine ou des poils fins, écrus ou blanchis",10.0,18.0,44.28
5516320000,"--Tissus de fibres artificielles discont. moins de 85% en poids de ces fibres mél. pcplt ou uniqt avec de la laine ou des poils fins, teints",20.0,18.0,44.28
5516330000,"-- Tissus de fibres artif. disc. moins de 85% en poids de ces fib. mél. pcplt..avec de la laine ou des poils fins,en fils  diverses couleurs",20.0,18.0,44.28
5516340000,"-- Tissus de fibres artificielles disc. moins de 85% en poids de ces fib. mél. pcplt ou uniqt avec de la laine ou des poils fins, imprimés",20.0,18.0,44.28
4504900000,"- Liège aggloméré (avec ou sans liant) et ouvrages en liège aggloméré, autres que ceux du n° 4504.10",20.0,18.0,44.28
4601210000,"-- Nattes, paillassons et claies, en  bambou",20.0,18.0,44.28
4601220000,"-- Nattes, paillassons et claies, en rotin",20.0,18.0,44.28
4601290000,"-- Nattes, paillassons et claies en matières végétales, autres que ceux en bambou ou en rotin",20.0,18.0,44.28
4601920000,"-- Tresses et articles similaires en bambou, ... bandes; aut. matières à tresser, ... en bambou, tissés … sauf nattes ... matières végétales",20.0,18.0,44.28
4601930000,"-- Tresses et articles similaires en rotin, ... bandes; aut. matières à tresser, ... en rotin, tissés … sauf nattes ... matières végétales",20.0,18.0,44.28
4601940000,"-- Tresses et articles similaires en matières à tresser, ... bandes; aut. … à tresser, ... tissés … sauf bambou, rotin, nattes ... végétales",20.0,18.0,44.28
4601991000,"--- Nattes, paillassons et claies, en matières à tresser (autres qu'en matières végétales)",20.0,18.0,44.28
4601999000,"---Autres tresses et articles similaires en matières à tresser (aut. qu'en mat. végétales), sauf nattes, paillassons et claies, du n°46.01",20.0,18.0,44.28
4602110000,-- Ouvrage en bambou,20.0,18.0,44.28
4602120000,-- Ouuvrage en rotin,20.0,18.0,44.28
4602190000,"-- Ouvrage en matières végétales, autres que bambou et rotin",20.0,18.0,44.28
4602900000,- Ouvrages de vanneries confectionnés à l'aide des articles du n° 46.01; ouvrages en luffa,20.0,18.0,44.28
4701000000,Pâtes mécaniques de bois.,5.0,18.0,26.58
4702000000,"Pâtes chimiques de bois, à dissoudre.",5.0,18.0,26.58
4703110000,"-- Pâtes chimiques de conifères, à la soude ou au sulfate, autres que les pâtes à dissoudre, écrues",5.0,18.0,26.58
4703190000,"-- Pâtes chimiques de bois, à la soude ou au sulfate, autres que les pâtes à dissoudre, écrues, autres que de conifères",5.0,18.0,26.58
4703210000,"-- Pâtes chimiques de conifères, à la soude ou au sulfate, autres que les pâtes à dissoudre, mi-blanchies ou blanchies",5.0,18.0,26.58
4703290000,"-- Pâtes chimiques de bois (autres que de conifères), à la soude ou au sulfate, autres que les pâtes à dissoudre, mi-blanchies ou blanchies",5.0,18.0,26.58
4704110000,"-- Pâtes chimiques de conifères, au bisulfite, autres que les pâtes à dissoudre, écrues",5.0,18.0,26.58
4704190000,"-- Pâtes chimiques de bois (autres que de conifères), au bisulfite, autres que les pâtes à dissoudre, écrues",5.0,18.0,26.58
4704210000,"-- Pâtes chimiques de conifères, au bisulfite ou au sulfate, autres que les pâtes à dissoudre, mi-blanchies ou blanchies",5.0,18.0,26.58
4704290000,"-- Pâtes chimiques de bois (autres que de conifères), au bisulfite, autres que les pâtes à dissoudre, mi-blanchies ou blanchies",5.0,18.0,26.58
4705000000,Pâtes de bois obtenues par la combinaison d'un traitement mécanique et d'un traitement chimique.,5.0,18.0,26.58
4706100000,- Pâtes de linters de coton,5.0,18.0,26.58
3907610000,"-- Poly(éthylène téréphtalate), d'un indice de viscosité de 78 ml/g ou plus",5.0,18.0,26.58
3907690000,"-- Poly(éthylène téréphtalate), autres que d'un indice de viscosité de 78 ml/g ou plus",5.0,18.0,26.58
3907700000,- Poly(acide lactique) sous formes primaires,5.0,18.0,26.58
3907910000,"-- Autres polyesters, sous formes primaires, non saturés du n° 39.07",5.0,18.0,26.58
3907990000,"-- Autres polyesters, sous formes primaires, du ° 39.07",5.0,18.0,26.58
3908100000,"- Polyamide-6, -11, -12, -6,6, -6,9, -6,10 ou -6,12",5.0,18.0,26.58
3908900000,"- Polyamides sous formes primaires, autres que polyamide-6, -11, -12, -6,6, -6,9, -6,10 ou -6,12",5.0,18.0,26.58
3909100000,"- Résines uréiques; résines de thiourée, sous formes primaires",5.0,18.0,26.58
3909200000,"- Résines mélaminiques, sous formes primaires",5.0,18.0,26.58
3909310000,"-- Poly(méthylène phényl isocyanate) (MDI brut, MDI polymérique)",5.0,18.0,26.58
3909390000,"-- Résines aminiques du N°39.09, autres que ceux des sous-positions N°3909.10 à 3909.39, sous formes primaires",5.0,18.0,26.58
3909400000,"- Résines phénoliques, sous formes primaires",5.0,18.0,26.58
3909500000,"- Polyuréthannes, sous formes primaires",5.0,18.0,26.58
3910000000,Silicones sous formes primaires.,5.0,18.0,26.58
3911100000,"- Résines de pétrole, résines de coumarone, résines d'indène, résines de coumarone-indène et polyterpènes, sous formes primaires",5.0,18.0,26.58
3911900000,"- Polysulfures, polysulfones et autres produits mentionnés dans la Note 3 du Chapitre 39, sous formes primaires, NDCA",5.0,18.0,26.58
3912110000,"-- Acétates de cellulose non plastifiés, sous formes primaires",5.0,18.0,26.58
3912120000,"-- Acétates de cellulose plastifiés, sous formes primaires",5.0,18.0,26.58
3912200000,"- Nitrates de cellulose (y compris les collodions), sous formes primaires",5.0,18.0,26.58
3912310000,"-- Carboxyméthylcellulose et ses sels, sous formes primaires",5.0,18.0,26.58
3912390000,"-- Ethers de cellulose autres que carboxyméthylcellulose et ses sels, sous formes primaires",5.0,18.0,26.58
3912900000,"- Autres cellulose et ses dérivés chimiques, non dénommés ni compris ailleurs, sous formes primaires du n° 39.12",5.0,18.0,26.58
3913100000,"- Acide alginique, ses sels et ses esters, sous formes primaires",5.0,18.0,26.58
3913900000,"- Autres polymères naturels (...) et polymères naturels modifiés (protéines durcies, dérivés…, par exemple), NDCA, sous formes primaires",5.0,18.0,26.58
3914000000,"Echangeurs d'ions à base de polymères des n°s 39.01 à 39.13, sous formes primaires.",5.0,18.0,26.58
3915100000,"- Déchets, rognures et débris de polymères de l'éthylène",5.0,18.0,26.58
3915200000,"- Déchets, rognures et débris de polymères du styrène",5.0,18.0,26.58
3915300000,"- Déchets, rognures et débris de polymères du chlorure de vinyle",5.0,18.0,26.58
3915900000,"- Déchets, rognures et débris d'autres matières plastiques, du n° 39.15",5.0,18.0,26.58
5206220000,"-- Fils simples de coton (pas à coudre), en fibres peignées … moins de 85% … ,titrant moins de 714,29, et pas moins de 232,56 décitex … NCVD",10.0,18.0,32.48
5206230000,"-- Fils simples de coton (pas à coudre), en fibres peignées … moins de 85% … ,titrant moins de 232,56 et pas moins de 192,31 décitex … NCVD",10.0,18.0,32.48
5206240000,"-- Fils simples de coton (pas à coudre), en fibres peignées … moins de 85% … ,titrant moins de 192,31 et pas moins de 106,38 décitex …NCVD",10.0,18.0,12.5
5206250000,"-- Fils simples de coton (pas à coudre), en fibres peignées … moins de 85% … ,titrant moins de 125 décitex … NCVD",10.0,18.0,12.5
5206310000,"-- Fils retors ou câblés de coton (pas à coudre), en fibres non peignées … moins de 85% … 714,29 décitex  ou plus … NCVD",10.0,18.0,12.5
5206320000,"-- Fils retors ou câblés de coton (pas à coudre), en fibres non peignées …moins de 85% …moins de 714,29 et pas moins de 232,56 décitex …NCVD",10.0,18.0,12.5
5206330000,"-- Fils retors ou câblés de coton (pas à coudre), en fibres non peignées …moins de 85% …moins de 232,56 et pas moins de 192,31 décitex …NCVD",10.0,18.0,12.5
5206340000,"-- Fils retors ou câblés de coton (pas à coudre), en fibres non peignées … moins de 85% … moins de 192,31 et pas moins de 125 décitex … NCVD",10.0,18.0,12.5
5206350000,"-- Fils retors ou câblés de coton (pas à coudre), en fibres non peignées … moins de 85% … titrant en fils simples moins de 125 décitex …NCVD",10.0,18.0,12.5
5206410000,"-- Fils retors ou câblés de coton (pas à coudre), en fibres peignées … moins de 85% … 714,29 décitex  ou plus … NCVD",10.0,18.0,12.5
5206420000,"-- Fils retors ou câblés de coton (pas à coudre), en fibres peignées … moins de 85% … moins de 714,29, pas moins de 232,56 décitex … NCVD",10.0,18.0,12.5
5206430000,"-- Fils retors ou câblés de coton (pas à coudre), en fibres peignées … moins de 85% … moins de 232,56, pas moins de 192,31 décitex … NCVD",10.0,18.0,32.48
5206440000,"-- Fils retors ou câblés de coton (pas à coudre), en fibres peignées … moins de 85% … moins de 192,31 et pas moins de 125 décitex …NCVD",10.0,18.0,32.48
5206450000,"-- Fils retors ou câblés de coton (pas à coudre), en fibres peignées … moins de 85% … titrant en fils simples moins de 125 décitex … NCVD",10.0,18.0,32.48
5207100000,"- Fils de coton (pas à coudre), contenant au moins 85 % en poids de coton, conditionnés pour la vente au détail",10.0,18.0,32.48
5207901000,"-- Fils de coton (pas à coudre) pour la pêche conditionnés pour la vente au détail, sauf ceux contenant au moins 85% en poids de coton",5.0,18.0,32.48
5207909000,"-- Fils de coton (pas à coudre), conditionnés pour la vente au détail, contenant moins de 85% de coton, à l'exclusion de ceux pour la pêche",10.0,18.0,32.48
5208110000,"-- Tissus de coton, au moins 85% de coton, écrus, à armure toile, d'un poids n'excédant pas 100 g/m²",10.0,18.0,32.48
5208120000,"-- Tissus de coton, au moins 85% de coton, écrus, à armure toile, d'un poids excédant 100 g/m² mais pas 200 g/m²",10.0,18.0,32.48
5208130000,"-- Tissus de coton, au moins 85% de coton, poids n'excédant pas 200g/m², écrus, à armure sergé, ... dont le rapport d'armure n'excède pas 4",10.0,18.0,32.48
5208190000,"-- Autres tissus de coton écrus, contenant au moins 85% en poids de coton, d'un poids n'excédant pas 200 g/m²",10.0,18.0,32.48
5516410000,"-- Tissus de fibres artificielles discontinues moins de 85% en poids de ces fibres mél. pcplt ou uniqt avec du coton, écrus ou blanchis",10.0,18.0,44.28
5516420000,"-- Tissus de fibres artificielles discontinues moins de 85% en poids de ces fibres mélangées pcplt ou uniquement avec du coton, teints",20.0,18.0,44.28
5516430000,"-- Tissus de fibres artificielles discontinues moins de 85% en poids de ces fib. mél. pcplt ou uniqt avec du coton,en fils diverses couleurs",20.0,18.0,44.28
5516440000,"-- Tissus de fibres artificielles discontinues moins de 85% en poids de ces fibres mélangées pcplt ou uniquement avec du coton, imprimés",20.0,18.0,44.28
5516910000,"-- Autres tissus de fibres artificielles discontinues, écrus ou blanchis, du n° 55.16",20.0,18.0,44.28
5516920000,"-- Autres tissus de fibres artificielles discontinues, teints, du n° 55.16",20.0,18.0,44.28
5516930000,"-- Autres tissus de fibres artificielles discontinues, en fils de diverses couleurs,du n° 55.16",20.0,18.0,44.28
5516940000,"-- Autres tissus de fibres artificielles discontinues, imprimés, du n° 55.16",20.0,18.0,44.28
5601210000,-- Ouates de coton et article en ouates de coton,20.0,18.0,44.28
5601220000,-- Ouates de fibres synthétiques ou artificielles et articles en ces matiéres,20.0,18.0,44.28
5601290000,"-- Autres ouates de matières textiles et articles en ces ouates, du n° 56.01",20.0,18.0,44.28
5601300000,"- Tontisses, n?oeuds et noppes (boutons) de matières textiles",20.0,18.0,44.28
5602100000,"- Feutres aiguilletés et produits cousus-tricotés, même imprégnés, enduits, couverts ou stratifiés",20.0,18.0,44.28
5602210000,"-- Feutres de laine ou de poils fins, non imprégnés ni enduits ni recouverts ni stratifiés",20.0,18.0,44.28
5602290000,"-- Feutres d'autres matières textiles, non imprégnés ni enduits ni recouverts ni stratifiés",20.0,18.0,44.28
5602900000,"- Autres feutres, même imprégnés, enduits, recouverts ou stratifiés, du n° 56.02",20.0,18.0,44.28
5603110000,"-- Nontissés de filaments synthétiques ou artificiels, même imprégnés, enduits, recouverts ou stratifiés, d'un poids n'excédant pas 25 g/m²",20.0,18.0,44.28
5603120000,"-- Nontissés de filaments synthétiq. ou artificiels, même imprégnés, enduits, recouverts ou ..., poids sup. à 25g/m² mais n'excd. pas 70g/m²",20.0,18.0,44.28
5603130000,"-- Nontissés de filaments synthétiq. ou artificiels, même imprégnés, enduits, recouverts ou..., poids sup. à 70g/m² mais n'excd. pas 150g/m²",20.0,18.0,44.28
5603140000,"-- Nontissés de filaments synthétiques ou artificiels, même imprégnés, enduits, recouverts ou stratifiés, d'un poids supérieur à 150 g/m²",20.0,18.0,44.28
5603910000,"-- Autres nontissés, même imprégnés, enduits, recouverts ou stratifiés, d'un poids n'excédant pas 25 g/m²",20.0,18.0,44.28
5603920000,"-- Autres nontissés, même imprégnés, enduits, recouverts ou stratifiés, d'un poids supérieur à 25 g/m² mais n'excédant pas 70 g/m²",20.0,18.0,44.28
5603930000,"-- Autres nontissés, même imprégnés, enduits, recouverts ou stratifiés, d'un poids supérieur à 70 g/m² mais n'excédant pas 150 g/m²",20.0,18.0,44.28
4706200000,- Pâtes de fibres obtenues à partir de papier ou de carton recyclés (déchets et rebuts),5.0,18.0,26.58
4706300000,- Pâtes de fibres de bambou,5.0,18.0,26.58
4706910000,-- Pâtes de fibres mécaniques de matières fibreuses cellulosiques,5.0,18.0,26.58
4706920000,-- Pâtes de fibres chimiques de matières fibreuses cellulosiques,5.0,18.0,26.58
4706930000,-- Pâtes de fibres d'autres matières fibreuses cellulosiques obtenues par combinaison d'un traitement mécanique et d'un traitement chimique,5.0,18.0,26.58
4707100000,- Papiers ou cartons Kraft écrus ou papiers ou cartons ondulés,5.0,18.0,26.58
4707200000,"- Autres papiers ou cartons obtenus principalement à partir de pâte chimique blanchie, non colorés dans la masse",5.0,18.0,26.58
4707300000,"- Papiers ou cartons obtenus principalement à partir de pâte mécanique (journaux, périodiques et imprimés similaires, par exemple)",5.0,18.0,26.58
4707900000,"- Autres papiers ou cartons à recycler (déchets et rebuts), y compris les déchets et rebuts non triés",5.0,18.0,26.58
4801000000,"Papier journal, en rouleaux ou en feuilles.",0.0,18.0,2.5
4802100000,- Papiers et cartons formés feuille à feuille (papiers et cartons à la main),5.0,18.0,26.58
4802200000,"- Papiers et cartons supports pour papiers ou cartons photosensibles, sensibles à la chaleur ou électrosensibles",5.0,18.0,26.58
4802400000,- Papiers supports pour papiers peints,5.0,18.0,26.58
4802540000,"-- Autres papiers et cartons, sans fibres ...  mécanique ou ... 10% au plus en poids de composition fibreuse ... ,poids m² inférieur à 40 g",5.0,18.0,26.58
4802551000,"--- Autres papiers et cartons, sans fibres ...10% au plus… ,poids m² 40g ou plus, n'excède pas 150g, en rouleaux, largeur n'excède pas 150mm",5.0,18.0,26.58
4802559000,"--- Autres papiers et cartons, sans fibres ... 10% au plus … ,poids m² 40g ou plus, n'excède pas 150g, en rouleaux, largeur excède 150mm",5.0,18.0,26.58
4802561000,"--- Papiers supports pour carbone, sans fibres … 10% au plus … , poids m² de 40g ou plus, n'excède pas 150g, en feuilles ... l'état non plié",5.0,18.0,26.58
4802569000,"--- Autres papiers et cartons, sans fibres, poids m² de 40g ou plus, n'excède pas 150g, en feuilles  ... non plié, sauf papiers ... carbone",20.0,18.0,44.28
4802570000,"-- Autres papiers et cartons, sans fibres, poids m² de 40g ou plus, n'excède pas 150g, sauf en feuilles  ... non plié ou papiers ... carbone",5.0,18.0,26.58
4802580000,"-- Autres papiers et cartons, sans fibres ...  mécanique ou ... 10% au plus en poids de composition fibreuse ... , poids au m² excédant 150g",5.0,18.0,26.58
4802611000,"--- Autres papiers et cartons, dont plus de 10 % en poids  de ... des fibres obtenues par procédé … ,en rouleaux, largeur n'excède pas 150mm",5.0,18.0,26.58
4802619000,"--- Autres papiers et cartons, dont plus de 10% en poids ... des fibres obtenues par procédé … ,en rouleaux, sauf larg. n'excède pas 150mm",5.0,18.0,26.58
4802621000,"--- Papiers supports pour carbone, dont plus de 10% en poids de ... fibres obtenues par procédé … , en feuilles, ... 435mm et ... non plié",5.0,18.0,26.58
4802629000,"--- Autres papiers et carton, dont plus de 10% en poids ... fibres obtenues … ,en feuilles, ... 435mm ... non plié, sauf papiers ... carbone",20.0,18.0,44.28
3916100000,"-  Monofilaments dont plus grande dimension de  coupe transversale excède 1mm (...), joncs, bâtons et profilés,..., en polymères d'éthylène",5.0,18.0,26.58
3916200000,"- Monofilaments dont plus grande dimension de  coupe transversale excède 1mm (...), joncs, bâtons ..., en polymères du chlorure de vinyle",5.0,18.0,26.58
3916900000,"- Monofilaments dont plus grande dimension de  coupe transversale excède 1mm, joncs, bâtons ..., en autres matières plastiques, du n°39.16",5.0,18.0,26.58
3917100000,- Boyaux artificiels en protéines durcies ou en matières plastiques cellulosiques,10.0,18.0,32.48
3917211000,"--- Tubes et tuyaux rigides, en polymères de l'éthylène pour canalisation d'eau",20.0,18.0,44.28
3917219000,"--- Tubes et tuyaux rigides, en polymères de l'éthylène autres que pour canalisation d'eau",20.0,18.0,44.28
3917221000,"--- Tubes et tuyaux rigides, en polymères du propylène pour canalisation d'eau",20.0,18.0,44.28
3917229000,"--- Tubes et tuyaux rigides, en polymères du propylène autres que pour canalisation d'eau",20.0,18.0,44.28
3917231000,"--- Tubes et tuyaux rigides, en polymères du chlorure de vinyle  pour canalisation d'eau",20.0,18.0,44.28
3917239000,"--- Tubes et tuyaux rigides, en polymères du chlorure de vinyle autres que pour canalisation d'eau",20.0,18.0,44.28
3917291000,"--- Tubes et tuyaux rigides, en autres matières plastiques pour canalisation d'eau",20.0,18.0,44.28
3917299000,"--- Tubes et tuyaux rigides, en autres matières plastiques autres que pour canalisation d'eau",20.0,18.0,44.28
3917310000,"-- Tubes et tuyaux souples pouvant supporter au minimum une pression de 27,6 MPa",20.0,18.0,44.28
3917320000,"-- Autres tubes et tuyaux, non renforcés d'autres matières ni autrement associés à d'autres matières, sans accessoires",20.0,18.0,44.28
3917330000,"-- Autres tubes et tuyaux, non renforcés d'autres matières ni autrement associés à d'autres matières, avec accessoires",20.0,18.0,44.28
3917391000,"--- Boyaux en autres matières plastiques, autres que protéines durcies ou matières plastiques cellulosiques",10.0,18.0,32.48
3917399000,"--- Autres tubes et tuyaux  en matières plastiques, du n° 39.17",20.0,18.0,44.28
3917401000,"-- Accessoires (joints, coudes, raccords, par exemple) de tubes et tuyaux en matières plastiques, pour canalisation d'eau",20.0,18.0,44.28
3917409000,"-- Accessoires (joints, coudes, raccords, par exemple) de tubes et tuyaux en matières plastiques, autres que pour canalisation d'eau",20.0,18.0,44.28
3918100000,"- Revêtements de sols (...), de murs ou plafonds, en polymères du chlorure de vinyle",20.0,18.0,44.28
3918900000,"- Revêtements de sols (...), de murs ou plafonds, en matières plastiques, autres que polymères du chlorure de vinyle",20.0,18.0,44.28
3919100000,"- Plaques, feuilles, bandes,... autres formes plates, auto-adhésifs, en matières plastiques, en rouleaux d'une largeur n'excédant pas 20 cm",10.0,18.0,32.48
3919900000,"- Autres plaques, feuilles, bandes, rubans, pellicules et autres formes plates, auto-adhésifs, en matières plastiques, du n° 39.19",10.0,18.0,32.48
3920101000,"-- Autres plaques, feuilles, pellicules, bandes et lames, en polymères de l'éthylène, non alvéolaires, non renforcées,..., non imprimées",10.0,18.0,
5208210000,"-- Tissus de coton, au moins 85% de coton, blanchis, à armure toile, d'un poids n'excédant pas 100 g/m²",20.0,18.0,44.28
5208220000,"-- Tissus de coton, au moins 85% de coton, blanchis, à armure toile, d'un poids excédant 100 g/m² mais pas 200 g/m²",20.0,18.0,44.28
5208230000,"-- Tissus de coton, au moins 85% de coton, poids n'excéde pas 200g/m², blanchis, à armure sergé, ... dont le rapport d'armure n'excède pas 4",20.0,18.0,44.28
5208291000,"--- Basins, damassés et similaires, contenant au moins 85% de coton, blanchis, d'un poids n'excédant pas 200 g/m²",20.0,18.0,44.28
5208299000,"--- Autres tissus de coton blanchis contenant  au moins 85% de coton, blanchis, d'un poids n'excédant pas 200 g/m², du n° 52.08",20.0,18.0,44.28
5208310000,"-- Tissus de coton, contenant au moins 85% en poids de coton, teints, à armure toile, d'un poids n'excédant pas 100 g/m²",20.0,18.0,44.28
5208320000,"-- Tissus de coton, contenant au moins 85% en poids de coton, teints, à armure toile, d'un poids excédant 100 g/m² mais pas 200 g/m²",20.0,18.0,44.28
5208330000,"-- Tissus de coton, au moins 85% de coton, , poids n'excéde pas 200g/m², teints, à armure sergé, ... dont le rapport d'armure n'excède pas 4",20.0,18.0,44.28
5208391000,"--- Basins, damassés et similaires, contenant au moins 85% en poids de coton, teints, d'un poids n'excédant pas 200 g/m²",20.0,18.0,44.28
5208399000,"--- Autres tissus de coton, contenant  au moins 85% de coton, teints, d'un poids n'excédant pas 200 g/m², du n° 52.08",20.0,18.0,44.28
5208410000,"-- Tissus de coton, au moins 85% en poids de coton, en fils de diverses couleurs, à armure toile, d'un poids n'excédant pas 100 g/m²",20.0,18.0,44.28
5208420000,"-- Tissus de coton, au moins 85% en poids de coton, en fils de diverses couleurs, à armure toile, poids excédant 100 g/m² mais pas 200 g/m²",20.0,18.0,44.28
5208430000,"-- Tissus de coton, au moins 85% de coton, poids n'excéde pas 200g/m², en fils de diverses couleurs, à armure sergé, ... n'excède pas 4",20.0,18.0,44.28
5208490000,"-- Autres tissus de coton, au moins 85% de coton, en fils de diverses couleurs, poids n'excédant pas 200g/m²,  du n° 52.08",20.0,18.0,44.28
5208511000,"--- Tissus de coton imprimés, au moins 85% de coton,à armure toile, poids n'excède pas 100g/m²,... procédé d'impression à base de cire (WAX)",35.0,18.0,44.28
5208519000,"--- Tissus de coton imprimés, au moins 85% de coton,à armure toile, poids n'excède pas 100g/m², ... autre procédé d'impression, sauf de cire",35.0,18.0,44.28
5208521000,"--- Tissus de coton imprimés, au moins 85% de coton,armure toile, poids excède 100g/m² mais pas 200g/m², ... impression à base de cire (WAX)",20.0,18.0,44.28
5208529000,"--- Tissus de coton imprimés, au moins 85% de coton, poids excède 100g/m² mais pas 200 g/m²,armure toile, impression autre qu'à base de cire",35.0,18.0,44.28
5208590000,"-- Autres tissus, contenant au moins 85% de coton, poids n'excédant pas 200 g/m², imprimés, à armure toile, du n° 52.08",35.0,18.0,44.28
5209110000,"-- Tissus de coton, au moins 85% de coton, d'un poids excédant 200 g/m², écrus, à armure toile",10.0,18.0,32.48
5209120000,"-- Tissus de coton, au moins 85% de coton, poids excédant 200g/m², écrus, à armure sergé, ... dont le rapport d'armure n'excède pas 4",10.0,18.0,32.48
5209190000,"-- Autres tissus de coton, contenant au moins 85% en poids de coton, d'un poids excédant 200 g/m², écrus, du n° 52.09",10.0,18.0,32.48
5603940000,"-- Autres nontissés, même imprégnés, enduits, recouverts ou stratifiés, d'un poids supérieur à 150 g/m²",20.0,18.0,44.28
5604100000,"- Fils et cordes de caoutchouc, recouverts de textiles",10.0,18.0,32.48
5604900000,"- Fils textiles, lames et formes similaires des n°s 54.04 ou 54.05, imprégnés, enduits, recouverts ou gainés de caoutchouc ou de mat. plast.",10.0,18.0,32.48
5605000000,"Filés métalliques et fils métallisés, même guipés, consti. par des fils textiles, des lames ou formes simil. des n°54.04 ou 54.05...de métal",10.0,18.0,32.48
5606000000,"Fils, lames et formes simil. des n°54.04 ou 54.05, guipés aut. que ...n°56.05 et ...crin guipés; fils de chenille; fils dits «de chaînette».",10.0,18.0,32.48
5607210000,"-- Ficelles lieuses ou botteleuses de sisal ou d'autres fibres textiles du genre Agave, même imprégnées...de caoutchouc ou de mat. plastique",10.0,18.0,32.48
5607290000,"-- Autres ficelles, cordes et cordages de sisal ou d'autres fibres textiles du genre Agave, même imprégnés...de caoutchouc ou de mat. plast.",10.0,18.0,32.48
5607410000,"-- Ficelles lieuses ou botteleuses de polyéthylène ou de polypropylène, même imprégnées, ...ou gainées de caoutchouc ou de matière plastique",10.0,18.0,
5607490000,"-- Autres ficelles, cordes et cordages de polyéthylène ou  de polypropylène, même imprégnés ...de caoutchouc ou de matières plastiques",10.0,18.0,
5607500000,"- Ficelles, cordes et cordages d'autres fibres synthétiques, même imprégnés, enduits, ...ou gainés de caoutchouc ou de matière plastique",10.0,18.0,32.48
5607900000,"- Autres ficelles, cordes et cordages, même imprégnés, enduits, recouverts ou gainés de caoutchouc ou de matière plastique du n° 56.07",10.0,18.0,32.48
5608190000,"-- Filets confectionnés en matières textiles synthétiques ou artificielles, autres que pour la pêche",20.0,18.0,44.28
5608901000,-- Filets confectionnés pour la pêche autres qu'en matières textiles synthétiques ou artificielles,5.0,18.0,26.58
5608909000,"-- Filets à mailles nouées, en nappes ou en pièces, obtenus à partir de ficelles, cordes ou cordages; autres filets en matières textiles",20.0,18.0,44.28
5609000000,"Articles en fils, lames ou formes similaires des n°s 54.04 ou 54.05, ficelles, cordes ou cordages, non dénommés ni compris ailleurs.",20.0,18.0,44.28
5701100000,"- Tapis en matières de laine ou de poils fins, à point noués ou enroulés, même confectionnés",20.0,18.0,44.28
5701900000,"- Tapis en matières textiles, autres que de laine ou de poils fins, à point noués ou enroulés, même confectionnés",20.0,18.0,44.28
5702100000,"- Tapis dits «Kelim» ou «Kilim», «Schumacks» ou «Soumak», «Karamanie» et tapis similaires tissés à la main",20.0,18.0,44.28
5702200000,- Revêtements de sol en coco,20.0,18.0,44.28
5702310000,"-- Tapis et autres revêtements de sol, de laine ou de poils fins, à velours, non confectionnés, non touffetés ni floqués",20.0,18.0,44.28
5702320000,"-- Tapis et autres revêtements de sol, de mat. textiles synthétiq. ou artificielles, à velours, non confectionnés, non touffetés ni floqués",20.0,18.0,44.28
5702390000,"-- Tapis et autres revêtements de sol, d'autres matières textiles, à velours, non confectionnés, non touffetés ni floqués",20.0,18.0,44.28
4802691000,--- Autres papiers supports pour carbone dont plus de 10% en poids de la composition fibreuse totale sont constituées par   ... du n° 48.02,5.0,18.0,26.58
4802699000,"--- Autres papiers et cartons, dont plus de 10 % en poids ... des fibres obtenues par un procédé mécanique ou chimico-mécanique … du n°48.02",20.0,18.0,44.28
4803000000,"Papiers utilisés pour toilette, ..., serviettes ou similaires à usages domestiques, ..., même crêpés, plissés,... ,en rouleaux ou feuilles",10.0,18.0,32.48
4804110000,"-- Papiers et cartons pour couverture, dits «Kraftliner», non couchés ..., en rouleaux ou feuilles, sauf ceux des n°s 48.02 ou 48.03, écrus",5.0,18.0,26.58
4804190000,"-- Papiers et cartons pr couverture, dits «Kraftliner», non couchés ...,en rouleaux ou feuilles, sauf ceux des n°s 48.02 ou 48.03, non écrus",5.0,18.0,26.58
4804210000,"-- Papiers Kraft pour sacs de grande contenance, non couchés ..., en rouleaux ou feuilles, sauf ceux des n°s 48.02 ou 48.03, écrus",5.0,18.0,26.58
4804290000,"-- Papiers Kraft pour sacs de grande contenance, non couchés ..., en rouleaux ou feuilles, sauf ceux des n°s 48.02 ou 48.03, autres qu'écrus",5.0,18.0,26.58
4804310000,"-- Autres papiers et cartons Kraft, ...n'excède pas 150g, non couchés ..., en rouleaux ou feuilles, sauf ceux des n°s 48.02 ou 48.03, écrus",5.0,18.0,26.58
4804390000,"-- Autres papiers et cartons Kraft, ...n'excède pas 150g, non couchés ..., rouleaux ou feuilles, sauf ceux des n°s 48.02 ou 48.03, non écrus",5.0,18.0,26.58
4804410000,"-- Autres papiers et cartons Kraft, ... entre 150g exclus et 225g exclus, non couchés ...,en rouleaux..., sauf n°s 48.02 ou 48.03, écrus",5.0,18.0,26.58
4804420000,"-- Autres papiers et cartons Kraft,... entre 150g exclus et 225g exclus,...,sauf n°s 48.02 ou 48.03,  blanchis ... plus de 95 % en poids ...",5.0,18.0,26.58
4804490000,"-- Autres papiers et cartons Kraft d'un poids au m² compris entre 150 g exclus et 225 g exclus, du n° 48.04",5.0,18.0,26.58
4804510000,"-- Autres papiers et cartons Kraft, poids au m² égal ou supérieur à 225g,..., en rouleaux ou ..., sauf ceux des n°s 48.02 ou 48.03, écrus",5.0,18.0,26.58
4804520000,"-- Autres papiers et cartons Kraft, poids au m² égal ou supérieur à 225 g,...,sauf n°s 48.02 ou 48.03,  blanchis ... plus de 95 % en poids …",5.0,18.0,26.58
4804590000,"-- Autres papiers et cartons Kraft, d'un poids au m² égal ou supérieur à 225 g, du n° 48.04",5.0,18.0,26.58
4805110000,"-- Papier mi-chimique pour cannelure, non couchés ..., en rouleaux ... ou de traitements aut. que ceux stipulés dans la Note 3 du Chap.48",5.0,18.0,26.58
4805120000,"-- Papier paille pour cannelure, non couchés ..., en rouleaux ... ou de traitements aut. que ceux stipulés dans la Note 3 du Chap.48",5.0,18.0,26.58
4805190000,"-- Papiers pour cannelure, à l'exclusion des n°s 4805.11 et 4805.12",5.0,18.0,26.58
4805240000,"-- Testliner (fibres récupérées), d'un poids au m² n'excédant pas 150 g, non couchés ..., autres que ceux stipulés dans la Note 3 du Chap.48",5.0,18.0,26.58
4805250000,"-- Testliner (fibres récupérées), d'un poids au m² excédant 150 g, non couchés ..., autres que ceux stipulés dans la Note 3 du Chap.48",5.0,18.0,26.58
4805300000,"- Papier sulfite d'emballage, non couchés ..., en rouleaux ... ou de traitements aut. que ceux stipulés dans la Note 3 du Chap.48",5.0,18.0,26.58
4805400000,"- Papier et carton filtre, non couchés ..., en rouleaux ... ou de traitements aut. que ceux stipulés dans la Note 3 du Chap.48",5.0,18.0,26.58
4805500000,"- Papier et carton feutre, papier et carton laineux, non couchés ... ou de traitements aut. que ceux stipulés dans la Note 3 du Chap.48",5.0,18.0,26.58
3920102000,"-- Autres plaques, feuilles, pellicules, bandes et lames, en polymères de l'éthylène, non alvéolaires, non renforcées,..., imprimées",20.0,18.0,
3920201000,"-- Autres plaques, feuilles, pellicules, bandes et lames, en polymères du propylène, non alvéolaires, non renforcées,..., non imprimées",10.0,18.0,
3920202000,"-- Autres plaques, feuilles, pellicules, bandes et lames, en polymères du propylène, non alvéolaires, non renforcées,..., imprimées",20.0,18.0,
3920301000,"-- Autres plaques, feuilles, pellicules, bandes et lames, en polymères du styrène, non alvéolaires, non renforcées,..., non imprimées",10.0,18.0,
3920302000,"-- Autres plaques, feuilles, pellicules, bandes et lames, en polymères du styrène, non alvéolaires, non renforcées,..., imprimées",20.0,18.0,
3920430000,"-- Autres plaques, feuilles,..., en polymères du chlorure de vinyle, non alvéolaires,..., contenant en poids au moins 6% de plastifiants",10.0,18.0,
3920490000,"-- Autres plaques, feuilles, pellicules, bandes et lames, en polymères du chlorure de vinyle, non alvéolaires,..., sauf celles du n° 3920.43",10.0,18.0,
3920510000,"-- Autres plaques, feuilles, pellicules, bandes et lames, en poly(méthacrylate de méthyle), non alvéolaires, ...d'autres matières",10.0,18.0,
3920590000,"-- Autres plaques, feuilles, pellicules, bandes ..., en polymères acryliques, non alvéolaires ..., aut. qu'en poly(méthacrylate de méthyle)",10.0,18.0,
3920610000,"-- Autres plaques, feuilles, pellicules, bandes et lames, en polycarbonates non alvéolaires, non renforcées, ni stratifiées, ni munies ...",10.0,18.0,
3920620000,"-- Autres plaques, feuilles, pellicules, bandes et lames, en poly(éthylène téréphtalate) non alvéolaires, non renforcées, ...matières",10.0,18.0,
3920630000,"-- Autres plaques, feuilles, pellicules, bandes et lames, en polyesters non saturés non alvéolaires, non renforcées, ...d'autres matières",10.0,18.0,
3920690000,"-- Autres plaques, feuilles, pellicules, bandes et lames, en autres polyesters non alvéolaires, non renforcées, ni stratifiées, …",10.0,18.0,
3920710000,"-- Autres plaques, feuilles, pellicules, bandes et lames, en cellulose régénérée non alvéolaires, non renforcées, ni stratifiées, …",10.0,18.0,
3920730000,"-- Autres plaques, feuilles, pellicules, bandes et lames, en acétate de cellulose non alvéolaires, non renforcées, ni stratifiées, …",10.0,18.0,
3920790000,"-- Autres plaques, feuilles, pellicules, bandes et lames, en autres dérivés de la cellulose non alvéolaires, non renforcées, …",10.0,18.0,
3920910000,"-- Autres plaques, feuilles, pellicules, bandes et lames, en poly(butyral de vinyle) non alvéolaires, non renforcées, ...matières",10.0,18.0,
3920920000,"-- Autres plaques, feuilles, pellicules, bandes et lames, en polyamides non alvéolaires, non renforcées, ...matières",10.0,18.0,
3920930000,"-- Autres plaques, feuilles, pellicules, bandes et lames, en résines aminiques non alvéolaires, non renforcées, ...matières",10.0,18.0,
3920940000,"-- Autres plaques, feuilles, pellicules, bandes et lames, en résines phénoliques non alvéolaires, non renforcées, ...matières",10.0,18.0,
3920990000,"-- Autres plaques, feuilles, pellicules, bandes et lames, en autres matières plastiques non alvéolaires, non renforcées, ...matières",10.0,18.0,
5209210000,"-- T²issus de coton, au moins 85% de coton, d'un poids excédant 200 g/m², blanchis, à armure toile",20.0,18.0,44.28
5209220000,"-- Tissus de coton, au moins 85% de coton, poids excédant 200g/m², blanchis, à armure sergé, ... dont le rapport d'armure n'excède pas 4",20.0,18.0,44.28
5209291000,"--- Basins, damassés et similaires, contenant au moins 85% en poids de coton, d'un poids excédant 200 g/m², blanchis",20.0,18.0,44.28
5209299000,"--- Autres tissus de coton, blanchis, contenant au moins 85% en poids de coton, d'un poids excédant 200 g/m², du n° 52.09",20.0,18.0,44.28
5209310000,"-- Tissus de coton, contenant au moins 85% de coton, d'un poids excédant 200 g/m², teints, à armure toile",20.0,18.0,44.28
5209320000,"-- Tissus de coton, au moins 85% de coton, poids excédant 200g/m², teints, à armure sergé, ... dont le rapport d'armure n'excède pas 4",20.0,18.0,44.28
5209391000,"--- Basins, damassés et similaires, contenant au moins 85% en poids de coton, d'un poids excédant 200 g/m², teints",20.0,18.0,44.28
5209399000,"--- Autres  tissus de coton, contenant au moins 85% en poids de coton, d'un poids excédant 200 g/m², teints, du n° 52.09",20.0,18.0,44.28
5209410000,"-- Tissus de coton, contenant au moins 85% de coton, d'un poids excédant 200 g/m², en fils de diverses couleurs, à armure toile",20.0,18.0,44.28
5209420000,"-- Tissus dits «Denim», contenant au moins 85% de coton, d'un poids excédant 200 g/m², en fils de diverses couleurs",20.0,18.0,44.28
5209430000,"-- Tissus de coton, au moins 85% de coton, poids excédant 200g/m², en fils de diverses couleurs, à armure sergé, ...  n'excède pas 4",20.0,18.0,44.28
5209490000,"-- Autres  tissus de coton, contenant au moins 85% en poids de coton, d'un poids excédant 200 g/m², en fils de diverses couleurs, du n°52.09",20.0,18.0,44.28
5209511000,"--- Tissus de coton, au moins 85% de coton, poids excédant 200g/m², imprimés, à armure toile, … impression à base de cire (WAX)",35.0,18.0,44.28
5209519000,"--- Tissus de coton, au moins 85% de coton, poids excédant 200g/m², imprimés, à armure toile, … impression autrement qu'à base de cire",35.0,18.0,44.28
5209520000,"-- Tissus de coton, au moins 85% de coton, poids excédant 200g/m², imprimés, à armure sergé, ... dont le rapport d'armure n'excède pas 4",35.0,18.0,44.28
5209590000,"-- Autres tissus de coton, contenant au moins 85% en poids de coton, d'un poids excédant 200 g/m², imprimés, du n°52.09",35.0,18.0,44.28
5210110000,"-- Tissus de coton, moins de 85% de coton, mélangés avec fibres synthétiq. ou … , poids n'excéde pas 200g/m², écrus, à armure toile",10.0,18.0,32.48
5210190000,"-- Tissus de coton, moins de 85% de coton, mélangés avec fibres synthétiq. ou ..., poids n'excéde pas 200g/m², écrus, armure aut. que toile",10.0,18.0,32.48
5210210000,"-- Tissus de coton, moins de 85% de coton, mélangés avec fibres synthétiq. ou … , poids n'excéde pas 200g/m², blanchis, à armure toile",20.0,18.0,44.28
5210290000,"-- Tissus de coton, moins de 85% de coton, mélangés avec fibres synthétiq. ou … ,poids n'excéde pas 200g/m², blanchis, armure aut. que toile",20.0,18.0,44.28
5210310000,"-- Tissus de coton, moins de 85% de coton, mélangés avec fibres synthétiq. ou … , poids n'excéde pas 200g/m², teints, à armure toile",20.0,18.0,44.28
5210320000,"-- Tissus de coton, moins de 85% de coton, avec fibres synthétiq. … , pds n'excéde pas 200g/m², teints, à armure sergé, ...  n'excède pas 4",20.0,18.0,44.28
5702410000,"-- Tapis et autres revêtements de sol, de laine ou de poils fins, à velours, confectionnés, non touffetés ni floqués",20.0,18.0,44.28
5702420000,"-- Tapis et autres revêtements de sol, de mat. textiles synthétiq. ou artificielles, à velours, confectionnés, non touffetés ni floqués",20.0,18.0,44.28
5702490000,"-- Tapis et autres revêtements de sol, d'autres matières textiles, à velours, confectionnés, non touffetés ni floqués",20.0,18.0,44.28
5702500000,"- Autres tapis et revêtements de sol, en matières textiles, sans velours, tissés, non touffetés ni floqués, non confectionnés",20.0,18.0,44.28
5702910000,"-- Autres tapis et revêtements de sol, de laine ou de poils fins, sans velours, confectionnés, tissés, non touffetés ni floqués",20.0,18.0,44.28
5702920000,"-- Autres tapis et revêtements de sol, de mat. textil. synthétiq. ou artificiel,sans velours, tissés,non touffetés ni floqués, confectionnés",20.0,18.0,44.28
5702990000,"-- Autres tapis et revêtements de sol, d'autres matières textiles, sans velours, tissés, non touffetés ni floqués, confectionnés",20.0,18.0,44.28
5703100000,"- Tapis et autres revêtements de sol, de laine ou de poils fins, touffetés, même confectionnés",20.0,18.0,44.28
5703200000,"- Tapis et autres revêtements de sol , de nylon ou d'autres polyamides, touffetés, même confectionnés",20.0,18.0,44.28
5703300000,"- Tapis et autres revêtements de sol, d'autres matières textiles synthétiques ou artificielles, touffetés, même confectionnés",20.0,18.0,44.28
5703900000,"- Tapis et autres revêtements de sol, d'autres matières textiles, touffetés, même confectionnés du N° 57.03",20.0,18.0,44.28
5704100000,"- Carreaux en feutre non touffetés ni floqués, même confectionnés, dont la superficie n'excède pas 0,3 m²",20.0,18.0,44.28
5704200000,"- Carreaux en feutre, non touffetés ni floqués même confectionnés dont la surface excède 0,3 m² mais n'excède pas 1 m²",20.0,18.0,44.28
5704900000,"- Autres tapis et revêtements de sol, en feutre, non touffetés ni floqués, même confectionnés, du N° 57.04",20.0,18.0,44.28
5705000000,"Autres tapis et revêtements de sol en matières textiles, même confectionnés.",20.0,18.0,44.28
5801100000,"- Velours et peluche tissés et tissus de chenille, de laine ou de poils fins, autres que les articles des n°s 58.02 ou 58.06",20.0,18.0,44.28
5801210000,"-- Velours et peluches par la trame, de coton, non coupés, autres que les articles des n°s 58.02 ou 58.06",20.0,18.0,44.28
5801220000,"-- Velours et peluches par la trame, de coton, coupés, côtelés, autres que les articles des n°s 58.02 ou 58.06",20.0,18.0,44.28
5801230000,"-- Autres velours et peluches par la trame, de coton, autres que les articles des n°s 58.02 ou 58.06",20.0,18.0,44.28
5801260000,"-- Tissus de chenille, de coton, autres que les articles des n°58.02 ou 58.06",20.0,18.0,44.28
5801270000,"-- Velours et peluches par la chaîne, de coton, autres que les articles des n°s 58.02 ou 58.06",20.0,18.0,44.28
5801310000,"-- Velours et peluches par la trame, de fibres synthétiques ou artificielles, non coupés, autres que les articles des n°s 58.02 ou 58.06",20.0,18.0,44.28
5801320000,"-- Velours et peluches par la trame, de fibres synthétiq. ou artificielles, coupés, côtelés, autres que les articles des n°s 58.02 ou  58.06",20.0,18.0,44.28
4805910000,"-- Autres papiers et cartons, ... traitements autres que ceux stipulés dans la Note 3 du Chap.48, poids au m² n'excède pas 150g, du n°48.05",5.0,18.0,26.58
4805920000,"-- Autres papiers et cartons, ... autres que ceux stipulés dans la Note3 du Chap.48, poids au m² excède 150g et inférieur à 225g, du n°48.05",5.0,18.0,26.58
4805930000,"-- Autres papiers et cartons, ... autres que ceux stipulés dans la Note 3 du Chap.48, d'un poids au m² égal ou supérieur à 225 g, du n°48.05",5.0,18.0,26.58
4806100000,"- Papiers et cartons sulfurisés (parchemin végétal), en rouleaux ou en feuilles",10.0,18.0,32.48
4806200000,"- Papiers ingraissables (greaseproof), en rouleaux ou en feuilles",10.0,18.0,32.48
4806300000,"- Papiers-calques, en rouleaux ou en feuilles",10.0,18.0,32.48
4806400000,"- Papier dit «cristal» et autres papiers calandrés transparents ou translucides, en rouleaux ou en feuilles",10.0,18.0,32.48
4807000000,"Papiers et cartons assemblés à plat par collage, non couchés ni enduits à la surface ni imprégnés, ..., en rouleaux ou en feuilles",10.0,18.0,32.48
4808100000,"- Papiers et cartons ondulés, même perforés, en rouleaux ou en feuilles, autres que les papiers des types décrits dans le libellé du n°48.03",10.0,18.0,32.48
4808400000,"- Papiers Kraft, crêpés ou plissés, même gaufrés, estampés ou perforés, en rouleaux ou en feuilles, autres que ceux du n°48.03",10.0,18.0,32.48
4808900000,"- Autres papiers et cartons ondulés, à l'exclusion des n°s 4808.10 et 4808.40, en rouleaux ou en feuilles, autres que ceux du n°48.03",10.0,18.0,32.48
4809200000,"- Papiers dits «autocopiants», même imprimés, en rouleaux ou en feuilles",10.0,18.0,32.48
4809900000,"- Papiers carbone et autres papiers pour duplication ou reports (...), même imprimés, en rouleaux ou en feuilles",10.0,18.0,32.48
4810131000,"--- Papiers et cartons pour l'écriture, l'impression ...,sans fibres obtenues par procédé mécaniq. ou ...10% au plus … en rouleaux, imprimés",10.0,18.0,32.48
4810139000,"--- Autres papiers et cartons pour l'écriture, l'impression ..., sans fibres obtenues par  ...,10% au plus …en rouleaux, aut. qu'imprimés",10.0,18.0,32.48
4810140000,"-- Papiers et cartons pour écriture, impression ...10% au plus, en feuilles, ...un côté n'excède pas 435mm et l'autre 297mm, état non plié",20.0,18.0,44.28
4810190000,"-- Papiers et cartons pour écriture...,10% au plus en feuilles, un côté n'excède pas 435mm et l'autre 297mm, non plié, sauf n°4810.14",20.0,18.0,44.28
4810221000,"--- Papier couché léger, dit «L.W.C»… plus de 10%,en rouleau, larg. n'excède pas 150mm ou ... côté n?'excède pas 435mm  ...297mm, non plié",10.0,18.0,32.48
4810229000,"--- Papier couché léger, dit «L.W.C», … plus de 10%, autre que celui du n° 4810.22, non plié",10.0,18.0,32.48
4810291000,"--- Autres papiers et cartons pr écriture, ...plus de 10%,en rouleau, larg. n'excède pas 150mm ou ... pas 435mm ...,non plié, sauf n°4810.22",10.0,18.0,32.48
4810299000,"--- Autres papiers et cartons pr écriture, … plus de 10%, en rouleau, larg. n'excède pas 150mm ou ... non plié, sauf n°s 4810.22 et 4810.29",10.0,18.0,32.48
4810311000,"--- Papiers et cartons Kraft aut. que  pr écriture,  blanchis ...pas 150g,en rouleau, larg. n'excède pas 150mm ou feuilles ...non plié",10.0,18.0,32.48
4810319000,"--- Papiers et cartons Kraft aut. que  pr écriture, blanchis ... pds n'excède pas 150g, en rouleau, ...non plié, sauf ceux du n°481031.10",10.0,18.0,32.48
3921110000,"-- Autres plaques, feuilles, pellicules, bandes et lames, en polymères du styrène, alvéolaires",10.0,18.0,
3921120000,"-- Autres plaques, feuilles, pellicules, bandes et lames, en polymères du chlorure de vinyle, alvéolaires",10.0,18.0,
3921130000,"-- Autres plaques, feuilles, pellicules, bandes et lames, en polyuréthannes, alvéolaires",10.0,18.0,
3921140000,"-- Autres plaques, feuilles, pellicules, bandes et lames, en cellulose régénérée, alvéolaires",10.0,18.0,
3921190000,"-- Autres plaques, feuilles, pellicules, bandes et lames, en autres matières plastiques, alvéolaires",10.0,18.0,
3921901000,"-- Autres plaques, feuilles, pellicules, bandes et lames, en matières plastiques, autres qu'alvéolaires, non imprimés",10.0,18.0,
3921902000,"-- Autres plaques, feuilles, pellicules, bandes et lames, en matières plastiques, autres qu'alvéolaires, imprimés",20.0,18.0,
3922100000,"- Baignoires, douches, éviers et lavabos, en matières plastiques",20.0,18.0,44.28
3922200000,"- Sièges et couvercles de cuvettes d'aisance, en matières plastiques",20.0,18.0,44.28
3922900000,"- Bidets, cuvettes d'aisance, réservoirs de chasse et articles similaires pour usages sanitaires ou hygiéniques, en matières plastiques",20.0,18.0,44.28
3923100000,"- Boîtes, caisses, casiers et articles similaires, en matières plastiques",20.0,18.0,44.28
3923210000,"-- Sacs, sachets, pochettes et cornets, en polymères de l'éthylène",20.0,18.0,
3923290000,"-- Sacs, sachets, pochettes et cornets en matières plastiques, autres que polymères de l'éthylène",20.0,18.0,
3923301000,"-- Ebauches ou préformes de bonbonnes, bouteilles, flacons et articles similaires, en matières plastiques",20.0,18.0,44.28
3923309000,"-- Bonbonnes, bouteilles, flacons et articles similaires, à l'exclusion de leurs ébauches et préformes, en matières plastiques",20.0,18.0,44.28
3923401000,"-- Cassettes sans bandes magnétiques, en matières plastiques",10.0,18.0,32.48
3923409000,"-- Bobines, fusettes, canettes et supports similaires, à l'exclusion des cassettes sans bandes magnétiques, en matières plastiques",20.0,18.0,44.28
3923500000,"- Bouchons, couvercles, capsules et autres dispositifs de fermeture, en matières plastiques",20.0,18.0,44.28
3924100000,"- Vaisselle et autres articles pour le service de la table ou de la cuisine, en matières plastiques",20.0,18.0,44.28
3924901000,"-- Cuvettes et seaux, en matières plastiques",20.0,18.0,44.28
3925100000,"- Réservoirs, foudres, cuves et récipients analogues, d'une contenance excédant 300 l, en matières plastiques",20.0,18.0,44.28
3925200000,"- Portes, fenêtres et leurs cadres, chambranles et seuils, en matières plastiques",20.0,18.0,44.28
5210390000,"-- Autres tissus de coton, moins de 85% de coton, mélangés avec fibres synthétiq. … , poids n'excéde pas 200g/m², teints, du n° 52.09",20.0,18.0,44.28
5210410000,"-- Tissus de coton, moins de 85% de coton, avec fibres synthétiq. … ,pds n'excéde pas 200g/m², en fils de diverses couleurs, à armure toile",20.0,18.0,44.28
5210490000,"-- Tissus de coton, moins de 85% de coton, avec fibre synt. … ,pds n'excéde pas 200g/m², en fils de diverses couleurs, armure aut. que toile",20.0,18.0,44.28
5210511000,"--- Tissus de coton imprimés, moins de 85% de coton, avec fibres synthéti. … ,pds n'excéde pas 200g/m², armure toile, ...à base de cire(WAX)",35.0,18.0,44.28
5210519000,"--- Tissus de coton, moins de 85% de coton, avec fibres synthéti. … ,pds n'excéde pas 200g/m², armure toile, imprimés autrement qu'à la cire",35.0,18.0,44.28
5210590000,"-- Tissus de coton, moins de 85% de coton, avec fibre synthétique. … ,poids n'excéde pas 200g/m², imprimés, armure autre que toile",35.0,18.0,44.28
5211110000,"-- Tissu de coton, moins de 85% de coton, mélangés avec fibres synthétiques ou artificielles, poids excède 200g/m², écrus, à armure toile",10.0,18.0,32.48
5211120000,"-- Tissu de coton, moins de 85% de coton, avec fibres synthétiques ... poids excède 200g/m², écrus, à armure sergé,...  n'excède pas 4",10.0,18.0,32.48
5211190000,"-- Autres tissus de coton, moins de 85% de coton, avec fibres synthétiques ou artificielles, poids excède 200g/m², écrus, du n° 52.11",10.0,18.0,32.48
5211200000,"- Tissu de coton, moins de 85% de coton, mélangés avec fibres synthétiques ou artificielles, poids excède 200g/m², blanchis",20.0,18.0,44.28
5211310000,"-- Tissu de coton, moins de 85% de coton, mélangés avec fibres synthétiques ou artificielles, poids excède 200g/m², teints, à armure toile",20.0,18.0,44.28
5211320000,"-- Tissu de coton, moins de 85% de coton, avec fibres synthétiques … , poids excède 200g/m², teints, à armure sergé ...  n'excède pas 4",20.0,18.0,44.28
5211390000,"-- Autres tissus de coton, moins de 85% de coton, avec fibres synthétiques … , poids excède 200g/m², teints, du n° 52.11",20.0,18.0,44.28
5211410000,"-- Tissu de coton, moins de 85% de coton, avec fibres synthétiques ... , poids excède 200g/m², en fils de diverses couleurs, à armure toile",20.0,18.0,44.28
5211420000,"-- Tissus dits «Denim», moins de 85% de coton, avec fibres synthétiques ... , poids excède 200g/m², en fils de diverses couleurs",20.0,18.0,44.28
5211430000,"-- Tissu de coton, moins de 85% de coton, avec fibres synthét. … , poids excède 200g/m², en fils de diverses couleurs, à armure sergé ...  4",20.0,18.0,44.28
5211490000,"-- Autres tissus de coton, moins de 85% de coton, avec fibres synthét. ... , poids excède 200g/m², en fils de diverses couleurs, du n° 52.11",20.0,18.0,44.28
5211511000,"--- Tissu de coton, moins de 85% de coton, avec fibres synthét. … , poids excède 200g/m², à armure toile, imprimés à base de cire (WAX)",35.0,18.0,44.28
5211519000,"--- Tissu de coton, moins de 85% de coton, avec fibres synthét. … ,poids excède 200g/m², armure toile, imprimés autrement qu'à base de cire",35.0,18.0,44.28
5211520000,"-- Tissu de coton, moins de 85% de coton, avec fibres synthét. … , poids excède 200g/m², imprimés, à armure sergé ... n'excède pas 4",35.0,18.0,44.28
5211590000,"-- Autres tissus de coton, moins de 85% de coton, avec fibres synthétiques ... , poids excède 200g/m², imprimés, du n° 52.11",35.0,18.0,44.28
5212110000,"-- Autres tissus de coton, d'un poids n'excédant pas 200g/m², écrus",10.0,18.0,32.48
5212120000,"-- Autres tissus de coton, d'un poids n'excédant pas 200g/m², blanchis",20.0,18.0,44.28
5801330000,"-- Autres velours et peluches par la trame, de fibres synthétiques ou artificielles, autres que les articles des n°s 58.02 ou 58.06",20.0,18.0,44.28
5801360000,"-- Tissus de chenille, de fibres synthétiques ou artificielles, autres que les articles des n°s 58.02 ou 58.06",20.0,18.0,44.28
5801370000,"-- Velours et peluches par la chaîne, de fibres synthétiques ou artificielles, autres que les articles des n°s 58.02 ou 58.06",20.0,18.0,44.28
5801900000,"- Velours et peluches tissés et tissus de chenille, d'autres matières textiles, autres que les articles des n°s 58.02 ou 58.06",20.0,18.0,44.28
5802110000,"-- Tissus bouclés du genre éponge, en coton, écrus, autres que les articles du n°58.06",20.0,18.0,44.28
5802190000,"-- Tissus bouclés du genre éponge, en coton, non écrus, autres que les articles du n°58.06",20.0,18.0,44.28
5802200000,"- Tissus bouclés du genre éponge, en autres matières textiles, autres que les articles du n°58.06",20.0,18.0,44.28
5802300000,"- Surfaces textiles touffetées, autres que les produits du n° 57.03",20.0,18.0,44.28
5803001000,"--Tissus à point de gaze, en polypropylène utilisés comme support de tapis, autres que les articles du n° 58.06",20.0,18.0,44.28
5803009000,"-- Tissus à point de gaze, autres que les tissus en polypropylène utilisés comme support de tapis et les articles du n° 58.06",20.0,18.0,44.28
5804100000,"- Tulles, tulles-bobinots et tissus à mailles nouées",20.0,18.0,44.28
5804210000,"-- Dentelles à la mécanique, de fibres synthétiq. ou artificielles, en pièces, bande ou motifs,autres que les produits des n°s 60.02 à 60.06",20.0,18.0,44.28
5804290000,"-- Dentelles à la mécanique d'autres matières textiles, en pièces, bande ou motifs,autres que les produits des n°s 60.02 à 60.06",20.0,18.0,44.28
5804300000,"- Dentelles à la main, en pièces, en bande ou en motifs, autres que les produits des n°s 60.02 à 60.06",20.0,18.0,44.28
5805000000,"Tapisseries tissées à la main (genre Gobelins, ... et similaires) et tapisseries à l'aiguille (au petit point ... ), même confectionnées.",20.0,18.0,44.28
5806100000,"- Rubanerie de velours, de peluches, de tissus de chenille ou de tissus bouclés du genre éponge, autres que les articles du n° 58.07",20.0,18.0,44.28
5806200000,"- Autre rubanerie, contenant en poids 5 % ou plus de fils d'élastomères ou de fils de caoutchouc, autres que les articles du n° 58.07",20.0,18.0,44.28
5806310000,"- Rubanerie de coton, autres que les articles du n° 58.07",20.0,18.0,44.28
5806320000,"-- Rubanerie de fibres synthétiques ou artificielles, autres que les articles du n° 58.07",20.0,18.0,44.28
5806390000,"- Autres rubanerie d'autres matières textiles, autres que les articles du n° 58.07",20.0,18.0,44.28
5806400000,"- Rubans sans trame, en fils ou fibres parallélisés et encollés (bolducs)",20.0,18.0,44.28
5807100000,"- Etiquettes, écussons et articles similaires en matières textiles, en pièces, en rubans ou découpés, non brodés, tissés",20.0,18.0,44.28
5807900000,"- Etiquettes, écussons et articles similaires en matières textiles, en pièces, en rubans ou découpés, non brodés, autres que tissés",20.0,18.0,44.28
5808100000,- Tresses en pièces,20.0,18.0,44.28
5808900000,"-Articles de passementerie et ornementaux analogues, en pièces, sans broderie, autres que ceux en bonneterie; glands, floches … similaires",20.0,18.0,44.28
4810321000,"--- Papiers et cartons Kraft aut. que  pr écriture, blanchis ...pds excède 150g,en rouleau, larg. n'excède pas 150mm ou feuilles ...non plié",10.0,18.0,32.48
4810329000,"--- Papiers et cartons Kraft aut. que  pr écriture, blanchis ... pds excède 150g, en rouleau, ...non plié, sauf ceux du n°481032.10",10.0,18.0,32.48
4810391000,"--- Papiers et cartons Kraft autres que pour écriture,..., non blanchis, en rouleau, larg. n'excède pas 150mm ou feuilles …, non plié",10.0,18.0,32.48
4810399000,"--- Papiers et cartons Kraft autres que pour écriture,..., non blanchis, en rouleau, ... ou feuilles …, non plié, sauf n°481039.10",10.0,18.0,32.48
4810921000,"--- Papiers et cartons, multicouches, en rouleau, largeur n'excède pas 150mm ou feuilles...pas  435 mm et ... pas 297 mm, non plié",10.0,18.0,32.48
4810929000,"--- Autres papiers et cartons, multicouches, en rouleau, ... ou feuilles...pas  435mm et ... pas 297 mm, non plié, sauf ceux du n° 481092.10",10.0,18.0,32.48
4810991000,"--- Autres papiers et cartons, sauf multicouches, en rouleau, largeur n'excède pas 150mm ou feuilles...pas  435mm et ... pas 297mm, non plié",10.0,18.0,32.48
4810999000,"--- Autres papiers et cartons, couchés au kaolin ou  … en rouleaux ou en feuilles, forme carrée ou rectangulaire, de tout format, du n°48.10",10.0,18.0,32.48
4811101000,"-- Couvre-parquets à support de papier ou de carton goudronné, bitumé ou asphalté, même découpés",10.0,18.0,44.28
4811109000,"-- Papiers et cartons goudronnés, bitumés ou asphaltés, autres que ceux du n° 481110.10",10.0,18.0,32.48
4811411000,"--- Papiers et cartons auto-adhésifs, en rouleau, largeur n'excède pas 150mm ou feuilles... pas 435 mm et ... pas 297 mm, non plié",10.0,18.0,32.48
4811419000,"--- Papiers auto-adhésifs, autres que ceux du n°481141.10",10.0,18.0,32.48
4811491000,"--- Papiers et cartons gommés ou adhésifs (sauf auto-adhésifs), en rouleau, largeur n'excède pas 150mm ou feuilles... , non plié",10.0,18.0,32.48
4811499000,"--- Papiers et cartons gommés ou adhésifs (sauf auto-adhésifs), en rouleau, ... ou feuilles... sauf ceux du n°481149.10",10.0,18.0,32.48
4811511000,"--- Autres papiers et cartons ... plastique (sauf adhésifs), blanchis, ... en rouleau ... ou en feuilles ... non plié",10.0,18.0,32.48
4811512000,"--- Couvre-parquets à support de papier ou carton, blanchis, d'un poids au m² excédant 150 g, enduits, ... matière plastique (sauf adhésifs)",20.0,18.0,44.28
4811519000,"--- Autres papiers et cartons ... plastique (sauf adhésifs), blanchis, d'un poids au m² excédant 150 g, du n° 48.11",10.0,18.0,32.48
4811591000,"--- Autres papiers et cartons ... plastique (sauf adhésifs), non blanchis, ... en rouleau ... ou en feuilles ... non plié",10.0,18.0,32.48
4811592000,"--- Couvre-parquets à support de papier ou carton, non blanchis, poids au m² excédant 150 g, enduits, ... matière plastique (sauf adhésifs)",20.0,18.0,44.28
4811599000,"--- Autres papiers et cartons ... plastique (sauf adhésifs), non blanchis, du n° 48.11",10.0,18.0,32.48
4811601000,"-- Papiers et cartons enduits … de cire, paraffine, stéarine, huile ... en rouleau, largeur n'excède pas 150 mm... à l'état non plié",10.0,18.0,32.48
4811602000,"-- Couvre-parquets à support de papier ou de carton, enduits, imprégnés ou recouverts de cire, paraffine, stéarine, huile ou glycérol",20.0,18.0,44.28
4811609000,"-- Autres papiers et cartons enduits, imprégnés ou recouverts de cire, de paraffine, de stéarine, d'huile ou de glycérol, du n°48.11",10.0,18.0,32.48
3925300000,"- Volets, stores (y compris les stores vénitiens) et articles similaires, et leurs parties, en matières plastiques",20.0,18.0,44.28
3925900000,"- Autres articles d'équipement pour la construction, en matières plastiques, non dénommés ni compris ailleurs",20.0,18.0,44.28
3926100000,- Articles de bureau et articles scolaires en matières plastiques et en autres matières des n°s 39.01 à 39.14,20.0,18.0,44.28
3926200000,"- Vêtements et accessoires du vêtement (y cpris gants, mitaines et moufles), en matières plastiq. et en aut. matières des n°s 39.01 à 39.14",10.0,18.0,32.48
3926300000,"- Garnitures pour meubles, carrosseries ou similaires, en matières plastiques et en autres matières des n°s 39.01 à 39.14",20.0,18.0,44.28
3926400000,"- Statuettes et autres objets d'ornementation, en matières plastiques et en autres matières des n°s 39.01 à 39.14",20.0,18.0,44.28
3926901000,"-- Matériels de pêche, en matières plastiques et en autres matières des n°s 39.01 à 39.14",5.0,18.0,26.58
3926909100,"--- Cure-dents, en matières plastiques et en autres matières des n°s 39.01 à 39.14",20.0,18.0,44.28
4001100000,"- Latex de caoutchouc naturel, même prévulcanisé",5.0,18.0,7.5
4001210000,-- Feuilles fumées de caoutchouc naturel,5.0,18.0,26.58
4001220000,-- Caoutchoucs naturels techniquement spécifiés (TSNR),5.0,18.0,26.58
4001290000,"-- Caoutchouc naturel sous d'autres dormes, du n° 40.01",5.0,18.0,26.58
4001300000,"- Balata, gutta-percha, guayule, chicle et gommes naturelles analogues, sous formes primaires ou en plaques, feuilles ou bandes",5.0,18.0,26.58
4002110000,-- Latex de caoutchouc styrène-butadiène (SBR) ou de caoutchouc styrène-butadiène carboxylé (XSBR),5.0,18.0,26.58
4002190000,"-- Caoutchouc styrène-butadiène (SBR) et caoutchouc styrène-butadiène carboxylé (XSBR), à l'exclusion du latex",5.0,18.0,26.58
4002200000,- Caoutchouc butadiène (BR),5.0,18.0,26.58
4002310000,-- Caoutchouc isobutène-isoprène (butyle) (IIR),5.0,18.0,26.58
4002390000,-- Caoutchouc isobutène-isoprène halogéné (CIIR ou BIIR),5.0,18.0,26.58
4002410000,-- Latex de caoutchouc chloroprène (chlorobutadiène) (CR),5.0,18.0,26.58
4002490000,"-- Caoutchouc chloroprène (chlorobutadiène) (CR), à l'exclusion du latex",5.0,18.0,26.58
4002510000,-- Latex de caoutchouc acrylonitrile-butadiène (NBR),5.0,18.0,26.58
4002590000,"-- Caoutchouc acrylonitrile-butadiène (NBR), à l'exclusion du latex",5.0,18.0,26.58
4002600000,- Caoutchouc isoprène (IR),5.0,18.0,26.58
4002700000,- Caoutchouc éthylène-propylène-diène non conjugué (EPDM),5.0,18.0,26.58
4002800000,"- Mélanges des produits du n° 40.01 avec des produits de la position n° 40.02, sous formes primaires ou en plaques, feuilles ou bandes",5.0,18.0,26.58
4002910000,-- Latex d'autre caoutchouc synthétique du n° 40.02,5.0,18.0,26.58
5212130000,"-- Autres tissus de coton, d'un poids n'excédant pas 200g/m², teints",20.0,18.0,44.28
5212140000,"-- Autres tissus de coton, d'un poids n'excédant pas 200g/m², en fils de diverses couleurs",20.0,18.0,44.28
5212150000,"--  Autres tissus de coton, d'un poids n'excédant pas 200g/m², imprimés",20.0,18.0,44.28
5212210000,"--  Autres tissus de coton, d'un poids excédant 200g/m², écrus",10.0,18.0,32.48
5212220000,"-- Autres tissus de coton, d'un poids excédant 200g/m², blanchis",20.0,18.0,44.28
5212230000,"-- Autres tissus de coton, d'un poids excédant 200g/m², teints",20.0,18.0,44.28
5212240000,"-- Autres tissus de coton, d'un poids excédant 200g/m², en fils de diverses couleurs",20.0,18.0,44.28
5212250000,"-- Autres tissus de coton, d'un poids excédant 200g/m², imprimés",35.0,18.0,44.28
5301100000,- Lin brut ou roui,5.0,18.0,26.58
5301210000,-- Lin brisé ou teillé mais non filé,5.0,18.0,26.58
5301290000,-- Lin peigné ou autrement travaillé mais non filé,5.0,18.0,26.58
5301300000,- Etoupes et déchets de lin (y compris les déchets du fil et les effilochés),5.0,18.0,26.58
5302100000,- Chanvre brut ou roui,5.0,18.0,26.58
5302900000,- Chanvre travaillé mais non filé autre que roui; étoupes et déchets de chanvre (y compris les déchets de fils et les effilochés),5.0,18.0,26.58
5303100000,"- Jute et autres fibres textiles libériennes (à l'exclusion du lin, du chanvre et de la ramie), bruts ou rouis",5.0,18.0,7.5
5306100000,- Fils de lin simples,10.0,18.0,32.48
5306200000,- Fils de lin retors ou câblés,10.0,18.0,32.48
5307100000,"- Fils de jute ou d'autres fibres textiles libériennes du n° 53.03, simples",10.0,18.0,32.48
5307200000,"- Fils de jute ou d'autres fibres textiles libériennes du n° 53.03, retors ou câblés",10.0,18.0,32.48
5308100000,- Fils de coco,10.0,18.0,32.48
5308200000,- Fils de chanvre,10.0,18.0,32.48
5308901000,-- Fils de sisal ou d'autres fibres végétales du genre agaves,10.0,18.0,32.48
5308909000,-- Fils d'autres fibres textiles végétales du n° 53.08; fils de papier,10.0,18.0,32.48
5309110000,-- Tissus de lin contenant au moins 85% en poids de lin écrus ou blanchis,10.0,18.0,44.28
5309190000,-- Tissus de lin contenant au moins 85% en poids de lin autres qu'écrus ou blanchis,20.0,18.0,44.28
5309210000,-- Tissus de lin contenant moins de 85% en poids de lin écrus ou blanchis,10.0,18.0,44.28
5309290000,-- Tissus de lin contenant moins de 85% en poids de lin autres qu'écrus ou blanchis,20.0,18.0,44.28
5310100000,- Tissus de jute ou d'autres fibres textiles libériennes du n° 53.03 écrus,10.0,18.0,
5809000000,"Tissus de fils de métal et tissus de filés métalliques ou de fils textiles métallisés du n°56.05, pour l'habillement, l'ameublement ...NDCA.",20.0,18.0,44.28
5810100000,"- Broderies chimiques ou aériennes et broderies à fond découpé, en pièces, en bandes ou en motifs",20.0,18.0,44.28
5810910000,"-- Broderies de coton, en pièces, en bandes ou en motifs",20.0,18.0,44.28
5810920000,"-- Broderies de fibres synthétiques ou artificielles, en pièces, en bandes ou en motifs",20.0,18.0,44.28
5810990000,"-- Broderies d'autres matières textiles, en pièces, en bandes ou en motifs, du n° 58.10",20.0,18.0,44.28
5811000000,"Produits textiles matelassés en pièces, constitués d'une ou plusieurs couches de matières textiles … , autres que les broderies du n° 58.10.",20.0,18.0,44.28
5901100000,"- Tissus enduits de colle ou de matières amylacées, des types utilisés pour la reliure, le cartonnage, la gainerie ou usages similaires",20.0,18.0,44.28
5901900000,- Toiles à calquer ou transparentes pour dessin; toiles préparées pour la peinture; bougran et tissus similaires raidis  pour la chapellerie,20.0,18.0,44.28
5902100000,- Nappes tramées pour pneumatiques obtenues à partir de fils à haute ténacité de nylon ou d'autres polyamides,10.0,18.0,32.48
5902200000,- Nappes tramées pour pneumatiques obtenues à partir de fils à haute ténacité de polyesters,10.0,18.0,32.48
5902900000,- Nappes tramées pour pneumatiques obtenues à partir de fils à haute ténacité de rayonne viscose,10.0,18.0,32.48
5903100000,"- Tissus imprégnés, enduits ou recouverts de matière plastique ou stratifiés avec du polychlorure de vinyle",20.0,18.0,44.28
5903200000,"- Tissus imprégnés, enduits ou recouverts de matière plastique ou stratifiés avec du polyuréthanne",20.0,18.0,44.28
5903900000,"- Autres tissus imprégnés, enduits ou recouverts de matière plastique ou stratifiés avec de la matière plastique, du n° 59.03",20.0,18.0,
5904100000,"- Linoléums, même découpés",20.0,18.0,44.28
5904900000,"- Revêtements de sol consistant en un enduit ou un recouvrement appliqué sur un support textile, même découpés",20.0,18.0,44.28
5905000000,Revêtements muraux en matières textiles.,20.0,18.0,44.28
5906100000,- Rubans adhésifs d'une largeur n'excédant pas 20 cm,20.0,18.0,44.28
5906910000,"-- Tissus caoutchoutés de bonneterie, autres que ceux du n° 59.02",20.0,18.0,44.28
5906990000,"-- Autres tissus caoutchoutés, du n° 59.06",20.0,18.0,44.28
5907000000,"Autres tissus imprégnés, enduits ou recouverts; toiles peintes pour décors de théâtres, fonds d'atelier ou usages analogues.",20.0,18.0,44.28
5908000000,"Mèches tissées, tressées ou tricotées,en mat. textiles, pour lampes ... similaires; manchons à incandescence et étoffes  ... même imprégnés.",20.0,18.0,44.28
5909000000,"Tuyaux pour pompes et tuyaux similaires, en matières textiles, même avec armatures ou accessoires en autres matières.",20.0,18.0,44.28
5910000000,"Courroies transporteuses ou de transmission en mat. textiles, même imprégnées ... avec de la mat. plastiques ou renforcées de métal ou ...",10.0,18.0,32.48
5911100000,"- Tissus, feutres et tissus doublés de feutre, combinés avec une ou plusieurs couches de caoutchouc ... pour d'autres usages techniques ...",10.0,18.0,32.48
3303002000,- Parfums liquides ne contenant pas d'alcool,20.0,18.0,44.28
3303009000,- Parfums (autres que liquides); eaux de toillette,20.0,18.0,44.28
3304100000,- Produits de maquillage pour les lèvres,20.0,18.0,44.28
3304200000,- Produits de maquillage pour les yeux,20.0,18.0,44.28
3304300000,- Préparations pour manucures ou pédicures,20.0,18.0,44.28
3304910000,"-- Poudres, y compris les poudres compactes pour l'entretien ou les soins de la peau, autres que les médicaments…",20.0,18.0,44.28
3304990000,"-- Autres produits de beauté ou de maquillage  préparés et préparations pour entretien ou soins de peau, aut. que les médicaments,...bronzer",20.0,18.0,44.28
3305100000,- Shampooings,20.0,18.0,44.28
3305200000,- Préparations pour l'ondulation ou le défrisage permanent,20.0,18.0,44.28
3305300000,- Laques pour cheveux,20.0,18.0,44.28
3305900000,- Autres préparations capillaires du n° 33.05,20.0,18.0,44.28
3306100000,- Dentifrices,20.0,18.0,44.28
3306200000,"- Fils utilisés pour nettoyer les espaces interdentaires (fils dentaires), en emballages individuels de détail",20.0,18.0,44.28
3306900000,"- Autres préparations pour hygiène buccale ou dentaire, y compris les poudres et crèmes pour faciliter l'adhérence des dentiers, du n° 33.06",20.0,18.0,44.28
3307100000,"- Préparations pour le prérasage, le rasage ou l'après- rasage",20.0,18.0,44.28
3307200000,- Désodorisants corporels et antisudoraux,20.0,18.0,44.28
3307300000,- Sels parfumés et autres préparations pour bains,20.0,18.0,44.28
3307410000,-- «Agarbatti» et autres préparations odoriférantes agissant par combustion,20.0,18.0,44.28
3307490000,"-- Autres préparations pour parfumer ou désodoriser les locaux, y cpris les préparations odoriférantes pr cérémonies religieuses, du n°33.07",20.0,18.0,44.28
3307900000,"- Autres produits de parfumerie ou de toilette préparés et autres préparations cosmétiques, non dénommés ni compris ailleurs",20.0,18.0,44.28
3401111000,"--- Savons, produits et préparations organiques tensio-actifs en barres,...frappés, et papier,... détergents, de toilette à usages médicaux",10.0,18.0,26.58
3401119000,"--- Savons, produits et préparations organiques tensio-actifs,...frappés, et papier,...détergents, de toilette autres qu'à usages médicaux",35.0,18.0,44.28
3401191000,--- Savons de ménage,35.0,18.0,44.28
3401192000,"--- Produits et préparations organiques tensio-actifs en barres,...frappés, autres que savons de ménage et de toilette",35.0,18.0,44.28
3401199000,"--- Papier, ouates, feutres et nontissés, imprégnés, enduits ou recouverts de savon ou de détergents autres que de toilette",35.0,18.0,44.28
3401200000,"- Savons sous autres formes, du n° 34.01",35.0,18.0,44.28
3401300000,"- Produits et préparations organiques tensio-actifs destinés au lavage de la peau, ... pour la vente au détail, même contenant du savon",35.0,18.0,44.28
3402111000,"--- Agents de surface organiques anioniques, conditionnés pour la vente au détail",35.0,18.0,32.48
4002990000,"-- Autres caoutchouc synthétique et factice pour caoutchouc dérivé d'huiles, sous formes primaires ou en plaques, feuilles ou bandes",5.0,18.0,26.58
4003000000,"Caoutchouc régénéré sous formes primaires ou en plaques, feuilles ou bandes.",5.0,18.0,26.58
4004000000,"Déchets, débris et rognures de caoutchouc non durci, même réduits en poudre ou en granulés.",5.0,18.0,26.58
4005100000,"- Caoutchouc additionné de noir de carbone ou de silice, non vulcanisé, sous formes primaires",5.0,18.0,26.58
4005200000,- Solutions; dispersions autres que celles du n° 4005.10,5.0,18.0,26.58
4005910000,"-- Plaques, feuilles et bandes de caoutchouc mélangé, non vulcanisé",5.0,18.0,26.58
4005990000,"-- Autres caoutchouc mélangé, non vulcanisé, sous formes primaires du n° 40.05",5.0,18.0,26.58
4006100000,"- Profilés pour le rechapage en caoutchouc, non vulcanisé",5.0,18.0,32.48
4006900000,"- Autres formes (à l'exclusion des profilés pour le rechapage) et articles (disques, rondelles, par ex.) en caoutchouc, non vulcanisé",5.0,18.0,32.48
4007000000,Fils et cordes de caoutchouc vulcanisé.,5.0,18.0,32.48
4008111000,"--- Plaques, feuilles et bandes, en caoutchouc alvéolaire, des types utilisées pour les semelles",10.0,18.0,32.48
4008119000,"--- Plaques, feuilles et bandes, en caoutchouc alvéolaire, autres que des types utilisées pour les semelles",10.0,18.0,32.48
4008190000,"-- Baguettes et profilés, en caoutchouc alvéolaire",10.0,18.0,32.48
4008211000,"--- Plaques, feuilles et bandes, en caoutchouc non alvéolaire, des types utilisées pour les semelles",10.0,18.0,32.48
4008219000,"--- Plaques, feuilles et bandes, en caoutchouc non alvéolaire, autres que des types utilisées pour les semelles",10.0,18.0,32.48
4008290000,"-- Baguettes et profilés, en caoutchouc non alvéolaire",10.0,18.0,32.48
4009110000,"-- Tubes et tuyaux en caoutchouc vulcanisé non durci,  non renforcés ni associés avec d'autres matières, sans accessoires",20.0,18.0,44.28
4009120000,"-- Tubes et tuyaux en caoutchouc vulcanisé non durci,  non renforcés ni associés avec d'autres matières, avec accessoires",20.0,18.0,44.28
4009210000,"-- Tubes et tuyaux en caoutchouc vulcanisé non durci,  renforcés ou associés seulement avec du métal, sans accessoires",20.0,18.0,44.28
4009220000,"-- Tubes et tuyaux en caoutchouc vulcanisé non durci,  renforcés ou associés seulement avec du métal, avec accessoires",20.0,18.0,44.28
4009310000,"-- Tubes et tuyaux en caoutchouc vulcanisé non durci,  renforcés ou associés seulement avec des matières textiles, sans accessoires",20.0,18.0,44.28
4009320000,"-- Tubes et tuyaux en caoutchouc vulcanisé non durci,  renforcés ou associés seulement avec des matières textiles, avec accessoires",20.0,18.0,44.28
4009410000,"-- Tubes et tuyaux en caoutchouc vulcanisé non durci,  renforcés ou associés seulement à d'autres matières, sans accessoires",20.0,18.0,44.28
4009420000,"-- Tubes et tuyaux en caoutchouc vulcanisé non durci,  renforcés ou associés seulement à d'autres matières, avec accessoires",20.0,18.0,44.28
4010110000,"-- Courroies transporteuses , en caoutchouc vulcanisé, renforcées seulement de métal",10.0,18.0,32.48
5310900000,- Tissus de jute ou d'autres fibres textiles libériennes du n° 53.03 autres qu'écrus,20.0,18.0,
5311000000,- Tissus d'autres fibres textiles végétales; tissus de fils de papier.,20.0,18.0,
5401100000,"- Fils à coudre de filaments synthétiques, même conditionnés pour la vente au détail",10.0,18.0,32.48
5401201000,--  Fils à coudre de filaments artificiels conditionnés pour la vente au détail,10.0,18.0,44.28
5401209000,-- Fils à coudre de filaments artificiels autres que conditionnés pour la vente au détail,10.0,18.0,32.48
5402110000,"-- Fils d'aramides (autres que fils à coudre), non cond. pr la vente au dét., y cpris les monofilaments de moins de 67 dtx, à hte tenacité …",10.0,18.0,32.48
5402191000,"--- Fils de nylon (autres que fils à coudre), non cond. pr la vente au dét., y cpris les monofilaments de moins de 67 dtx, à hte tenacité …",10.0,18.0,32.48
5402199000,"--- Fils de polyamides NCVD (sauf fils à coudre), aut. que de nylon et d'aramides, y cpris les monofila. de moins de 67 dtx, à hte tenacité…",10.0,18.0,32.48
5402200000,"- Fils à haute ténacité de polyesters NCVD (sauf fils à coudre), y compris les monofilaments de moins de 67 décitex",10.0,18.0,32.48
5402310000,"-- Fils texturés de nylon ou d'aut. polyamides NCVD (sauf fils à coudre), titrant en fils simples 50 tex ou moins y compris …",10.0,18.0,32.48
5402320000,"-- Fils texturés de nylon ou d'autres polyamides NCVD (autres que les fils à coudre), titrant en fils simples plus de 50 tex y compris …",10.0,18.0,32.48
5402330000,-- Fils texturés de polyesters NCVD (autres que fils à coudre) y compris les monofilaments de moins de 67 décitex,10.0,18.0,32.48
5402340000,-- Fils texturés de polypropylène NCVD (autres que fils à coudre) y compris les monofilaments de moins de 67 décitex,10.0,18.0,32.48
5402390000,-- Fils texturés du n° 54.02 NCVD (autres que les fils à coudre) y compris les monofilaments de moins de 67 décitex,10.0,18.0,32.48
5402440000,"-- Fils d'élastomères simples NCVD (sauf fils à coudre), sans torsion ou d'une torsion n'excédant pas 50 tours par mètre y compris …",10.0,18.0,32.48
5402450000,"-- Fils de nylon ou d'autres polyamides simples NCVD (sauf fils à coudre), sans torsion ou de torsion n'excédant pas 50 tours/m, y cpris …",10.0,18.0,32.48
5402460000,"-- Fils de polyesters partiellement orientés simples NCVD (sauf fils à coudre), sans torsion ou de torsion n'excéd. pas 50 tours/m, y cpris…",10.0,18.0,32.48
5402470000,"-- Autres fils de polyesters simples NCVD (sauf fils à coudre), sans torsion ou de torsion n'excédant pas 50 tours par mètre, y compris ...",10.0,18.0,32.48
5402480000,"-- Fils de polypropylène simples NCVD (sauf fils à coudre), sans torsion ou de torsion n'excédant pas 50 tours par mètre, y compris …",10.0,18.0,32.48
5402490000,"-- Autres fils, simples NCVD (sauf fils à coudre), sans torsion ou de torsion n'excédant pas 50 tours par mètre du n° 54.02, y compris …",10.0,18.0,32.48
5402510000,"-- Fils de nylon ou d'autres polyamides simples NCVD (sauf fils à coudre), d'une torsion excédant 50 tours par mètre, y compris …",10.0,18.0,32.48
5402520000,"-- Fils de polyesters simples NCVD (sauf fils à coudre), d'une torsion excédant 50 tours par mètre, y compris …",10.0,18.0,32.48
5402530000,"-- Fils de polypropylène, simples NCVD (sauf fils à coudre),d'une torsion excédant 50 tours par mètre",10.0,18.0,32.48
5911200000,"- Gazes et toiles à bluter, même confectionnées",10.0,18.0,32.48
5911310000,"-- Tissus et feutres sans fin ou munis de moyens de jonction, utilisés sur les machines à papier ou similaires ( ...), de moins de  650 g/m²",10.0,18.0,32.48
5911320000,"-- Tissus et feutres sans fin ou munis de moyens de jonction, utilisés sur les machines à papier ou similaires ( ...), d'au moins  650 g/m²",10.0,18.0,32.48
5911400000,"- Etreindelles et tissus épais utilisés sur des presses d'huilerie ou pour des usages techniques analogues, y compris ceux en cheveux",10.0,18.0,32.48
5911900000,"- Autres produits et articles textiles pour usages techniques, visés à la note 7 du présent Chapitre",10.0,18.0,32.48
6001100000,"- Etoffes dites «à longs poils», en bonneterie",20.0,18.0,44.28
6001210000,"-- Etoffes à boucles de coton, en bonneterie",20.0,18.0,44.28
6001220000,"-- Etoffes à boucles de fibres synthétiques artificielles, en bonneterie",20.0,18.0,44.28
6001290000,"-- Etoffes à boucles d'autres matières textiles, en bonneterie",20.0,18.0,44.28
6001910000,"-- Velours et peluches, de coton, en bonneterie",20.0,18.0,44.28
6001920000,"-- Velours et peluches, de fibres synthétiques ou artificielles, en bonneterie",20.0,18.0,44.28
6001990000,"-- Velours et peluches, d'autres matières textiles, du n° 60.01",20.0,18.0,44.28
6002400000,"- Etoffes de bonneterie d'une largeur n'excédant pas 30 cm, contenant en poids 5 % ou plus de fils d'élastomères sans fils de caoutchouc",20.0,18.0,44.28
6002900000,"- Autres étoffes de bonneterie d'une largeur n'excédant pas 30 cm, contenant en poids 5 % ou plus de fils d'élastomères ou de caoutchouc",20.0,18.0,44.28
6003100000,"- Etoffes de bonneterie de laine ou de poils fins d'une largeur n'excédant pas 30 cm, autres que celles des n°s 60.01 et 60.02",20.0,18.0,44.28
6003200000,"- Etoffes de bonneterie de coton d'une largeur n'excédant pas 30 cm, autres que celles des n°s 60.01 et 60.02",20.0,18.0,44.28
6003300000,"- Etoffes de bonneterie de fibres synthétiques d'une largeur n'excédant pas 30 cm, autres que celles des n°s 60.01 et 60.02",20.0,18.0,44.28
6003400000,"- Etoffes de bonneterie de fibres artificielles d'une largeur n'excédant pas 30 cm, autres que celles des n°s 60.01 et 60.02",20.0,18.0,44.28
6003900000,"- Autres étoffes de bonneterie d'une largeur n'excédant pas 30 cm, autres que celles des n°s 60.01 et 60.02",20.0,18.0,44.28
6004100000,"- Etoffes de bonneterie d'une largeur excédant 30cm, contenant en poids 5 % ou plus de fils d?'élastomères sans fils de caoutchouc",20.0,18.0,44.28
6004900000,"- Autres étoffes de bonneterie d'une largeur excédant 30 cm, contenant en poids 5 % ou plus de fils d'élastomères ou de caoutchouc",20.0,18.0,44.28
6005210000,"-- Etoffes de bonneterie-chaîne de coton, écrues ou blanchies, autres que celles des n°s 60.01 à 60.04",20.0,18.0,44.28
6005220000,"-- Etoffes de bonneterie-chaîne de coton, teintes, autres que celles des n°s 60.01 à 60.04",20.0,18.0,44.28
6005230000,"-- Etoffes de bonneterie-chaîne de coton, en fils de diverses couleurs, autres que celles des n°s 60.01 à 60.04",20.0,18.0,44.28
6005240000,"-- Etoffes de bonneterie-chaîne de coton, imprimées, autres que celles des n°s 60.01 à 60.04",20.0,18.0,44.28
3402119000,"--- Agents de surface organiques anioniques, autres que conditionnés pour la vente au détail",20.0,18.0,32.48
3402121000,"--- Agents de surface organiques cationiques, conditionnés pour la vente au détail",35.0,18.0,32.48
3402129000,"--- Agents de surface organiques cationiques, autres que ceux conditionnés pour la vente au détail",20.0,18.0,32.48
3402131000,"--- Agents de surface organiques non-ioniques, conditionnés pour la vente au détail",35.0,18.0,32.48
3402139000,"--- Agents de surface organiques non-ioniques, autres que ceux conditionnés pour la vente au détail",20.0,18.0,32.48
3402191000,"--- Autres agents de surface organiques conditionnés pour la vente au détail, du n° 34.02",35.0,18.0,32.48
3402199000,"--- Autres agents de surface organiques autres que conditionnés pour la vente au détail, du n° 34.02",20.0,18.0,32.48
3402200000,"- Préparations tensio-actives, ou pour lessives (...) et de nettoyage, (autres que celles du n°34.01), conditionnées pour la vente au détail",35.0,18.0,44.28
3402900000,"- Préparations tensio-actives, ou pour lessives (...) et de nettoyage, (aut. que celles du n°34.01), non conditionnées pour  vente au détail",20.0,18.0,44.28
3403110000,"-- Préparations contenant moins de 70% d'huiles de pétrole ou minéraux bitumineux, pr le traitement des matières textiles,...d'aut. matières",10.0,18.0,32.48
3403190000,"-- Autres préparations contenant moins de 70% d'huiles de pétrole ou minéraux bitumineux, du n° 34.03",10.0,18.0,32.48
3403910000,"-- Préparations sans huiles de pétrole ou minéraux bitumineux, pour le traitement des matières textiles, … ou d'autres matières",10.0,18.0,32.48
3403990000,"-- Autres préparations lubrifiantes, du n° 34.03",10.0,18.0,32.48
3404200000,"- Cires artificielles et cires préparées, de poly(oxyéthylène) (polyéthylène glycol)",10.0,18.0,32.48
3404900000,"- Cires artificielles et cires préparées, autres que de poly(oxyéthylène) (polyéthylène glycol)",10.0,18.0,32.48
3405100000,"- Cirages, crèmes et préparations similaires pour chaussures ou pour cuir",20.0,18.0,44.28
3405200000,"- Encaustiques et préparations similaires pour l'entretien des meubles en bois, des parquets ou d'autres boiseries",20.0,18.0,44.28
3405300000,"- Brillants et préparations similaires pour carrosseries, autres que les brillants pour métaux",20.0,18.0,44.28
3405400000,"- Pâtes, poudres et autres préparations à récurer",20.0,18.0,44.28
3405900000,- Autres préparations du n° 34.05,20.0,18.0,44.28
3406000000,"Bougies, chandelles, cierges et articles similaires.",20.0,18.0,44.28
3407000000,"Pâtes à modeler (..); compositions dites «cires pour l'art dentaire» (...); autres compositions pour l'art dentaire, à base de plâtre.",20.0,18.0,44.28
3501100000,- Caséines,5.0,18.0,26.58
3501900000,- Caséinates et autres dérivés des caséines; colles de caséine,10.0,18.0,32.48
3502110000,-- Ovalbumine séchée,10.0,18.0,32.48
3502190000,-- Ovalbumine autre que séchée,10.0,18.0,32.48
3502200000,"- Lactalbumine, y compris les concentrés de deux ou plusieurs protéines de lactosérum",10.0,18.0,32.48
4010120000,"-- Courroies transporteuses , en caoutchouc vulcanisé, renforcées seulement de matières textiles",10.0,18.0,32.48
4010190000,"-- Autres courroies transporteuses, en caoutchouc vulcanisé, du n° 40.10",10.0,18.0,32.48
4010310000,"-- Courroies de transmission sans fin, en caoutchouc vulcanisé, de section trapézoïdale, striées, ... excédant 60cm, n'excédant pas 180cm",10.0,18.0,32.48
4010320000,"-- Courroies de transmission sans fin, en catchouc vulcanisé, section trapézoïdale non striées, ... excédant 60cm,  n'excédant pas 180cm",10.0,18.0,32.48
4010330000,"-- Courroies de transmission sans fin, en caoutchouc vulcanisé, de section trapézoïdale, striées, ... excédant 180cm,  n'excédant pas 240cm",10.0,18.0,32.48
4010340000,"-- Courroies de transmission sans fin, en caoutchouc vulcanisé, section trapézoïdale, non striées, ... excédant 180cm, n'excédant pas 240cm",10.0,18.0,32.48
4010350000,"-- Courroies de transmission sans fin, en caoutchouc vulcanisé, crantées (synchrones), ... excédant 60 cm, mais n'excédant pas 150 cm",10.0,18.0,32.48
4010360000,"-- Courroies de transmission sans fin, en caoutchouc vulcanisé, crantées (synchrones), ... excédant 150 cm, mais n'excédant pas 198 cm",10.0,18.0,32.48
4010390000,"-- Autres courroies de transmission, en caoutchouc vulcanisé du n° 40.10",10.0,18.0,32.48
4011100000,"- Pneumatiques neufs, en caoutchouc, des types utilisés pour les voitures de tourisme (y compris les voitures du type «break» ou de course)",10.0,18.0,32.48
4011200000,"- Pneumatiques neufs, en caoutchouc, des types utilisés pour autobus ou camions",10.0,18.0,32.48
4011300000,"- Pneumatiques neufs, en caoutchouc, des types utilisés pour véhicules aériens",10.0,18.0,32.48
4011400000,"- Pneumatiques neufs, en caoutchouc, des types utilisés pour motocycles",20.0,18.0,44.28
4011500000,"- Pneumatiques neufs, en caoutchouc, des types utilisés pour bicyclettes",20.0,18.0,44.28
4011700000,"- Pneumatiques neufs, en caoutchouc, des types utilisés pour les véhicules et engins agricoles et forestiers",10.0,18.0,32.48
4011800000,"- Pneumatiques neufs, en caoutchouc, utilisés pour les véhicules et engins de génie civil, de travaux miniers et de manutention industrielle",10.0,18.0,32.48
4011900000,"- Pneumatiques neufs, en caoutchouc, autres que ceux des sous-positions 4011.10 à 4011.80",10.0,18.0,32.48
4012110000,"-- Pneumatiques rechapés en caoutchouc, pour les voitures de tourisme (y compris les voitures du type «break» et les voitures de course)",20.0,18.0,44.28
4012120000,"-- Pneumatiques rechapés en caoutchouc, des types utilisés pour autobus ou camions",20.0,18.0,44.28
4012130000,"-- Pneumatiques rechapés en caoutchouc, des types utilisés pour véhicules aériens",20.0,18.0,44.28
4012190000,"-- Autres pneumatiques rechapés en caoutchouc, du n° 40.12",20.0,18.0,44.28
4012201000,"-- Pneumatiques usagés en caoutchouc, pour l'industrie de rechapage",20.0,18.0,44.28
4012209000,"-- Pneumatiques usagés en caoutchouc, autres que  pour l'industrie de rechapage",20.0,18.0,44.28
4012900000,"- Bandages, bandes de roulement pour pneumatiques et «flaps» en caoutchouc",20.0,18.0,32.48
5402590000,"-- Autres fils, simples NCVD (sauf fils à coudre), d'une torsion excédant 50 tours par mètre, y compris …",10.0,18.0,32.48
5402610000,"-- Fils de nylon ou d'autres polyamides NCVD (sauf fils à coudre), retors ou câblés, y compris …",10.0,18.0,32.48
5402620000,"-- Fils de polyesters NCVD (sauf fils à coudre), retors ou câblés, y compris …",10.0,18.0,32.48
5402630000,"-- Fils de polypropylène NCVD (sauf fils à coudre), retors ou câblés, y compris …",10.0,18.0,32.48
5402690000,"-- Autres fils NCVD (sauf fils à coudre), retors ou câblés du n° 54.02, y compris …",10.0,18.0,32.48
5403100000,"- Fils à haute ténacité en rayonne viscose (sauf fils à coudre), NCVD, y compris les monofilaments artificiels de moins de 67 décitex",10.0,18.0,32.48
5403310000,"-- Fils de rayonne viscose simples NCVD (sauf fils à coudre), sans torsion ou d'une torsion n'excédant pas 120 tours par mètre, y compris …",10.0,18.0,32.48
5403320000,"-- Fils de rayonne viscose simples NCVD (sauf fils à coudre), sans torsion ou d'une torsion excédant 120 tours par mètre, y compris …",10.0,18.0,32.48
5403330000,"-- Fils d'acétate de cellulose simples NCVD (sauf fils à coudre), y compris les monofilaments artificiels de moins de 67 décitex",10.0,18.0,32.48
5403390000,"-- Autres fils simples du n° 54.03 NCVD (sauf fils à coudre), y compris les monofilaments artificiels de moins de 67 décitex",10.0,18.0,32.48
5403410000,"-- Fils de rayonne viscose, retors ou câblés NCVD (sauf fils à coudre), y compris les monofilaments artificiels de moins de 67 décitex",10.0,18.0,32.48
5403420000,"-- Fils d'acétate de cellulose, retors ou câblés NCVD (sauf fils à coudre), y compris les monofilaments artificiels de moins de 67 décitex",5.0,18.0,32.48
5403490000,"-- Autres fils de filaments artificiels du n° 54.03 (sauf fils à coudre), retors ou câblés, NCVD, y compris ...",10.0,18.0,32.48
5404110000,-- Monofilaments d'élastomères de 67 décitex ou plus et dont la plus grande dimension de la coupe transversale n'excède pas 1 mm,10.0,18.0,32.48
5404120000,-- Monofilaments de polypropylène de 67 décitex ou plus dont la plus grande dimension de la coupe transversale n'excède pas 1 mm,10.0,18.0,32.48
5404190000,-- Autres monofilaments synthétiques du n°54.04 de 67 dtx ou plus et dont la plus grande dimension de la coupe transversale n'excède pas 1mm,10.0,18.0,32.48
5404900000,"- Lames et formes similaires ( paille artificielle, par ex.) en matières textiles synthétiques, dont la largeur apparente n'excède pas 5 mm",10.0,18.0,32.48
5405000000,"Monofilaments artificiels de 67 dtx ou plus, dont... n'excède pas 1mm; lames et formes simil. (...) en mat. textiles artif., larg... max 5mm",10.0,18.0,32.48
5406000000,"Fils de filaments synthétiques ou artificiels (autres que les fils à coudre), conditionnés pour la vente au détail.",10.0,18.0,44.28
5407100000,- Tissus obtenus à partir de fils de filaments synthétiques à haute ténacité de nylon ou d'autres polyamides ou de polyesters,20.0,18.0,44.28
5407201000,-- Tissus obtenus à partir de lames ou formes similaires en polypropylène utilisés comme support de tapis,20.0,18.0,44.28
5407209000,-- Tissus obtenus à partir de lames ou formes similaires autres qu'en polypropylène utilisés comme support de tapis,20.0,18.0,44.28
5407300000,- «Tissus» de fils de filaments synthétiques visés à la Note 9 de la Section XI,20.0,18.0,44.28
5407410000,"-- Autres tissus de fils de filaments synthétiq., cont. au moins 85% en poids de filaments de nylon ou d'aut. polyamides, écrus ou blanchis",10.0,18.0,44.28
6005350000,-- Etoffes de fibres synthétiques mentionnées dans la Note 1 de sous-positions du présent Chapitre,20.0,18.0,44.28
6005360000,"-- Etoffes de fibres synthétiques, autres que celles de la Note 1 de sous-positions du présent Chapitre, écrues ou blanchies",20.0,18.0,44.28
6005370000,"-- Etoffes de fibres synthétiques, autres que celles de la Note 1 de sous-positions du présent Chapitre, teintes",20.0,18.0,44.28
6005380000,"-- Etoffes de fibres synthétiques, autres que celles de la Note 1 de sous-positions du présent Chapitre, en fils de diverses couleurs",20.0,18.0,44.28
6005390000,"-- Etoffes de fibres synthétiques, autres que celles de la Note 1 de sous-positions du présent Chapitre, imprimées",20.0,18.0,44.28
6005410000,"-- Etoffes de bonneterie-chaîne de fibres artificielles, écrues ou blanchies, autres que celles des n°s 60.01 à 60.04",20.0,18.0,44.28
6005420000,"-- Etoffes de bonneterie-chaîne de fibres artificielles, teintes, autres que celles des n°s 60.01 à 60.04",20.0,18.0,44.28
6005430000,"-- Etoffes de bonneterie-chaîne de fibres artificielles, en fils de diverses couleurs, autres que celles des n°s 60.01 à 60.04",20.0,18.0,44.28
6005440000,"-- Etoffes de bonneterie-chaîne de fibres artificielles, imprimées, autres que celles des n°s 60.01 à 60.04",20.0,18.0,44.28
6005900000,"- Autres étoffes de bonneterie-chaîne, autres que celles des n°s 60.01 à 60.04",20.0,18.0,44.28
6006100000,- Autres étoffes de bonneterie de laine ou de poids fins,20.0,18.0,44.28
6006210000,"-- Autres étoffes de bonneterie de coton, écrues ou blanchies",20.0,18.0,44.28
6006220000,"-- Autres étoffes de bonneterie de coton, teintes",20.0,18.0,44.28
6006230000,"-- Autres étoffes de bonneterie de coton, en fils de diverses couleurs",20.0,18.0,44.28
6006240000,"-- Autres étoffes de bonneterie de coton, imprimées",20.0,18.0,44.28
6006310000,"-- Autres étoffes de bonneterie de fibres synthétiques, écrues ou blanchies",20.0,18.0,44.28
6006320000,"--  Autres étoffes de bonneterie de fibres synthétiques, teintes",20.0,18.0,44.28
6006330000,"-- Autres étoffes de bonneterie de fibres synthétiques, en fils de diverses couleurs",20.0,18.0,44.28
6006340000,"-- Autres étoffes de bonneterie de fibres synthétiques, en fils de diverses couleurs, imprimées",20.0,18.0,44.28
6006410000,"-- Autres étoffes de bonneterie de fibres artificielles, écrues ou blanchies",20.0,18.0,44.28
6006420000,"-- Autres étoffes de bonneterie de fibres artificielles, teintes",20.0,18.0,44.28
6006430000,"-- Autres étoffes de bonneterie de fibres artificielles, en fils de diverses couleurs",20.0,18.0,44.28
6006440000,"-- Autres étoffes de bonneterie de fibres artificielles, imprimées",20.0,18.0,44.28
6006900000,"- Autres étoffes de bonneterie, du n° 60.06",20.0,18.0,44.28
6101200000,"- Manteaux, cabans, capes, anoraks, blousons et similaires, en bonneterie de coton, pour hommes ou garçonnets, sauf  articles du n° 61.03",20.0,18.0,44.28
6101300000,"- Manteaux, cabans, capes...et similaires, en bonneterie de fib. synthétiq. ou artificielles pour hommes ou garçonnets, sauf art. du n°61.03",20.0,18.0,44.28
3502900000,"- Autres albumines, albuminates et autres dérivés des albumines, du n° 35.02",10.0,18.0,32.48
3503000000,"Gélatines (...) et leurs dérivés; ichtyocolle; autres colles d'origine animale, à l'exclusion des colles de caséine du n° 35.01.",10.0,18.0,32.48
3504000000,"Peptones et leurs dérivés; autres matières protéiques et leurs dérivés, NDCA; poudre de peau, traitée ou non au chrome.",10.0,18.0,32.48
3505100000,"- Dextrine et autres amidons et fécules modifiés (les amidons et fécules prégélatinisés ou estérifiés, par exemple)",5.0,18.0,26.58
3505200000,"- Colles à base d'amidons ou de fécules, de dextrine ou d'autres amidons ou fécules modifiés",10.0,18.0,32.48
3506100000,"- Produits de toute espèce à usage de colles ou d'adhésifs,... pour  vente au détail comme colles ou adhésifs, poids net n'excédant pas 1 kg",20.0,18.0,44.28
3506910000,-- Adhésifs à base de polymères des n°s 39.01 à 39.13 ou de caoutchouc,10.0,18.0,32.48
3506990000,"-- Colles et autres adhésifs préparés, non dénommés ni compris ailleurs",10.0,18.0,32.48
3507100000,- Présure et ses concentrats,10.0,18.0,32.48
3507900000,"- Autres enzymes, non dénommées ni comprises ailleurs",10.0,18.0,32.48
3601000000,Poudres propulsives.,5.0,18.0,26.58
3602001000,- Dynamite,5.0,18.0,26.58
3602009000,"- Explosifs préparés, autres que les poudres propulsives ou la dynamite",5.0,18.0,26.58
3603000000,Mèches de sûreté; cordeaux détonants; amorces et capsules fulminantes; allumeurs; détonateurs électriques.,5.0,18.0,26.58
3604100000,- Articles pour feux d'artifice,20.0,18.0,44.28
3604900000,"- Fusées de signalisation ou paragrêles et similaires, pétards et autres articles de pyrotechnie.",20.0,18.0,44.28
3605000000,"Allumettes, autres que les articles de pyrotechnie du n° 36.04.",20.0,18.0,50.18
3606100000,- Combustibles liquides et gaz combustibles liquéfiés en récipients...les briquets ou les allumeurs et d'une capacité n'excédant pas 300 cm³,20.0,18.0,44.28
3606900000,- Ferrocérium et autres alliages pyrophoriques...; autres articles en matières inflammables cités à la Note 2 du Chapitre 36,20.0,18.0,44.28
3701200000,"- Films photographiques plans à développement et tirage instantanés, sensibilisés, non impressionnés, même en chargeurs",5.0,18.0,44.28
3701300000,"- Autres plaques et films plans, photographiques..., en autres matières que le papier... textiles, dimension d'au moins un côté excède 255mm",20.0,18.0,44.28
3701910000,"-- Plaques et films plans, photographiques, ... en autres matières que le papier...textiles, pour la photographie en couleurs (polychrome)",20.0,18.0,44.28
3701990000,"-- Autres plaques et films plans, photographiques, sensibilisés ... en autres matières que le papier, le carton ou les textiles, du n° 37.01",20.0,18.0,44.28
3702310000,"-- Pellicules photographiques, non perforées, d'une largeur n'excédant pas 105 mm, pour la photographie en couleurs (polychrome)",20.0,18.0,44.28
4013100000,"- Chambres à air, en caoutchouc, pour les voitures de tourisme (y c. les voitures du type «break» ou de course), les autobus ou les camions",10.0,18.0,32.48
4013200000,"- Chambres à air, en caoutchouc, des types utilisés pour bicyclettes",20.0,18.0,44.28
4013901000,"-- Chambres à air, en caoutchouc, des types utilisés pour cyclomoteurs (engin d?'une cylindrée n?'excédant pas 50 cm3)",20.0,18.0,44.28
4013909000,"-- Autres chambres à air, en caoutchouc, du n° 40.13",20.0,18.0,44.28
4014100000,"- Préservatifs en caoutchouc vulcanisé non durci, même avec parties en caoutchouc durci",0.0,18.0,2.5
4014901000,"-- Tétines et articles similaires, en caoutchouc vulcanisé non durci, même avec parties en caoutchouc durci",5.0,18.0,26.58
4014902000,"-- Poires à injections ou compte-gouttes et articles similaires, en caoutchouc vulcanisé non durci, même avec parties en caoutchouc durci",5.0,18.0,26.58
4014909000,"-- Autres articles d'hygiène ou de pharmacie, en caoutchouc vulcanisé non durci, même avec parties en caoutchouc durci, du n° 40.14",5.0,18.0,26.58
4015190000,"-- Gants, mitaines et moufles en caoutchouc vulcanisé non durci, autres que pour chirurgie",20.0,18.0,44.28
4015900000,"- Autres vêtements et accessoires du vêtement en caoutchouc vulcanisé non durci, pour tous usages, du n° 40.15",20.0,18.0,44.28
4016100000,- Autres ouvrages en caoutchouc alvéolaire,20.0,18.0,44.28
4016910000,"-- Revêtements de sol et tapis de pied, en caoutchouc vulcanisé non durci, autre qu'alvéolaire",20.0,18.0,44.28
4016920000,"-- Gommes à effacer, en caoutchouc vulcanisé non durci, autre qu'alvéolaire",10.0,18.0,32.48
4016930000,"-- Joints, en caoutchouc vulcanisé non durci, autre qu'alvéolaire",10.0,18.0,32.48
4016940000,"-- Pare-chocs, même gonflables, pour accostage des bateaux, en caoutchouc vulcanisé non durci, autre qu'alvéolaire",20.0,18.0,44.28
4016951000,"--- Autres articles gonflables, en caoutchouc vulcanisé non durci, des types utlisés dans l'?industrie pneumatique, autre qu'alvéolaire",20.0,18.0,44.28
4016959000,"--- Autres articles gonflables, en caoutchouc vulcanisé non durci, autre qu'alvéolaire, du n° 40.16",20.0,18.0,44.28
4016990000,"-- Autres ouvrages en caoutchouc vulcanisé non durci, du n° 40.16",10.0,18.0,32.48
4017000000,"Caoutchouc durci (ébonite, par exemple) sous toutes formes, y compris les déchets et débris; ouvrages en caoutchouc durci",20.0,18.0,44.28
4101200000,"- Cuirs et peaux bruts entiers, de bovins ou d'équidés non refendus, poids n'excédant pas 8kg,secs, 10kg, salés secs et 16kg, frais, ...",5.0,18.0,26.58
4101500000,"- Cuirs et peaux bruts entiers, de bovins ou d'équidés d'?un poids unitaire excédant 16 kg",5.0,18.0,26.58
4101900000,"- Autres cuirs et peaux bruts, y compris les croupons, demi-croupons et flancs,de bovins ou d'équidés, même épilés ou refendus, du n° 41.01",5.0,18.0,26.58
4102100000,"- Peaux brutes d'ovins (...), lainées, autres que celles exclues par la Note 1 c), du Chapitre 41",5.0,18.0,26.58
4102210000,"-- Peaux brutes d'ovins (...), picklées, même épilées ou sans laine, autres que celles exclues par la Note 1 c), du Chapitre 41",5.0,18.0,26.58
4102290000,"-- Autres peaux brutes d'ovins (...), épilées ou sans laine, du n° 41.02",5.0,18.0,26.58
5407420000,"-- Autres tissus de fils de filaments synthétiques, contenant au moins 85% en poids de filaments de nylon ou d'autres polyamides, teints",20.0,18.0,44.28
5407430000,"-- Autres tissus de fils de filaments synthétiques, cont. au moins 85% en poids de filaments de nylon ou ..., en fils de diverses couleurs",20.0,18.0,44.28
5407440000,"-- Autres tissus de fils de filaments synthétiques, contenant au moins 85% en poids de filaments de nylon ou d'autres polyamides, imprimés",20.0,18.0,44.28
5407510000,"-- Autres tissus de fils de filaments synthétiques, contenant au moins 85% en poids de filaments de polyester texturés, écrus ou blanchis",10.0,18.0,44.28
5407520000,"-- Autres tissus de fils de filaments synthétiques, contenant au moins 85% en poids de filaments de polyester texturés, teints",20.0,18.0,44.28
5407530000,"-- Autres tissus de fils de filaments synthétiq., cont. au moins 85% en poids de filaments de polyester texturés, en fils de diver. couleurs",20.0,18.0,44.28
5407540000,"-- Autres tissus de fils de filaments synthétiq., cont. au moins 85% en poids de filaments de polyester texturés, imprimés",20.0,18.0,44.28
5407610000,"-- Autres tissus de fils de filaments synthétiques, contenant au moins 85% en poids de filaments de polyesters non texturés",20.0,18.0,44.28
5407690000,"-- Autres tissus de fils de filaments synthétiques, contenant au moins 85% en poids de filaments de polyesters du n° 54.07",20.0,18.0,44.28
5407710000,"-- Autres tissus de fils de filaments synthétique, contenant au moins 85% en poids de filaments synthétiques écrus ou blanchis",10.0,18.0,44.28
5407720000,"-- Autres tissus de fils de filaments synthétique, contenant au moins 85% en poids de filaments synthétiques, teints",20.0,18.0,44.28
5407730000,"-- Autres tissus de fils de filaments synthétique, contenant au moins 85% en poids de filaments synthétiques, en fils de diverses couleurs",20.0,18.0,44.28
5407740000,"-- Autres tissus de fils de filaments synthétique, contenant au moins 85% en poids de filaments synthétiques, imprimés",20.0,18.0,44.28
5407810000,"-- Autres tissus, contenant moins de 85% en poids de filaments synthétiques et mélangés principalement avec du coton, écrus ou blanchis",10.0,18.0,44.28
5407820000,"-- Autres tissus, contenant moins de 85% en poids de filaments synthétiques et mélangés principalement avec du coton, teints",20.0,18.0,44.28
5407830000,"-- Autres tissus, cont. moins de 85% en poids de filaments synthétiq. et mélangés principalement avec du coton en fils de diverses couleurs",20.0,18.0,44.28
5407840000,"-- Autres tissus, contenant moins de 85% en poids de filaments synthétiques et mélangés principalement avec du coton, imprimés",20.0,18.0,44.28
5407910000,"-- Autres tissus de fils de filaments synthétiques, y compris les tissus obtenus à partir des produits du n° 54.04, écrus ou blanchis",10.0,18.0,44.28
5407920000,"-- Autres tissus de fils de filaments synthétiques, y compris les tissus obtenus à partir des produits du n° 54.04, teints",20.0,18.0,44.28
5407930000,"-- Autres tissus de fils de filaments synthétiq., y cpris les tissus obtenus à partir des produits du n° 54.04, en fils de diverses couleurs",20.0,18.0,44.28
5407940000,"-- Autres tissus de fils de filaments synthétiques, y compris les tissus obtenus à partir des produits du n° 54.04, imprimés",20.0,18.0,44.28
5408100000,- Tissus de fils de filaments artificiels obtenus à partir de fils à haute ténacité de rayonne viscose,20.0,18.0,44.28
6101900000,"- Manteaux, cabans, capes, anoraks...et similaires, en bonneterie d'autres mat. textiles, pour hommes ou garçonnets, sauf art. du n°61.03",20.0,18.0,44.28
6102100000,"- Manteaux, cabans, capes, anoraks... et similaires, en bonneterie de laine ou de poils fins pour femmes ou fillettes, sauf art. du n°61.04",20.0,18.0,44.28
6102200000,"- Manteaux, cabans, capes, anoraks, blousons et similaires, en bonneterie de coton, pour femmes ou fillettes, sauf articles du n° 61.04",20.0,18.0,44.28
6102300000,"- Manteaux, cabans, capes…et similaires, en bonneterie de fibres synthétiq. ou artificielle, pour femmes ou fillettes, sauf art. du n°61.04",20.0,18.0,44.28
6102900000,"- Manteaux, cabans, capes, anoraks... et similaires, en bonneterie d'autres mat. textiles pour femmes ou fillettes, sauf art. du n°61.04",20.0,18.0,44.28
6103100000,- Costumes ou complets en bonneterie pour hommes ou garçonnets,20.0,18.0,44.28
6103220000,"-- Ensembles de coton, en bonneterie, pour hommes ou garçonnets",20.0,18.0,44.28
6103230000,"-- Ensembles de fibres synthétiques, en bonneterie pour hommes ou garçonnets",20.0,18.0,44.28
6103290000,"-- Ensembles d'autres matières textiles, en bonneterie pour hommes ou garçonnets",20.0,18.0,44.28
6103310000,"-- Vestons de laine ou de poils fins, en bonneterie, pour hommes ou garçonnets",20.0,18.0,44.28
6103320000,"-- Vestons de coton, en bonneterie, pour hommes ou garçonnets",20.0,18.0,44.28
6103330000,"-- Vestons de fibres synthétiques, en bonneterie pour hommes ou garçonnets",20.0,18.0,44.28
6103390000,"-- Vestons  d'autres matières textiles, en bonneterie, pour hommes ou garçonnets",20.0,18.0,44.28
6103410000,"-- Pantalons, salopettes à bretelles, culottes et shorts (sauf pour bain), de laine ou poils fins, en bonneterie, pour hommes ou garçonnets",20.0,18.0,44.28
6103420000,"-- Pantalons, salopettes à bretelles, culottes et shorts de coton, en bonneterie, pour hommes ou garçonnets",20.0,18.0,44.28
6103430000,"-- Pantalons, salopettes à bretelles, culottes et shorts (sauf pour bain), de fibres synthétiques, en bonneterie, pour hommes ou garçonnets",20.0,18.0,44.28
6103490000,"-- Pantalons, salopettes à bretelles, culottes et shorts (sauf pour bain), d'autres mat. textiles, en bonneterie, pour hommes ou garçonnets",20.0,18.0,44.28
6104130000,"-- Costumes tailleurs de fibres synthétiques, en bonneterie, pour femmes ou fillette",20.0,18.0,44.28
6104190000,"-- Costumes tailleurs d'autres matières textiles, en bonneterie, pour femmes ou fillettes",20.0,18.0,44.28
6104220000,"-- Ensembles de coton, en bonneterie, pour femmes ou fillettes",20.0,18.0,44.28
6104230000,"-- Ensembles de fibres synthétiques, en bonneterie, pour femmes ou fillettes",20.0,18.0,44.28
6104290000,"-- Ensembles d'autres matières textiles, en bonneterie, pour femmes ou fillettes",20.0,18.0,44.28
6104310000,"-- Vestes de laine ou de poils fins, en bonneterie, pour femmes ou fillettes",20.0,18.0,44.28
6104320000,"-- Vestes de coton, en bonneterie, pour femmes ou fillettes",20.0,18.0,44.28
3702320000,"-- Pellicules photographiques, non perforées, d'une largeur n'excédant pas 105 mm, comportant une émulsion aux halogénures d'argent",20.0,18.0,44.28
3702391000,"--- Pellicules photographiques à développement et tirage instantanés, en rouleaux,...non impressionnées, d'une largeur n'excédant pas 105 mm",5.0,18.0,44.28
3702399000,"--- Autres pellicules photographiques, non perforées d'une largeur n'excédant pas 105 mm, du n° 37.02",20.0,18.0,44.28
3702410000,"-- Pellicules photographiques, non perforées, largeur excédant 610 mm et longueur excédant 200 m, pour la photographie en couleurs (...)",20.0,18.0,44.28
3702420000,"-- Pellicules photographiques, non perforées, largeur excédant 610 mm et longueur excédant 200 m, autres que pour photographie en couleurs",20.0,18.0,44.28
3702430000,"-- Pellicules photographiques, non perforées, d'une largeur excédant 610 mm et d'une longueur n'excédant pas 200 m",10.0,18.0,32.48
3702440000,"-- Pellicules photographiques, non perforées, d'une largeur excédant 105 mm mais n'excédant pas 610 mm",20.0,18.0,44.28
3702520000,"-- Pellicules photographiques, d'une largeur n'excédant pas 16 mm, pour la photographie en couleurs (polychrome)",20.0,18.0,44.28
3702530000,"-- Pellicules, pour photo couleurs, d'une larg. excéd. 16mm mais n'excéd. pas 35mm et d'une long. n'excéd. pas 30m, pour diapositives",20.0,18.0,44.28
3702540000,"-- Pellicules, pour photo couleurs, larg.  excéd.16mm mais n'excéd. pas 35mm et long. n'excéd. pas 30m, aut. que pour diapositives",20.0,18.0,44.28
3702550000,"-- Pellicules photograpiques, d'une largeur excédant 16 mm mais n'excédant pas 35 mm et d'une longueur excédant 30 m, pour photo couleurs",20.0,18.0,44.28
3702560000,"-- Pellicules photographiques, d'une largeur excédant 35 mm, pour photographie en couleurs (polychrome)",20.0,18.0,44.28
3702960000,"-- Autres pellicules photographiques, d'?une largeur n'?excédant pas 35 mm et d?'une longueur n?'excédant pas 30 m, du n° 37.02",20.0,18.0,44.28
3702970000,"-- Autres pellicules photographiques, d'une largeur n?'excédant pas 35 mm et d?'une longueur excédant 30 m, du n° 37.02",20.0,18.0,44.28
3702980000,"-- Autres pellicules photographiques, d'une largeur excédant 35 mm, du n° 37.02",20.0,18.0,44.28
3703100000,"- Papiers, cartons et textiles, photographiques, sensibilisés, non impressionnés, en rouleaux, d'une largeur excédant 610 mm",20.0,18.0,44.28
3703200000,"- Papiers, cartons et textiles, photographiques, sensibilisés, non impressionnés pour la photographie en couleurs (polychrome)",20.0,18.0,44.28
3703900000,"- Autres papiers, cartons et textiles, photographiques, sensibilisés, non impressionnés, du n° 37.03",20.0,18.0,44.28
3704000000,"Plaques, pellicules, films, papiers, cartons et textiles, photographiques, impressionnés mais non développés.",20.0,18.0,44.28
3705000000,"Plaques et pellicules, photographiques, impressionnées et développées, autres que les films cinématographiques.",20.0,18.0,44.28
3706101000,"-- Films cinématographiques, impressionnés et développés ..., d'une largeur de 35 mm ou plus, destinés aux salles de spectacles",20.0,18.0,22.5
3706109000,"-- Films cinématographiques, impressionnés et développés ..., d'une largeur de 35 mm ou plus,  autres que destinés aux salles de spectacles",20.0,18.0,44.28
4103200000,"- Cuirs et peaux bruts (...), de reptiles, même refendus, autres que ceux exclus par les Notes 1 b) ou 1 c) du Chapitre 41",5.0,18.0,26.58
4103300000,"- Autres cuirs et peaux bruts (...), de porcins, même épilés ou refendus, autres que ceux exclus par les Notes 1 b) ou 1 c) du Chapitre 41",5.0,18.0,32.48
4103900000,"- Autres cuirs et peaux bruts (...) , même épilés ou refendus, autres que ceux exclus par les Notes 1 b) ou 1 c) du Chapitre 41, du n° 41.03",5.0,18.0,26.58
4104110000,"-- Pleine fleur, non refendue et côtés fleur, de bovins ou d'équidés, à l'état humide (y compris wet-blue)",10.0,18.0,32.48
4104190000,"-- Cuirs et peaux tannés ou en croûte, de bovins ou d'équidés, autres que pleine fleur non renfendue et côtés fleur, à l'état humide (...)",10.0,18.0,32.48
4104410000,"-- Pleine fleur, non refendue et côtés fleur, de bovins ou d'équidés, à l'état sec (en croûte)",10.0,18.0,32.48
4104490000,"-- Cuirs et peaux tannés ou en croûte, de bovins ou d'équidés, aut. que pleine fleur non renfendue et côtés fleur, à l'état sec (en croûte)",10.0,18.0,32.48
4105100000,"- Peaux tannées d'ovins, épilées, même refendues, mais non autrement préparées, à l'état humide (y compris wet-blue)",10.0,18.0,32.48
4105300000,"- Peaux d'ovins, épilées, même refendues, mais non autrement préparées, à l'état sec (en croûte)",10.0,18.0,32.48
4106210000,"-- Cuirs et peaux épilés de caprins, tannés, même refendus, mais non autrement préparés, à l?'état humide (y compris wet-blue)",10.0,18.0,32.48
4106220000,"-- Cuirs et peaux épilés de caprins, même refendus, mais non autrement préparés, à l'état sec (en croûte)",10.0,18.0,32.48
4106310000,"-- Cuirs et peaux épilés de porcins, tannés, même refendus, mais non autrement préparés, à l'état humide (y compris wet-blue)",10.0,18.0,32.48
4106320000,"-- Cuirs et peaux épilés de porcins, même refendus, mais non autrement préparés, à l'état sec (en croûte)",10.0,18.0,32.48
4106400000,"- Peaux tannées ou en croûte de reptiles, même refendues, mais non autrement préparées",10.0,18.0,32.48
4106910000,"-- Cuirs et peaux épilés d'autres animaux et peaux d'animaux dépourvus de poils, tannés, ..., à l'état humide (y c. wet-blue)",10.0,18.0,32.48
4106920000,"-- Cuirs et peaux épilés d'autres animaux et peaux d'animaux dépourvus de poils, même refendus, mais non ..., à l'état sec (en croûte)",10.0,18.0,32.48
4107110000,"-- Pleine fleur entière préparée après tannage ou dessèchement ou parcheminée, de bovins ou d'équidés, non refendue, sauf peaux du n°41.14",10.0,18.0,32.48
4107120000,"-- Côtés fleur entiers préparés après tannage ou dessèchement ou parcheminés, de bovins ou d'équidés, non refendus, sauf peaux du n°41.14",10.0,18.0,32.48
4107190000,"-- Autres cuirs et peaux entiers de bovins (y compris les buffles) ou d'équidés, mêmes refendus,  autres que ceux du n° 41.14",10.0,18.0,32.48
4107910000,"-- Pleine fleur non entière, y c. les bandes, préparée après tannage ou (...), de bovins ou d'équidés, non refendue, sauf peaux du n°41.14",10.0,18.0,32.48
4107920000,"-- Côtés fleur non entiers, y c. les bandes, préparés après tannage ou (...), de bovins ou d'équidés, non refendus, sauf peaux du n°41.14",10.0,18.0,32.48
4107990000,"-- Autres cuirs préparés et cuirs et peaux parcheminés de bovins (y compris les buffles) ou d'équidés, épilés, même refendus, du n° 41.07",10.0,18.0,32.48
5408210000,"-- Autres tissus, contenant au moins 85% en poids de filaments ou de lames ou formes similaires, artificiels, écrus ou blanchis",10.0,18.0,44.28
5408220000,"-- Autres tissus, contenant au moins 85% en poids de filaments ou de lames ou formes similaires, artificiels, teints",20.0,18.0,44.28
5408230000,"-- Autres tissus, contenant au moins 85% en poids de filaments ou de lames ou formes similaires, artificiels, en fils de diverses couleurs",20.0,18.0,44.28
5408240000,"-- Autres tissus, contenant au moins 85% en poids de filaments ou de lames ou formes similaires, artificiels, imprimés",20.0,18.0,44.28
5408310000,"-- Autres tissus de fils de filaments artificiels, y compris les tissus obtenus à partir des produits du n° 54.05, écrus ou blanchis",10.0,18.0,44.28
5408320000,"-- Autres tissus de fils de filaments artificiels, y compris les tissus obtenus à partir des produits du n° 54.05, teints",20.0,18.0,44.28
5408330000,"-- Autres tissus de fils de filaments artificiels, y cpris les tissus obtenus à partir des produits du n°54.05, en fils de diverses couleurs",20.0,18.0,44.28
5408340000,"-- Autres tissus de fils de filaments artificiels, y compris les tissus obtenus à partir des produits du n° 54.05, imprimés",20.0,18.0,44.28
5501100000,- Câbles de filaments synthétiques de nylon ou d'autres polyamides,10.0,18.0,32.48
5501200000,- Câbles de filaments synthétiques de polyesters,10.0,18.0,32.48
5501300000,- Câbles de filaments synthétiques acryliques ou modacryliques,10.0,18.0,32.48
5501400000,- Câbles de filaments synthétiques de polypropylène,10.0,18.0,32.48
5501900000,- Autres câbles de filaments synthétiques du n° 55.01,10.0,18.0,32.48
5502100000,- Câbles de filaments d'acétate de cellulose,5.0,18.0,26.58
5502900000,"- Câbles de filaments artificiels, autres que d'acétate de cellulose",5.0,18.0,26.58
5503110000,"-- Fibres synthétiques d'aramides discontinues, non cardées ni peignées ni autrement transformées pour la filature",10.0,18.0,32.48
5503190000,"-- Fibres synth. de nylon ou d'aut. polyamides (sauf aramides), discontinues, non cardées ni peignées ni autr. transformées pour la filature",10.0,18.0,32.48
5503200000,"- Fibres synthétiques de polyesters discontinues, non cardées ni peignées ni autrement transformées pour la filature",10.0,18.0,32.48
5503300000,"- Fibres synthétiques acryliques ou modacryliques discontinues, non cardées ni peignées ni autrement transformées pour la filature",10.0,18.0,32.48
5503400000,"- Fibres synthétiques de polypropylène discontinues, non cardées ni peignées ni autrement transformées pour la filature",10.0,18.0,32.48
5503900000,"- Autres fibres synthétiques discontinues, non cardées ni peignées ni autrement transformées pour la filature, du n° 55.03",10.0,18.0,32.48
5504100000,"- Fibres artificielles de rayonne viscose discontinues, non cardées ni peignées ni autrement transformées pour la filature",10.0,18.0,32.48
5504900000,"- Fibres artificielles discontinues autres que de rayonne viscose, non cardées ni peignées ni autrement transformées pour la filature",10.0,18.0,32.48
5505100000,"- Déchets de fibres synthétiques (y compris les blouses, les déchets de fils et les effilochés)",10.0,18.0,32.48
6104330000,"-- Vestes de fibres synthétiques, en bonneterie, pour femmes ou fillettes",20.0,18.0,44.28
6104390000,"-- Vestes d'autres matières textiles, en bonneterie, pour femmes ou fillettes",20.0,18.0,44.28
6104410000,"-- Robes de laine ou de poils fins, en bonneterie, pour femmes ou fillettes",20.0,18.0,44.28
6104420000,"-- Robes de coton, en bonneterie, pour femmes ou fillettes",20.0,18.0,44.28
6104430000,"-- Robes de fibres synthétiques, en bonneterie, pour femmes ou fillettes",20.0,18.0,44.28
6104440000,"-- Robes de fibres artificielles, en bonneterie, pour femmes ou fillettes",20.0,18.0,44.28
6104490000,"-- Robes d'autres matières textiles, en bonneterie, pour femmes ou fillettes",20.0,18.0,44.28
6104510000,"-- Jupes et jupes-culottes de laine ou de poils fins, en bonneterie, pour femmes ou fillettes",20.0,18.0,44.28
6104520000,"-- Jupes et jupes-culottes de coton, en bonneterie, pour femmes ou fillettes",20.0,18.0,44.28
6104530000,"-- Jupes et jupes-culottes de fibres synthétiques, en bonneterie, pour femmes ou fillettes",20.0,18.0,44.28
6104590000,"-- Jupes et jupes-culottes d'autres matières textiles, en bonneterie, pour femmes ou fillettes",20.0,18.0,44.28
6104610000,"-- Pantalons, salopettes à bretelles, culottes et shorts (sauf pour bain), de laine ou poils fins, en bonneterie, pour femmes ou fillettes",20.0,18.0,44.28
6104620000,"-- Pantalons, salopettes à bretelles, culottes et shorts (sauf pour bain), de coton , en bonneterie, pour femmes ou fillettes",20.0,18.0,44.28
6104630000,"-- Pantalons, salopettes à bretelles, culottes et shorts (sauf pour bain), de fibres synthétiques, en bonneterie, pour femmes ou fillettes",20.0,18.0,44.28
6104690000,"-- Pantalons, salopettes à bretelles, culottes et shorts (sauf pour bain), d'autres mat. textiles, en bonneterie, pour femmes ou fillettes",20.0,18.0,44.28
6105100000,"- Chemises et chemisettes de coton, en bonneterie, pour hommes ou garçonnets",20.0,18.0,44.28
6105200000,"- Chemises et chemisettes de fibres synthétiques ou artificielles, en bonneterie, pour hommes ou garçonnets",20.0,18.0,44.28
6105900000,"- Chemises et chemisettes d'autres matières textiles, en bonneterie, pour hommes ou garçonnets",20.0,18.0,44.28
6106100000,"- Chemisiers, blouses, blouses-chemisiers et chemisettes de coton, en bonneterie, pour femmes ou fillettes",20.0,18.0,44.28
6106200000,"- Chemisiers, blouses, blouses-chemisiers et chemisettes de fibres synthétiques ou artificielles, en bonneterie, pour femmes ou fillettes",20.0,18.0,44.28
6106900000,"- Chemisiers, blouses, blouses-chemisiers et chemisettes d'autres matières textiles, en bonneterie, pour femmes ou fillettes",20.0,18.0,44.28
6107110000,"-- Slips et caleçons de coton, en bonneterie, pour hommes ou garçonnets",20.0,18.0,44.28
6107120000,"-- Slips et caleçons de fibres synthétiques ou artificielles, en bonneterie, pour hommes ou garçonnets",20.0,18.0,44.28
6107190000,"-- Slips et caleçons d'autres matières textiles, en bonneterie, pour hommes ou garçonnets",20.0,18.0,44.28
7315200000,"- Chaînes antidérapantes, en fonte, fer ou acier",20.0,18.0,44.28
7315810000,"-- Chaînes à maillons à étais, en fonte, fer ou acier",20.0,18.0,44.28
7315820000,"-- Chaînes, à maillons soudés, en fonte, fer ou acier",20.0,18.0,44.28
7315890000,"-- Autres chaînes et chaînettes, en fonte, fer ou acier, du n° 73.15",20.0,18.0,44.28
7315900000,"- Parties de chaînes (autres que de chaînes à maillons articulés) et de chaînettes, en fonte, fer ou acier",20.0,18.0,44.28
7316000000,"Ancres, grappins et leurs parties, en fonte, fer ou acier.",20.0,18.0,44.28
7317001000,"- Clous et agrafes ondulées, en fonte, fer ou acier, même avec tête en autre matière, à l'exclusion de ceux avec tête en cuivre",20.0,18.0,44.28
7317009000,"- Pointes, clous, punaises, crampons appointés, agrafes biseautées et articles similaires, en fonte, fer ou acier, du n° 73.17",20.0,18.0,44.28
7318110000,"-- Tire-fond en fonte, fer ou acier",20.0,18.0,44.28
7318120000,"-- Vis à bois autres que les tire-fond, en fonte, fer ou acier",20.0,18.0,44.28
7318130000,"-- Crochets et pitons à pas de vis, en fonte, fer ou acier",20.0,18.0,44.28
7318140000,"-- Vis autotaraudeuses en fonte, fer ou acier",20.0,18.0,44.28
7318150000,"-- Autres vis et boulons, même avec leurs écrous ou rondelles, en fonte, fer ou acier",20.0,18.0,44.28
7318160000,"-- Ecrous en fonte, fer ou acier",20.0,18.0,44.28
7318190000,"-- Articles filetés en fonte, fer ou acier, du n°73.18",20.0,18.0,44.28
7318210000,"-- Rondelles destinées à faire ressort et autres rondelles de blocage, en fonte, fer ou acier",20.0,18.0,44.28
7318220000,"-- Rondelles autres que les rondelles de blocage, en fonte, fer ou acier",20.0,18.0,44.28
7318230000,"-- Rivets, en fonte, fer ou acier",20.0,18.0,44.28
7318240000,"-- Goupilles, chevilles et clavettes, en fonte, fer ou acier",20.0,18.0,44.28
7318290000,"-- Autres articles non filetés, en fonte, fer ou acier, du n° 73.18",20.0,18.0,44.28
7319400000,"- Epingles de sûreté et autres épingles, en fer ou en acier, non dénommées ni comprises ailleurs",20.0,18.0,44.28
7319900000,"- Aiguilles à coudre ou à tricoter, passe-lacets, crochets, poinçons à broder et articles similaires, pr usage à la main, en fer ou en acier",20.0,18.0,44.28
7320100000,"- Ressorts à lames et leurs lames, en fer ou en acier",20.0,18.0,44.28
7320200000,"- Ressorts en hélice, en fer ou en acier",20.0,18.0,44.28
7320900000,"- Autres ressorts et lames de ressorts, en fer ou en acier, du n°73.20",20.0,18.0,44.28
7321111100,"---- Appareils de cuisson et chauffe-plats, en fonte, fer ou acier, à combustibles gazeux..., à deux brûleurs au plus, démonté... montage",10.0,18.0,44.28
7321111900,"---- Appareils de cuisson et chauffe-plats en fonte, fer ou acier, à combustibles gazeux..., à deux brûleurs au plus, aut. que pr industrie…",20.0,18.0,44.28
7321119100,"---- Appareils de cuisson et chauffe-plats, en fonte, fer ou acier, à combustibles gazeux..., à plus de deux brûleurs, démonté…montage",10.0,18.0,44.28
7321119900,"---- Appareils de cuisson et chauffe-plats, en fonte, fer ou acier, à combustibles gazeux...,à plus de deux brûleurs, aut. que pr industrie…",20.0,18.0,44.28
8416300000,"- Foyers automatiques et leurs avant-foyers, grilles mécaniques, dispositifs mécaniques pr évacuation des cendres et dispositifs similaires",5.0,18.0,26.58
8416900000,- Parties des appareils du n° 84.16,5.0,18.0,26.58
8417100000,"- Fours pour le grillage, la fusion ou autres traitements thermiques des minerais ou des métaux",5.0,18.0,26.58
8417200000,"- Fours de boulangerie, de pâtisserie ou de biscuiterie",5.0,18.0,26.58
8417800000,"- Autres fours industriels ou de laboratoire y compris les insinérateurs, non électriques, du n° 84.17",5.0,18.0,26.58
8417900000,"- Parties des fours industriels ou de laboratoire y compris les insinérateurs non électriques, du n° 84.17",5.0,18.0,26.58
8418101000,-- Combinaisons de réfrigérateurs et de congélateurs conservateurs munis de portes extérieures séparées ... montés pour industrie du montage,5.0,18.0,44.28
8418109000,-- Combinaisons de réfrigérateurs et de congélateurs conservateurs munis de portes extérieures séparées autres que pour industrie du montage,20.0,18.0,44.28
8418211000,--- Réfrigérateurs du type ménager à compression présentés entièrement à l'état démonté ou non monté importés pour l'industrie du montage,5.0,18.0,44.28
8418219000,--- Réfrigérateurs du type ménager à compression autres que ceux destinés à l'industrie du montage,20.0,18.0,44.28
8418291000,--- Réfrigérateurs du type ménager autres qu'à compression non monté pour l'industrie du montage,5.0,18.0,44.28
8418299000,--- Réfrigérateurs du type ménager autres qu'à compression à l'exclusion de ceux destinés à l'industrie du montage,20.0,18.0,44.28
8418301000,-- Meubles congélateurs conservateurs du type coffre d'une capacité n'excédant pas 800 l …démonté ou non monté pour l'industrie du montage,5.0,18.0,44.28
8418309000,-- Meubles congélateurs conservateurs du type coffre d'une capacité n'excédant pas 800 l autres que ceux destinés à  l'industrie du montage,20.0,18.0,44.28
8418401000,"-- Meubles congélateurs conservateurs du type armoire, d'une capacité n'excédant pas 900 l …démonté ou non monté pour l'industrie du montage",5.0,18.0,44.28
8418409000,"-- Meuble congélateur conservateur du type armoire, d'une capacité n'excédant pas 900 l autres que ceux destinés à l'industrie du montage",20.0,18.0,44.28
8418501000,-- Autr. meuble (coffres…) pr conservat. et exposit. de produit incorporant équipem. pr product. du froid…non montés pr industrie du montage,5.0,18.0,26.58
8418509000,-- Autr. meuble (coffres…) pr conservat. et exposit. de produit incorporant équipem. pr product. du froid autres que pr industrie du montage,20.0,18.0,26.58
8418610000,-- Pompes à chaleur autres que les machines et appareils pour le conditionnement de l'air du n° 84.15,5.0,18.0,26.58
8418690000,"-- Autres matériels, machines et appareils pour la production du froid",5.0,18.0,26.58
8418910000,-- Parties de meubles conçus pour recevoir un équipement pour la production du froid,5.0,18.0,26.58
8418990000,-- Autres parties des articles du n° 84.18,5.0,18.0,26.58
8419110000,"-- Chauffe-eau non électriques, à chauffage instantané, à gaz",20.0,18.0,44.28
8419191000,"--- Chauffe-eau non électriques, à chauffage instantané (autres qu'à gaz) ou à accumulation, solaires",5.0,18.0,26.58
8482100000,- Roulements à billes,10.0,18.0,32.48
8482200000,"- Roulements à rouleaux coniques, y compris les assemblages de cônes et rouleaux coniques",10.0,18.0,32.48
8482300000,- Roulements à rouleaux en forme de tonneau,10.0,18.0,32.48
8482400000,- Roulements à aiguilles,10.0,18.0,32.48
8482500000,- Roulements à rouleaux cylindriques,10.0,18.0,32.48
8482800000,"- Roulements à galets et autres roulements à rouleaux, y compris les roulements combinés",10.0,18.0,32.48
8482910000,"-- Billes, galets, rouleaux et aiguilles des roulements à billes, à galets, à rouleaux et à aiguilles",10.0,18.0,32.48
8482990000,"-- Autres parties des roulements à billes, à galets, à rouleaux et à aiguilles, à l'exclusion des billes, galets, rouleaux et aiguilles",10.0,18.0,32.48
8483100000,- Arbres de transmission (y compris les arbres à cames et les vilebrequins) et manivelles,10.0,18.0,32.48
8483200000,- Paliers à roulements incorporés,10.0,18.0,32.48
8483300000,"- Paliers, autres qu'à roulements incorporés; coussinets",10.0,18.0,32.48
8483400000,"- Engrenages et roues de friction, autres que les roues dentées … séparément; broches ...; réducteurs,... y compris convertisseurs de couple",10.0,18.0,32.48
8483500000,"- Volants et poulies, y compris les poulies à moufles",10.0,18.0,32.48
8483600000,"- Embrayages et organes d'accouplement, y compris les joints d'articulation",10.0,18.0,32.48
8483900000,- Roues dentées et autres organes élémentaires de transmission présentés séparément; parties des articles du n° 84.83,10.0,18.0,32.48
8484100000,- Joints métalloplastiques,10.0,18.0,32.48
8484200000,- Joints d'étanchéité mécaniques,10.0,18.0,32.48
8484900000,"- Joints, jeux ou assortiment de joints de compositions differentes présentés en pochettes, enveloppes ou emballages analogues",10.0,18.0,32.48
8486100000,- Machines et appareils pour la fabrication de lingots ou de plaquettes,10.0,18.0,32.48
8486201100,--- Appareils pour l'écriture directe sur disque,20.0,18.0,44.28
8486201200,--- Photorépéteurs,20.0,18.0,44.28
8486201900,"--- Autres appareils pour la projection, la réalisation des tracés de circuits sur les matières semi-conductrices sensibilisées",20.0,18.0,44.28
8486209000,-- Autres machines pour la fabrication de dispositifs à semi conducteur ou des circuits intégrés électroniques,10.0,18.0,32.48
8486301000,-- Machines et app. pr fabrication de dispositifs d'affichage à écran plat pr laboratoires photographiq. ou cinématographiq.; négatoscopes,20.0,18.0,44.28
8486309000,-- Machines et app. pour la fabrication de dispositifs d'affichage à écran plat autres que pr laboratoires photographiques ou…;négatoscopes,10.0,18.0,32.48
8486400000,- Machines et appareils visés à la Note 9 C) du présent Chapitre,10.0,18.0,32.48
8486901000,-- Parties et accessoires des machines ou appareils du 8486.20 et du 8486.30,10.0,18.0,32.48
8486909000,"-- Parties et accessoires des machines et appareils du n° 84.86, à l'exclusion du 8486.20 et du 8486.30",5.0,18.0,26.58
7005100000,"- Glace non armée en plaques ou en feuilles, à couche absorbante, réfléchissante ou non réfléchissante, mais non autrement travaillée",20.0,18.0,44.28
7005210000,"-- Autre glace non armée, en plaques ou en feuilles, colorée dans la masse...ou simplement doucie, mais non autrement travaillée",20.0,18.0,44.28
7005290000,"-- Autre glace non armée, en plaques ou en feuilles, mais non autrement travaillée, du n° 70.05",20.0,18.0,44.28
7005300000,"- Glace (…) armée en plaques ou en feuilles, même à couche absorbante, réfléchissante ou non réfléchissante, mais non autrement travaillée",20.0,18.0,44.28
7006000000,"Verre des n°s 70.03 à 70.05, courbé, biseauté, gravé, percé, émaillé ou autrement travaillé, mais non encadré ni associé à d'autres matières",20.0,18.0,44.28
7007110000,"-- Verres trempés de dimensions et formats permettant leur emploi dans les automobiles, véhicules aériens, bateaux ou autres véhicules",20.0,18.0,44.28
7007190000,"-- Verres trempés autres que ceux de dimensions et formats permettant leur emploi dans les automobiles, véhicules aériens, bateaux ou autres",20.0,18.0,44.28
7007210000,"-- Verres formés de feuilles contre-collées de dimensions et formats permettant leur emploi dans les automobiles, véhicules aériens, bateaux",20.0,18.0,44.28
7007290000,"-- Verres formés de feuilles contre-collées autres que ceux de dimensions...permettant leur emploi dans les automobiles, véhicules aériens…",20.0,18.0,44.28
7008000000,Vitrages isolants à parois multiples.,20.0,18.0,44.28
7009101000,-- Miroirs rétroviseurs pour motocycles et cycles,10.0,18.0,32.48
7009109000,-- Miroirs rétroviseurs pour véhicules autres que motocycles et cycles,10.0,18.0,32.48
7009910000,-- Miroirs en verre non encadrés,20.0,18.0,44.28
7009920000,-- Miroirs en verre encadrés,20.0,18.0,44.28
7010100000,- Ampoules en verre,10.0,18.0,32.48
7010200000,"- Bouchons, couvercles et autres dispositifs de fermeture en verre",10.0,18.0,32.48
7010901100,"--- Bouteilles, bonbonnes et flacons, en verre, d'une contenance excédant 1 l",10.0,18.0,32.48
7010901200,"--- Bocaux, pots et autres récipients similaires y compris les bocaux à conserves, en verre, d'une contenance excédant 1 l",10.0,18.0,32.48
7010901900,"--- Emballages tubulaires et autres récipients de transport ou d'emballage, en verre, d'une contenance excédant 1 l",10.0,18.0,32.48
7010902100,"--- Bouteilles, bonbonnes et flacons, en verre, d'une contenance excédant 0,33 l mais n'excédant pas 1 l",10.0,18.0,32.48
7010902200,"--- Bocaux, pots et autres récipients simil. y compris les bocaux à conserves, en verre, d'une contenance excéd. 0,33 l mais n'excéd. pas 1l",10.0,18.0,32.48
7010902900,"--- Emballages tubulaires et autres récipients de transport ou d'emballage, en verre, d'une contenance excédant 0,33l mais n'excédant pas 1l",10.0,18.0,32.48
7010903100,"--- Bouteilles, bonbonnes et flacons, en verre, d'une contenance excédant 0,15 l mais n'excédant pas 0,33 l",10.0,18.0,32.48
7010903200,"--- Bocaux, pots et autres récipients simil. y cpris les bocaux à conserves, en verre, d'une contenance excéd. 0,15l mais n'excéd. pas 0,33l",10.0,18.0,32.48
7010903900,"--- Emballages tubulaires et autres récipients de transport ou d'emballage, en verre, d'une contenance excéd. 0,15l mais n'excéd. pas 0,33l",10.0,18.0,32.48
7321121000,"---- Appareils de cuisson et chauffe-plats, en fonte, fer ou acier, à combustibles liquides, à deux brûleurs au plus",20.0,18.0,44.28
7321129000,"---- Appareils de cuisson et chauffe-plats en fonte, fer ou acier, à combustibles liquides, à plus de deux brûleurs",20.0,18.0,44.28
7321190000,"-- Appareils de cuisson et chauffe-plats en fonte, fer ou acier, à autres combustibles, y compris les appareils à combustibles solides",20.0,18.0,44.28
7321810000,"-- Autres appareils non électriques, à usage domestique, en fonte, fer ou acier, à combustibles gazeux … et autres combustibles, du n°73.21",20.0,18.0,44.28
7321820000,"-- Autres appareils non électriques, à usage domestique, en fonte, fer ou acier, à combustibles liquides, du n°73.21",20.0,18.0,44.28
7321890000,"-- Autres appareils non électriques, usage domestique, en fonte, fer ou acier, à aut. comb., y cpris ceux à combustibles solides, du n°73.21",20.0,18.0,44.28
7321900000,"- Parties des appareils non électriques, à usage domestique, en fonte, fer ou acier, du n°73.21",10.0,18.0,32.48
7322110000,"-- Radiateurs pour le chauffage central, à chauffage non électrique, et leurs parties, en fonte",20.0,18.0,44.28
7322190000,"-- Radiateurs pour le chauffage central, à chauffage non électrique, et leurs parties, en fer ou acier",20.0,18.0,44.28
7322900000,"- Générateurs et distributeur d'air chaud (...), à chauffage non électrique (…) et leurs parties, en fonte, fer ou acier",20.0,18.0,44.28
7323100000,"- Paille de fer ou d'acier; éponges, torchons, gants et articles similaires pr le récurage, le polissage ou usages analogues en fer ou acier",20.0,18.0,44.28
7323910000,"-- Articles de ménage ou d'économie domestique et leurs parties, en fonte, non émaillés",20.0,18.0,44.28
7323920000,"-- Articles de ménage ou d'économie domestique et leurs parties, en fonte, émaillés",20.0,18.0,44.28
7323930000,"-- Articles de ménage ou d'économie domestique et leurs parties, en aciers inoxydables",20.0,18.0,44.28
7323940000,"-- Articles de ménage ou d'économie domestique et leurs parties, en fer ou en acier, émaillés",20.0,18.0,44.28
7323991000,"--- Articles de ménage ou d'économie domestique et leurs parties, en fer ou acier, galvanisés",20.0,18.0,44.28
7323999000,"--- Autres articles de ménage ou d'économie domestique et leurs parties, en fer ou acier, du n° 73.23",20.0,18.0,44.28
7324100000,- Eviers et lavabos en aciers inoxydables,20.0,18.0,44.28
7324210000,"-- Baignoires en fonte, même émaillées",20.0,18.0,44.28
7324290000,-- Baignoires en fer ou en acier,20.0,18.0,44.28
7324901000,"-- Autres articles d'hygiène ou de toilette, y compris les parties, en fonte, fer ou acier, émaillés",20.0,18.0,44.28
7324902000,"-- Autres articles d'hygiène ou de toilette, y compris les parties, en fonte, fer ou acier, galvanisés",20.0,18.0,44.28
7324909000,"-- Autres articles d'hygiène ou de toilette, y compris les parties, en fonte, fer ou acier, du n° 73.24",20.0,18.0,44.28
7325100000,- Autres ouvrages moulés en fonte non malléable,20.0,18.0,44.28
7325910000,"-- Boulets et articles similaires, moulés, pour broyeurs, en fonte, fer ou acier",5.0,18.0,26.58
8419199000,"--- Chauffe-eau non électriques, à chauffage instantané (autres qu'à gaz) ou à accumulation, à l'exclusion des solaires",20.0,18.0,44.28
8419310000,-- Séchoirs pour produits agricoles,5.0,18.0,26.58
8419320000,"-- Séchoirs pour le bois, les pâtes à papier, papiers ou cartons",5.0,18.0,26.58
8419390000,"-- Séchoirs autres que les séchoirs pour les produits agricoles, le bois, les pâtes à papier, papiers ou cartons",5.0,18.0,26.58
8419400000,- Appareils de distillation ou de rectification,5.0,18.0,26.58
8419500000,- Echangeurs de chaleur,5.0,18.0,26.58
8419600000,- Appareils et dispositifs pour la liquéfaction de l'air ou d'autres gaz,5.0,18.0,32.48
8419810000,-- Appareils et dispositifs pour la préparation de boissons chaudes ou la cuisson ou le chauffage des aliments,10.0,18.0,32.48
8419890000,-- Autres appareils et dispositifs du n° 84.19,10.0,18.0,32.48
8419900000,"- Parties des appareils, dispositifs et chauffe-eau non électriques, du n° 84.19",5.0,18.0,26.58
8420100000,- Calandres et laminoirs autres que pour les métaux ou le verre,10.0,18.0,32.48
8420910000,"-- Cylindres des calandres et laminoirs, autres que pour les métaux ou le verre",5.0,18.0,26.58
8420990000,"-- Parties des calandres et laminoirs, à l'exclusion des cylindres, autres que pour les métaux ou le verre",5.0,18.0,26.58
8421110000,-- Ecrémeuses,10.0,18.0,32.48
8421120000,-- Essoreuses à linge,10.0,18.0,32.48
8421190000,"-- Centrifugeuses, y compris les essoreuses centrifuges autres que les écrémeuses et les essoreuses à linge",10.0,18.0,32.48
8421211000,"--- Appareils pour la filtration ou l'épuration des eaux, à usage domestique",5.0,18.0,26.58
8421219000,"--- Appareils pour la filtration ou l'épuration des eaux, autres qu'à usage domestique",5.0,18.0,26.58
8421221000,"--- Appareils pour la filtration ou l'épuration des boissons autres que l'eau, à usage domestique",5.0,18.0,26.58
8421229000,"--- Appareils pour la filtration ou l'épuration des boissons autres que l'eau, à l'exclusion de ceux à usage domestique",5.0,18.0,26.58
8421230000,-- Appareils pour la filtration des huiles minérales dans les moteurs à allumage par étincelles ou par compression,5.0,18.0,26.58
8421290000,"-- Appareils pour la filtration ou l'épuration des liquides         (autres que pour les huiles minérales, les boissons et les eaux)",5.0,18.0,26.58
8421310000,-- Filtres d'entrée d'air pour moteurs à allumage par étincelles ou par compression,5.0,18.0,26.58
8421391000,--- Filtres pour réfrigérateurs et congélateurs,5.0,18.0,26.58
8421399000,--- Appareils pr filtration ou épuration des gaz (autres que les filtres d'entrée d'air pour moteurs... les filtres pour réfrigérateurs …),5.0,18.0,26.58
8421910000,"-- Parties de centrifugeuses, y compris d'essoreuses centrifuges",5.0,18.0,26.58
8421990000,-- Parties des appareils pour la filtration ou l'épuration des liquides ou des gaz,5.0,18.0,26.58
8422110000,-- Machines à laver la vaisselle de type ménager,20.0,18.0,44.28
8487100000,- Hélices pour bateaux et leurs pales,10.0,18.0,32.48
8487900000,- Autres parties de machines et appareils non dénommés ni compris ailleurs du chapitre n° 84,10.0,18.0,32.48
8501100000,"- Moteurs électriques d'une puissance n'excédant pas 37,5 W",5.0,18.0,26.58
8501200000,"- Moteurs électriques universels d'une puissance excédant 37,5 W",5.0,18.0,26.58
8501310000,"-- Moteurs électriques à courant continu et machines génératrices (sauf gpe électrogène) à courant continu, puissance n'excédant pas 750W",5.0,18.0,26.58
8501320000,"-- Moteurs à courant continu et machines génératrices (sauf groupe électrogène) à courant continu, puissance excédant 750 W mais pas 75 kW",5.0,18.0,26.58
8501330000,"-- Moteurs à courant continu et machines génératrices (sauf groupe électrogène) à courant continu, puissance excédant 75 kW mais pas 375 kW",5.0,18.0,26.58
8501340000,"-- Moteurs à courant continu et machines génératrices (sauf groupe électrogène) à courant continu, d'une puissance excédant 375 kW",5.0,18.0,26.58
8501400000,"- Moteurs à courant alternatif, monophasés",5.0,18.0,26.58
8501510000,"-- Moteurs à courant alternatif, polyphasés, d'une puissance n'excédant pas 750 W",5.0,18.0,26.58
8501520000,"-- Moteurs à courant alternatif, polyphasés, d'une puissance excédant 750 W mais n'excédant pas 75 kW",5.0,18.0,26.58
8501530000,"-- Moteurs à courant alternatif, polyphasés, d'une puissance excédant 75 kW",5.0,18.0,26.58
8501610000,-- Machines génératrices (sauf groupe électrogène) à courant alternatif (alternateurs) d'une puissance n'excédant pas 75 kVA,5.0,18.0,26.58
8501620000,"-- Machines génératrices (sauf groupe électrogène) à courant alternatif (alternateurs), puissance excédant 75 kVA mais pas 375 kVA",5.0,18.0,26.58
8501630000,"-- Machines génératrices (sauf groupe électrogène) à courant alternatif (alternateurs), puissance excédant 375 kVA mais pas 750 kVA",5.0,18.0,26.58
8501640000,"-- Machines génératrices (sauf groupe électrogène) à courant alternatif (alternateurs), d'une puissance excédant 750 kVA",5.0,18.0,26.58
8502111000,"--- Groupe électrogène à moteur à piston à allumage par compression (diesel …), n'excédant pas 75KVA...non monté pour l'industrie du montage",5.0,18.0,26.58
8502119000,"--- Groupe électrogène à moteur à piston à allumage par compression (diesel …), n'excédant pas 75KVA, autre que pour ?l'industrie du montage",5.0,18.0,26.58
8502121000,"--- Groupe électrogène à moteur à piston à allumage par compression (…), excédant 75KVA mais pas 375KVA pr ?l'industrie du montage",5.0,18.0,26.58
8502129000,"--- Groupe électrogène à moteur à piston à allumage par compression (…),excédant 75KVA mais pas 375KVA, autre que  pr ?industrie du montage",5.0,18.0,26.58
8502131000,"--- Groupes électrogènes à moteur à piston à allumage par compression (…), excédant 375KVA,...non monté pour ?l'industrie du montage",5.0,18.0,26.58
8502139000,--- Groupes électrogènes à moteurs à piston à allumage par compression (…) excédant 375KVA autres que pour l'?industrie du montage,5.0,18.0,26.58
8502201000,"-- Groupes électrogènes à moteur à piston à allumage par étincelles (moteurs à explosion), ... non monté  pour l?'industrie du montage",5.0,18.0,26.58
7010904100,"--- Bouteilles, bonbonnes et flacons, en verre, d'une contenance n'excédant pas 0,15 l",10.0,18.0,32.48
7010904200,"--- Bocaux, pots et autres récipients similaires y compris les bocaux à conserves, en verre, d'une contenance n'excédant pas 0,15 l",10.0,18.0,32.48
7010904900,"--- Emballages tubulaires et autres récipients de transport ou d'emballage, en verre, d'une contenance n'excédant pas 0,15 l",10.0,18.0,32.48
7011100000,"- Ampoules et enveloppes tubulaires, ouvertes, et leurs parties, en verre, sans garnitures,  pour l'éclairage électrique",20.0,18.0,44.28
7011200000,"- Ampoules et enveloppes tubulaires, ouvertes, et leurs parties, en verre, sans garnitures, pour tubes cathodiques",20.0,18.0,44.28
7011900000,"- Ampoules et enveloppes tubulaires, ouvertes, et leurs parties, en verre, sans garnitures, aut. que pr l'éclairage élect. et tubes cathodi.",20.0,18.0,44.28
7013100000,"- Objets en vitrocérame pour le service de la table, la cuisine, la toilette, le bureau, l'ornementation...(sauf n°70.10 ou n°70.18)",20.0,18.0,44.28
7013220000,"-- Verres à boire à pied, en cristal au plomb",20.0,18.0,44.28
7013280000,"-- Verres à boire à pied, autres qu'en vitrocérame et cristal au plomb",20.0,18.0,44.28
7013330000,"-- Verres à boire, autres qu'à pied, en cristal au plomb",20.0,18.0,44.28
7013370000,"-- Verres à boire (à l'exclusion des verres à pied), autres qu'en vitrocérame et cristal au plomb",20.0,18.0,44.28
7013410000,"-- Objets pour le service de la table (autres que les verres à boire) ou pour la cuisine, en cristal au plomb",20.0,18.0,44.28
7013420000,"-- Objets pour le service de la table, la cuisine (sauf les verres à boire), en verre, coeff. de dilatation linéaire n'excédant pas 5x10-6…",20.0,18.0,44.28
7013490000,"-- Autres objets en verre pour le service de la table (autres que les verres à boire) ou pour la cuisine, aut. qu'en vitrocérame, du n°70.13",20.0,18.0,44.28
7013910000,"-- Autres objets en cristal au plomb, pour la toilette, le bureau, l'ornementation des appartements ou usages similaires, du n° 70.13",20.0,18.0,44.28
7014000000,"Verrerie de signalisation et éléments d'optique en verre (autres que ceux du n° 70.15), non travaillés optiquement.",20.0,18.0,44.28
7015900000,"- Verres d'horlogerie et analogues, de lunetterie commune, bombés...; sphères (...) creuses et segments, en verre, pr fabric. de ces verres",20.0,18.0,44.28
7016100000,"- Cubes, dés et autre verrerie, même sur support, pour mosaïques ou décorations similaires",20.0,18.0,44.28
7016900000,"- Pavés, dalles, briques, carreaux, tuiles...en verre pressé...pr la construction; verres assemblés en vitraux; verre dit ""multicellulaire""…",20.0,18.0,44.28
7017900000,"- Autre verrerie de laboratoire, d'hygiène ou de pharmacie, même graduée ou jaugée, du n° 70.17",10.0,18.0,32.48
7325991000,"--- Accessoires pour lignes électriques, moulés, en fonte, fer ou acier",20.0,18.0,44.28
7325999000,"--- Autres ouvrages moulés en fonte, fer ou acier, du n° 73.25",20.0,18.0,44.28
7326110000,"-- Boulets et articles similaires pour broyeurs, en fer ou en acier, forgés ou estampés mais non autrement travaillés",5.0,18.0,26.58
7326190000,"-- Autres ouvrages en fer ou en acier, forgés ou estampés mais non autrement travaillés, à l'exclusion des boulets et similaires pr broyeurs",20.0,18.0,44.28
7326201000,-- Tringles mono filaires pour pneumatiques en fils de fer ou d'acier,10.0,18.0,32.48
7326209000,-- Ouvrages en fils de fer ou d'acier autres que les tringles mono filaires pour pneumatiques,20.0,18.0,44.28
7326901000,-- Accessoires pour lignes électriques en fer ou en acier,20.0,18.0,44.28
7326909000,-- Autres ouvrages en fer ou en acier du n° 73.26,20.0,18.0,44.28
7401000000,Mattes de cuivre; cuivre de cément (précipité de cuivre).,5.0,18.0,26.58
7402000000,Cuivre non affiné; anodes en cuivre pour affinage électrolytique.,5.0,18.0,26.58
7403110000,-- Cathodes et sections de cathodes en cuivre affiné,5.0,18.0,26.58
7403120000,-- Barres à fil (wire-bars) en cuivre affiné,5.0,18.0,26.58
7403130000,-- Billettes en cuivre affiné,5.0,18.0,26.58
7403190000,"-- Autres articles en cuivre affiné, du 74.03",5.0,18.0,26.58
7403210000,"-- Alliages de cuivre sous forme brute, à  base de cuivre-zinc (laiton)",5.0,18.0,26.58
7403220000,"-- Alliages de cuivre sous forme brute, à base de cuivre-étain (bronze)",5.0,18.0,26.58
7403290000,"-- Autres alliages de cuivre (à l'exception des alliages mères du n° 74.05), sous forme brute, du n° 74.03",5.0,18.0,26.58
7404000000,Déchets et débris de cuivre.,5.0,18.0,26.58
7405000000,Alliages mères de cuivre.,5.0,18.0,26.58
7406100000,- Poudres de cuivre à structure non lamellaire,5.0,18.0,26.58
7406200000,- Poudres de cuivre à structure lamellaire; paillettes de cuivre,5.0,18.0,26.58
7407100000,- Barres et profilés en cuivre affiné,5.0,18.0,26.58
7407210000,"-- Barres et profilés en alliages de cuivre, à base de cuivre-zinc (laiton)",5.0,18.0,26.58
7407290000,-- Barres et profilés en alliages de cuivre autres qu'à base de cuivre-zinc (laiton),5.0,18.0,26.58
7408110000,-- Fils en cuivre affiné dont la plus grande dimension de la section transversale excède 6 mm,5.0,18.0,26.58
7408190000,-- Fils en cuivre affiné autres que ceux dont la plus grande dimension de la section transversale excède 6 mm,20.0,18.0,44.28
7408210000,-- Fils en alliages de cuivre à base de cuivre-zinc (laiton),5.0,18.0,26.58
7408220000,-- Fils en alliages de cuivre à base de cuivre-nickel (cupronickel) ou de cuivre-nickel-zinc (maillechort),5.0,18.0,26.58
7408290000,-- Autres fils en alliages de cuivre du n° 74.08,5.0,18.0,26.58
7409110000,"-- Tôles et bandes en cuivre affiné, d'une épaisseur excédant 0,15 mm, enroulées",10.0,18.0,32.48
8422190000,-- Machines à laver la vaisselle autres que de type ménager,5.0,18.0,26.58
8422200000,- Machines et appareils servant à nettoyer ou à sécher les bouteilles ou autres récipients,5.0,18.0,26.58
8422300000,"- Machines et appareils à remplir...bouteilles ou aut. contenants, à capsuler les bouteilles ou contenants anal. ou à gazéifier les boissons",5.0,18.0,26.58
8422400000,"- Autres machines et appareils à empaqueter, à emballer les marchandises (y compris ceux à emballer sous film thermorétractable)",5.0,18.0,26.58
8422900000,- Parties des macchines et appareils  du n° 84.22,5.0,18.0,26.58
8423100000,"- Pèse-personnes, y compris les pèse-bébés; balances de ménage",5.0,18.0,26.58
8423200000,- Bascules à pesage continu sur transporteurs,5.0,18.0,26.58
8423300000,- Bascules à pesées constantes et balances et bascules ensacheuses ou doseuses,5.0,18.0,26.58
8423810000,-- Autres appareils et instruments de pesage d'une portée n'excédant pas 30 kg,5.0,18.0,26.58
8423820000,-- Autres appareils et instruments de pesage d'une portée excédant 30 kg mais n'excédant pas 5.000 kg,5.0,18.0,26.58
8423890000,-- Autres appareils et instruments de pesage du n° 84.23,5.0,18.0,26.58
8423900000,- Poids pour toutes balances; parties d'appareils ou instruments de pesage,5.0,18.0,26.58
8424100000,"- Extincteurs, même chargés",5.0,18.0,26.58
8424200000,- Pistolets aérographes et appareils similaires,10.0,18.0,32.48
8424300000,"- Machines et appareils à jet de sable, à jet de vapeur et appareils à jet similaires",10.0,18.0,32.48
8424410000,-- Pulvérisateurs portables pour l'agriculture ou l'horticulture,5.0,18.0,26.58
8424490000,"-- Pulvérisateurs, autres que portables, pour l'agriculture ou l'horticulture",5.0,18.0,26.58
8424820000,"-- Appareils mécaniques (même à main) à projeter ou disperser  des matières liquides ou en poudre,  pour l'agriculture ou l'horticulture",5.0,18.0,26.58
8424890000,"-- Appareils mécaniques (même à main) à projeter, disperser  ou pulvériser des matières liquides ou en poudre autr. que  pr l'agriculture …",5.0,18.0,26.58
8424900000,- Parties des appareils du n° 84.24,5.0,18.0,26.58
8425110000,-- Palans à moteur électrique,5.0,18.0,26.58
8425190000,-- Palans autres qu'à moteur électrique,5.0,18.0,26.58
8425310000,"-- Treuils et cabestans, à moteur  électrique",5.0,18.0,26.58
8425390000,"-- Treuils et cabestans, autres qu'à moteur électrique",5.0,18.0,26.58
8425410000,-- Crics et vérins élévateurs fixes de voitures pour garages,5.0,18.0,26.58
8425420000,"-- Autres crics et vérins, hydrauliques",5.0,18.0,26.58
8425490000,"-- Crics et vérins, à l'exclusion des élévateurs fixes de voitures pour garages, et des hydrauliques",5.0,18.0,26.58
8426110000,"-- Ponts roulants et poutres roulantes, sur supports fixes",5.0,18.0,26.58
8426120000,-- Portiques mobiles sur pneumatiques et chariots-cavaliers,5.0,18.0,26.58
8502209000,-- Groupes électrogènes à moteur à piston à allumage par étincelles (moteurs à explosion) autres que  pour l'?industrie du montage,5.0,18.0,26.58
8502310000,-- Groupes électrogènes à énergie éolienne,5.0,18.0,26.58
8502391000,--- Groupes électrogènes à énergie solaire,5.0,18.0,26.58
8502392000,--- Groupes électrogènes à gaz,5.0,18.0,26.58
8502399000,"--- Autres groupes électrogènes, du n° 85.02",5.0,18.0,26.58
8502400000,- Convertisseurs rotatifs électriques,5.0,18.0,26.58
8503000000,Parties reconnaissables comme étant exclusivement ou principalement destinées aux machines des n°s 85.01 ou 85.02.,5.0,18.0,26.58
8504100000,- Ballasts pour lampes ou tubes à décharge,5.0,18.0,26.58
8504210000,-- Transformateurs à diélectrique liquide d'une puissance n'excédant pas 650 kVA,5.0,18.0,26.58
8504220000,-- Transformateurs à diélectrique liquide d'une puissance excédant 650 kVA mais n'excédant pas 10.000 kVA,5.0,18.0,26.58
8504230000,-- Transformateurs à diélectrique liquide d'une puissance excédant 10.000 kVA,5.0,18.0,26.58
8504310000,-- Transformateurs (autres qu'à dielectrique liquide) d'une puissance n'excédant pas 1 kVA,5.0,18.0,26.58
8504320000,-- Transformateurs (autres qu'à dielectrique liquide) d'une puissance excédant 1 kVA mais n'excédant pas 16 kVA,5.0,18.0,26.58
8504330000,-- Transformateurs (autres qu'à dielectrique liquide) d'une puissance excédant 16 kVA mais n'excédant pas 500 kVA,5.0,18.0,26.58
8504340000,-- Transformateurs (autres qu'à dielectrique liquide) d'une puissance excédant 500 kVA,5.0,18.0,26.58
8504401000,-- Onduleurs,5.0,18.0,26.58
8504402000,-- Chargeurs de batteries,5.0,18.0,26.58
8504409000,-- Convertisseurs statiques à l'exclusion des onduleurs et des chargeurs de batteries,5.0,18.0,26.58
8504501000,--  Bobines de réactance,5.0,18.0,26.58
8504509000,-- Selfs,5.0,18.0,26.58
8504900000,"- Parties de transformateurs électriques, de convertisseurs électriques statiques (redresseurs, par exemple), bobines de réactances et selfs",5.0,18.0,26.58
8505110000,-- Aimants permanants  et articles destinés à devenir des aimants permanants après aimantation en métal,5.0,18.0,26.58
8505190000,-- Aimants permanants  et articles destinés à devenir des aimants permanants après aimantation autres qu'en métal,5.0,18.0,26.58
8505201000,"-- Accouplements, embrayages, variateurs de vitesse et freins électromagnétiques pour véhicules automobiles",10.0,18.0,32.48
8505209000,"-- Accouplements, embrayages, variateurs de vitesse et freins électromagnétiques autres que pour véhicules automobiles",10.0,18.0,32.48
8505900000,- Elètro-aimants; plateaux…électromagnetiques similaires de fixation; têtes de levage électromagnétiques; parties des articles du n° 85.05,10.0,18.0,32.48
8506101000,"-- Piles et batteries de piles électriques au bioxyde de maganèse, de type R20",20.0,18.0,44.28
8506109000,"-- Piles et batteries de piles électriques au bioxyde de maganèse, autres que de type R20",20.0,18.0,44.28
7018100000,"- Perles de verre, imitations de perles fines ou de culture, de pierres gemmes et articles similaires de verroterie",20.0,18.0,44.28
7018200000,- Microsphères de verre d'un diamètre n'excédant pas 1 mm,20.0,18.0,44.28
7018900000,"- Yeux en verre autres que de prothèse; ouvrages des articles de verroterie, objets d'ornementation... autres que la bijouterie de fantaisie",20.0,18.0,44.28
7019110000,"-- Fils coupés (chopped strands), d'une longueur n'excédant pas 50 mm, en fibres de verre (y compris la laine de verre)",10.0,18.0,32.48
7019120000,-- Stratifils (rovings) en fibres de verre (y compris la laine de verre),10.0,18.0,32.48
7019190000,-- Mèches et fils coupés (à l'exclusion des fils d'une longueur n'excèdant pas 50mm) ou non en fibres de verre (y compris la laine de verre),10.0,18.0,32.48
7019310000,-- Mats en fibres de verre (y compris la laine de verre),20.0,18.0,44.28
7019320000,-- Voiles en fibres de verre (y compris la laine de verre),20.0,18.0,44.28
7019390000,"-- Nappes, matelas, panneaux et produits similaires non tissés, en fibres de verre (y compris la laine de verre)",20.0,18.0,44.28
7019400000,- Tissus de stratifils (rovings) en fibre de verre (y compris la laine de verre),20.0,18.0,44.28
7019510000,"-- Tissus en fibres de verre (y compris la laine de verre), autres que de stratifils (rovings), d'une largeur n'excédant pas 30 cm",20.0,18.0,44.28
7019520000,"-- Tissus en fibres de verre (y compris la laine de verre), aut. que de stratifils, largeur excédant 30cm, à armure toile, poids inférieur…",20.0,18.0,44.28
7019590000,"-- Autres tissus en fibre de verre (y compris la laine de verre), du n° 70.19",20.0,18.0,44.28
7019900000,- Fibres de verre (y compris la laine de verre) et autres ouvrages en ces matières,20.0,18.0,44.28
7020001000,- Flotteurs pour filets de pêche en verre,5.0,18.0,44.28
7020009000,- Autres ouvrages en verre à l'exclusion des flotteurs pour filets de pêche,20.0,18.0,44.28
7101100000,"- Perles fines, même travaillées ou assorties mais non enfilées, ni montées ni serties; perles fines enfilées temporairement pour …transport",5.0,18.0,26.58
7101210000,"-- Perles brutes de culture, non enfilées, ni montées ni serties; perles brutes de culture, enfilées temporairement pour ...du transport",5.0,18.0,26.58
7101220000,"-- Perles de culture travaillées, même assorties mais non enfilées, ni montées ni..; perles de culture travaillées, enfilées temporairement…",10.0,18.0,32.48
7102100000,"- Diamants non triés, non montés ni sertis",5.0,18.0,26.58
7102210000,"-- Diamants industriels, bruts ou simplement sciés, clivés ou débrutés, mais non montés ni sertis",5.0,18.0,26.58
7102290000,"-- Diamants industriels, travaillés, autres que simplement sciés, clivés ou débrutés, mais non montés ni sertis",10.0,18.0,32.48
7102310000,"-- Diamants non industriels, bruts ou simplement sciés, clivés ou débrutés, mais non montés ni sertis",5.0,18.0,26.58
7102390000,"-- Diamants non industriels, travaillés, autres que simplement sciés, clivés ou débrutés, mais non montés ni sertis",10.0,18.0,32.48
7103100000,"- Pierres gemmes aut. que les diamants, brutes ou simplement sciées ou dégrossies, assorties mais non enfilées...non assorties mais enfilées",5.0,18.0,26.58
7103910000,"-- Rubis, saphirs et émeraudes travaillés autres que simplement sciés ou dégrossis, assortis mais non enfilés...non assortis mais enfilés",10.0,18.0,32.48
7103990000,"-- Autres pierres gemmes (precieuses ou fines) autres que les diamants, autrement travaillées, du n° 71.03",10.0,18.0,32.48
7409190000,"-- Tôles et bandes en cuivre affiné, d'une épaisseur excédant 0,15 mm, autres qu'enroulées",10.0,18.0,32.48
7409210000,"-- Tôles et bandes en alliages à base de cuivre-zinc (laiton), d'une épaisseur excédant 0,15 mm, enroulées",10.0,18.0,32.48
7409290000,"-- Tôles et bandes en alliages à base de cuivre-zinc (laiton), d'une épaisseur excédant 0,15 mm, autres qu'enroulées",10.0,18.0,32.48
7409310000,"-- Tôles et bandes en alliages à base de cuivre-étain (bronze), d'une épaisseur excédant 0,15 mm, enroulées",10.0,18.0,32.48
7409390000,"-- Tôles et bandes en alliages à base de cuivre-étain (bronze), d'une épaisseur excédant 0,15 mm, autres qu'enroulées",10.0,18.0,32.48
7409400000,"- Tôles et bandes en alliages à base de cuivre-nickel (cupronickel) ou de cuivre-nickel-zinc (maillechort), d'une épaisseur excédant 0,15 mm",10.0,18.0,32.48
7409900000,"- Tôles et bandes en autres alliages de cuivre, d'une épaisseur excédant 0,15 mm, du n°74.09",10.0,18.0,32.48
7410110000,"-- Feuilles et bandes minces en cuivre affiné, d'une épaisseur n'excédant pas 0,15 mm, sans support",10.0,18.0,32.48
7410120000,"-- Feuilles et bandes minces en alliages de cuivre, d'une épaisseur n'excédant pas 0,15 mm, sans support",10.0,18.0,32.48
7410210000,"-- Feuilles et bandes minces en cuivre affiné, d'une épaisseur n'excédant pas 0,15 mm (support non compris), sur support",10.0,18.0,32.48
7410220000,"-- Feuilles et bandes minces en alliages de cuivre, d'une épaisseur n'excédant pas 0,15 mm (support non compris), sur support",10.0,18.0,32.48
7411100000,"- Tubes et tuyaux, en cuivre affiné",20.0,18.0,44.28
7411210000,--Tubes et tuyaux en alliages de cuivre à base de cuivre-zinc (laiton),20.0,18.0,44.28
7411220000,-- Tubes et tuyaux en alliages de cuivre à base de cuivre-nickel (cupronickel) ou de cuivre-nickel-zinc (maillechort),20.0,18.0,44.28
7411290000,"-- Autres tubes et tuyaux en alliages de cuivre, du n° 74.11",20.0,18.0,44.28
7412100000,"- Accessoires de tuyauterie (raccords, coudes, manchons, par exemple), en cuivre affiné",20.0,18.0,44.28
7412200000,"- Accessoires de tuyauterie (raccords, coudes, manchons, par exemple), en alliages de cuivre",20.0,18.0,44.28
7413000000,"Torons, câbles, tresses et articles similaires, en cuivre, non isolés pour l'électricité.",20.0,18.0,44.28
7415100000,"- Pointes et clous, punaises, crampons appointés et articles similaires, en cuivre ou avec tige en fer ou en acier et tête en cuivre",20.0,18.0,44.28
7415210000,"-- Rondelles (y compris les rondelles destinées à faire ressort), en cuivre",20.0,18.0,44.28
7415290000,"-- Articles non filetés en cuivre, autres que les rondelles",20.0,18.0,44.28
7415330000,-- Vis en cuivre; boulons et écrous en cuivre,20.0,18.0,44.28
7415390000,"-- Articles filetés en cuivre, autres que vis, boulons et écrous",20.0,18.0,44.28
7418100000,"- Articles de ménage ou d'éco. domestique et parties, éponges, torchons, gants et articles simil. pr le récurage...usages analog., en cuivre",20.0,18.0,44.28
7418200000,"- Articles d'hygiène ou de toilette et leurs parties, en cuivre",20.0,18.0,44.28
7419100000,"- Chaînes, chaînettes et leurs parties, en cuivre",20.0,18.0,44.28
8426190000,"-- Ponts-grues et autres ponts roulants, poutres roulantes et portiques",5.0,18.0,26.58
8426200000,- Grues à tour,5.0,18.0,26.58
8426300000,- Grues sur portiques,5.0,18.0,26.58
8426410000,"-- Autres machines et appareils, autopropulsés sur pneumatiques",5.0,18.0,26.58
8426490000,-- Machines et appareils autopropulsés autres que ceux sur pneumatiques,5.0,18.0,26.58
8426910000,-- Autres machines et appareils conçus pour être montés sur un véhicule routier,5.0,18.0,26.58
8426990000,"-- Bigues, blondins et chariots-grues",5.0,18.0,26.58
8427100000,- Chariots autopropulsés à moteur électrique,5.0,18.0,26.58
8427200000,"- Chariots autopropulsés, autres qu'à moteur électrique",5.0,18.0,26.58
8427900000,"- Chariots-gerbeurs et autres chariots de manutention munis d'un dispositif de levage, à l'exclusion des chariots autopropulsés",5.0,18.0,26.58
8428100000,- Ascenseurs et monte-charge,5.0,18.0,26.58
8428200000,"- Appareils élévateurs ou transporteurs, pneumatiques",5.0,18.0,26.58
8428310000,"-- Autres appareils élévateurs, transporteurs ou...à action continue,pr marchandises, conçus pr mines au fond ou pr aut. travaux souterrains",5.0,18.0,26.58
8428320000,"-- Autres appareils élévateurs, transporteurs ou convoyeurs, à action continue, pour marchandises, à benne",5.0,18.0,26.58
8428330000,"-- Autres appareils élévateurs, transporteurs ou convoyeurs, à action continue, pour marchandises, à bande ou à courroie",5.0,18.0,26.58
8428390000,"-- Autres appareils élévateurs, transporteurs ou convoyeurs à action continue, pour marchandises, du n° 84.28",5.0,18.0,26.58
8428400000,- Escaliers mécaniques et trottoirs roulants,5.0,18.0,26.58
8428600000,- Téléphériques (y compris les télésièges et remonte-pentes); mécanismes de traction pour funiculaires,5.0,18.0,26.58
8428900000,"- Autres machines et appareils de levage, de chargement, de déchargement ou de manutention, du n° 84.28",5.0,18.0,26.58
8429110000,"-- Bouteurs (bulldozers) et bouteurs biais (angledozers), à chenilles, autopropulsés",5.0,18.0,26.58
8429190000,"-- Bouteurs (bulldozers) et bouteurs biais (angledozers), autres qu'à chenilles, autopropulsés",5.0,18.0,26.58
8429200000,"- Niveleuses, autopropulsées",5.0,18.0,26.58
8429300000,"- Décapeuses (scrapers), autopropulsés",5.0,18.0,26.58
8429400000,"- Compacteuses et rouleaux compresseurs, autopropulsés",5.0,18.0,26.58
8429510000,"-- Chargeuses et chargeuses-pelleteuses à chargement frontal, autopropulsés",5.0,18.0,26.58
8429520000,"-- Engins dont la superstructure peut effectuer une rotation de 360°, autopropulsés",5.0,18.0,26.58
8429590000,"-- Pelles mécaniques, excavateurs et autres chargeuses et chargeuses-pelleteuses, autopropulsés",5.0,18.0,26.58
8430100000,- Sonnettes de battage et machines pour l'arrachage des pieux,5.0,18.0,26.58
8430200000,- Chasse-neige,5.0,18.0,26.58
3303001000,- Parfums liquides contenant de l'alcool,20.0,18.0,44.28
6202930000,"-- Anoraks, blousons et articles similaires de fibres syntétiques ou artificielles, pour femmes ou fillettes, sauf articles du n° 62.04",20.0,18.0,44.28
6202990000,"-- Anoraks, blousons et articles similaires d'autres matières textiles, pour femmes ou fillettes, à l'exclusion des articles du n° 62.04",20.0,18.0,44.28
6203110000,"-- Costumes ou complets de laine ou de poils fins, pour hommes ou garçonnets",20.0,18.0,44.28
6203120000,"-- Costumes ou complets de fibres synthétiques, pour hommes ou garçonnets",20.0,18.0,44.28
6203190000,"-- Costumes ou complets d'autres matières textiles, pour hommes ou garçonnets",20.0,18.0,44.28
6203220000,-- Ensembles de coton pour hommes ou garçonnets,20.0,18.0,44.28
6203230000,-- Ensembles de fibres synthétiques  pour hommes ou garçonnets,20.0,18.0,44.28
6203290000,-- Ensembles d'autres matières textiles pour hommes ou garçonnets,20.0,18.0,44.28
6203310000,-- Vestons de laine ou de poils fins pour hommes ou garçonnets,20.0,18.0,44.28
6203320000,-- Vestons de coton pour hommes ou garçonnets,20.0,18.0,44.28
6203330000,-- Vestons de fibres synthétiques  pour hommes ou garçonnets,20.0,18.0,44.28
6203390000,-- Vestons d'autres matières textiles pour hommes ou garçonnets,20.0,18.0,44.28
6203410000,"-- Pantalons, salopettes à bretelles, culottes et shorts (autres que pour le bain), de laine ou de poils fins, pour hommes ou garçonnets",20.0,18.0,44.28
6203420000,"-- Pantalons, salopettes à bretelles, culottes et shorts (autres que pour le bain), de coton, pour hommes ou garçonnets",20.0,18.0,44.28
6203430000,"-- Pantalons, salopettes à bretelles, culottes et shorts (autres que pour le bain), de fibres synthétiques, pour hommes ou garçonnets",20.0,18.0,44.28
6203490000,"-- Pantalons, salopettes à bretelles, culottes et shorts (autres que pour le bain), d'autres matières textiles, pour hommes ou garçonnets",20.0,18.0,44.28
6204110000,-- Costumes tailleurs de laine ou de poils fins pour femmes ou fillettes,20.0,18.0,44.28
6204120000,-- Costumes tailleurs de coton pour femmes ou fillettes,20.0,18.0,44.28
6204130000,-- Costumes tailleurs de fibres synthétiques pour femmes ou fillettes,20.0,18.0,44.28
6204190000,-- Costumes tailleurs d'autres matières textiles pour femmes ou fillettes,20.0,18.0,44.28
6204210000,-- Ensembles de laine ou de poils fins pour femmes ou fillettes,20.0,18.0,44.28
6204220000,-- Ensembles de coton pour femmes ou fillettes,20.0,18.0,44.28
6204230000,-- Ensembles de fibres synthétiques pour femmes ou fillettes,20.0,18.0,44.28
6204290000,-- Ensembles d'autres matières textiles pour femmes ou fillettes,20.0,18.0,44.28
6204310000,"-- Vestes de laine ou de poils fins, pour femmes ou fillettes",20.0,18.0,44.28
6204320000,"-- Vestes de coton, pour femmes ou fillettes",20.0,18.0,44.28
7104100000,"- Quartz piézo-électrique, même travaillé, assorti mais non enfilé, ni monté, ni serti ou non assorti mais enfilé temporairement …transport",5.0,18.0,26.58
7104200000,"- Pierres synthétiques ou reconstituées (sauf quartz piézo-électrique),brutes ou simplement sciées ou dégrossies, assorties, non enfilées...",5.0,18.0,26.58
7104900000,"- Autres pierres synthétiques ou reconstituées, autrement travaillées, du n° 71.04",5.0,18.0,26.58
7105100000,- Egrisés et poudres de diamants,5.0,18.0,26.58
7105900000,- Egrisés et poudres de pierres gemmes ou de pierres synthétiques autres que de diamants,5.0,18.0,26.58
7106100000,"- Argent (y compris l'argent doré ou vermeil et l'argent platiné), en poudre",5.0,18.0,7.5
7106910000,"-- Argent (y compris l'argent doré ou vermeil et l'argent platiné), sous formes brutes",5.0,18.0,7.5
7106920000,"-- Argent (y compris l'argent doré ou vermeil et l'argent platiné), sous formes mi-ouvrées",10.0,18.0,12.5
7107000000,"Plaqués ou doublés d'argent sur métaux communs, sous formes brutes ou mi-ouvrées.",10.0,18.0,12.5
7108110000,"-- Or (y compris l'or platiné) en poudre, à usages non monétaires",5.0,18.0,7.5
7108120000,"-- Or (y compris l'or platiné) sous formes brutes, à usages non monétaires",5.0,18.0,7.5
7108131000,"--- Or (y compris l'or platiné) sous formes de lingots d?or, à usages non monétaires",10.0,18.0,12.5
7108139000,"--- Or (y compris l'or platiné) sous formes mi-ouvrées autres que de lingots d'or, à usages non monétaires",10.0,18.0,12.5
7108200000,"- Or (y compris l'or platiné) sous formes brutes ou mi-ouvrées, ou en poudre, à usage monétaire",10.0,18.0,12.5
7109000000,"Plaqués ou doublés d'or sur métaux communs ou sur argent, sous formes brutes ou mi-ouvrées.",10.0,18.0,32.48
7110110000,-- Platine sous formes brutes ou en poudre,5.0,18.0,26.58
7110190000,-- Platine sous formes mi-ouvrées,10.0,18.0,32.48
7110210000,-- Palladium sous formes brutes ou en poudre,5.0,18.0,26.58
7110290000,-- Palladium sous formes mi-ouvrées,10.0,18.0,32.48
7110310000,-- Rhodium sous formes brutes ou en poudre,5.0,18.0,26.58
7110390000,-- Rhodium sous formes mi-ouvrées,10.0,18.0,32.48
7110410000,"-- Iridium, osmium et ruthénium sous formes brutes ou en poudre",5.0,18.0,26.58
7110490000,"-- Iridium, osmium et ruthénium sous formes mi-ouvrées",10.0,18.0,32.48
7111000000,"Plaqués ou doublés de platine sur métaux communs, sur argent ou sur or, sous formes brutes ou mi-ouvrées.",10.0,18.0,32.48
7112300000,"- Cendres contenant des métaux précieux ou des composés de métaux précieux, à l?'exclusion des cendres d?orfèvre",10.0,18.0,32.48
7112910000,"-- Déchets et débris d'or, même de plaqué ou doublé d'or, à l'exclusion des cendres d'orfèvre contenant d'autres métaux précieux",10.0,18.0,32.48
7112920000,"-- Déchets et débris de platine, même de plaqué ou doublé de platine, à l'exclusion des cendres d'orfèvre contenant d'autres métaux précieux",10.0,18.0,32.48
7112990000,"-- Autres déchets et débris de métaux précieux ou de plaqué ou de doublé de métaux précieux, autres déchets et débris contenant…, du n°71.12",10.0,18.0,32.48
7419910000,"-- Autres ouvrages en cuivre, coulés, moulés, estampés ou forgés, mais non autrement travaillés",20.0,18.0,44.28
7419991000,"--- Réservoirs, cuves et autres récipients, en cuivre",20.0,18.0,44.28
7419992000,"--- Accessoires pour lignes de transport d'énergie électrique, en cuivre",20.0,18.0,44.28
7419999000,"--- Autres ouvrages en cuivre, du n° 74.19",20.0,18.0,44.28
7501100000,- Mattes de nickel,5.0,18.0,26.58
7501200000,- «Sinters» d'oxydes de nickel et autres produits intermédiaires de la métallurgie du nickel,5.0,18.0,26.58
7502100000,- Nickel non allié sous forme brute,5.0,18.0,26.58
7502200000,- Alliages de nickel sous forme brute,5.0,18.0,26.58
7503000000,Déchets et débris de nickel.,5.0,18.0,26.58
7504000000,Poudres et paillettes de nickel.,5.0,18.0,26.58
7505110000,-- Barres et profilés en nickel non allié,20.0,18.0,44.28
7505120000,-- Barres et profilés en alliages de nickel,20.0,18.0,44.28
7505210000,-- Fils en nickel non allié,10.0,18.0,32.48
7505220000,-- Fils en alliages de nickel,10.0,18.0,32.48
7506100000,"- Tôles, bandes et feuilles en nickel non allié",10.0,18.0,32.48
7506200000,"- Tôles, bandes et feuilles en alliages de nickel",10.0,18.0,32.48
7507110000,-- Tubes et tuyaux en nickel non allié,20.0,18.0,44.28
7507120000,-- Tubes et tuyaux en alliages de nickel,20.0,18.0,44.28
7507200000,"- Accessoires de tuyauterie (raccords, coudes, manchons, par exemple), en nickel",20.0,18.0,44.28
7508100000,"- Toiles métalliques et grillages, en fils de nickel",20.0,18.0,44.28
7508901000,"-- Cadres et circonférences utilisés pour l'impression du textile, en nickel",10.0,18.0,32.48
7508909000,-- Autres ouvrages en nickel du n° 75.08,20.0,18.0,44.28
7601100000,- Aluminium non allié sous forme brute,5.0,18.0,26.58
7601200000,- Alliages d'aluminium sous forme brute,5.0,18.0,26.58
7602000000,Déchets et débris d'aluminium.,5.0,18.0,26.58
7603100000,- Poudres d'aluminium à structure non lamellaire,5.0,18.0,26.58
7603200000,- Poudres d'aluminium à structure lamellaire; paillettes d'aluminium,5.0,18.0,26.58
7604100000,- Barres et profilés en aluminium non allié,10.0,18.0,32.48
7604210000,-- Profilés creux en alliages d'aluminium,10.0,18.0,32.48
7604290000,-- Barres et profilés (sauf profilés creux) en alliages d'aluminium,10.0,18.0,32.48
7605110000,(--) Fils en aluminium non allié dont la plus grande dimension de la section transversale excède 7 mm,5.0,18.0,26.58
7605190000,(--) Fils en aluminium non allié autres que ceux dont la plus grande dimension de la section transversale excède 7 mm,10.0,18.0,32.48
7605210000,(--) Fils en alliage d'aluminium non allié dont la plus grande dimension de la section transversale excède 7 mm,10.0,18.0,32.48
8430310000,"-- Haveuses, abatteuses et machines à creuser les tunnels ou les galeries, autopropulsées",5.0,18.0,26.58
8430390000,"-- Haveuses, abatteuses et machines à creuser les tunnels ou les galeries, autres qu'autopropulsées",5.0,18.0,26.58
8430410000,"-- Machines de sondage ou de forage, autopropulsées",5.0,18.0,26.58
8430490000,"-- Machines de sondage ou de forage, autres qu'autopropulsées",5.0,18.0,26.58
8430500000,"- Autres machines et appareils, autopropulsés, du n° 84.30",5.0,18.0,26.58
8430610000,"-- Machines et appareils à tasser ou à compacter, non autopropulsés",5.0,18.0,26.58
8430690000,"-- Machines et appareils non autopropulsés, autres qu' à tasser ou à compacter, du n° 84.30",5.0,18.0,26.58
8431100000,- Parties reconnaissables comme étant exclusivement ou principalement destinées aux machines ou appareils du n° 84.25,5.0,18.0,26.58
8431200000,- Parties reconnaissables comme étant exclusivement ou principalement destinées aux  machines ou appareils du n° 84.27,5.0,18.0,26.58
8431310000,"-- Parties d'ascenseurs, monte-charge ou escaliers mécaniques du n° 84.28",5.0,18.0,26.58
8431390000,"-- Parties de machines ou d'appareils du n° 84.28 autres que parties d'ascenseurs, monte-charge ou escaliers mécaniques",5.0,18.0,26.58
8431410000,"-- Godets, bennes, bennes-preneuses, pelles, grappins et pinces",5.0,18.0,26.58
8431420000,-- Lames de bouteurs (bulldozers) ou de bouteurs biais (angledozers),5.0,18.0,26.58
8431430000,-- Parties de machines de sondage ou de forage des n°s 8430.41 ou 8430.49,5.0,18.0,26.58
8431490000,"-- Autres parties de machines et d'appareils des n°s 84.26, 84.29 ou 84.30",5.0,18.0,26.58
8432100000,- Charrues,10.0,18.0,32.48
8432210000,-- Herses à disques (pulvériseurs),5.0,18.0,7.5
8432290000,"-- Scarificateurs, cultivateurs, extirpateurs, houes, sarcleuses, bineuses et autres herses",10.0,18.0,32.48
8432310000,"-- Semoirs, plantoirs et repiqueurs, sans labour",10.0,18.0,12.5
8432390000,"-- Semoirs, plantoirs et repiqueurs, avec labour",10.0,18.0,12.5
8432410000,-- Epandeurs de fumier,5.0,18.0,26.58
8432420000,-- Distributeurs d'engrais,5.0,18.0,26.58
8432800000,"- Autres machines, appareils et engins agricoles, horticoles ou sylvicoles ...ou pour la culture; rouleaux pour pelouses ou terrain de sport",5.0,18.0,26.58
8432900000,"- Parties de machines, appareils et engins agricoles, horticoles ou sylvicoles et rouleaux pour pelouses ou terrain  de sport, du n° 84.32",5.0,18.0,26.58
8433110000,"-- Tondeuses à gazon à  moteur, dont le dispositif de coupe tourne dans un plan horizontal",5.0,18.0,26.58
8433190000,-- Tondeuses à gazon autres qu'à  moteur dont le dispositif de coupe tourne dans un plan horizontal,5.0,18.0,26.58
8433200000,"- Faucheuses, y compris les barres de coupe à monter sur tracteur",5.0,18.0,26.58
8433300000,- Autres machines et appareils de fenaison,5.0,18.0,26.58
8433400000,"- Presses à paille ou à fourrage, y compris les presses ramasseuses",5.0,18.0,26.58
6204330000,"-- Vestes de fibres synthétiques, pour femmes ou fillettes",20.0,18.0,44.28
6204390000,"-- Vestes d'autres matières textiles, pour femmes ou fillettes",20.0,18.0,44.28
6204410000,-- Robes de laine ou de poils fins pour femmes ou fillettes,20.0,18.0,44.28
6204420000,-- Robes de coton  pour femmes ou fillettes,20.0,18.0,44.28
6204430000,-- Robes de fibres synthétiques pour femmes ou fillettes,20.0,18.0,44.28
6204440000,-- Robes de fibres artificielles pour femmes ou fillettes,20.0,18.0,44.28
6204490000,-- Robes d'autres matières textiles pour femmes ou fillettes,20.0,18.0,44.28
6204510000,"-- Jupes et jupes-culottes de laine ou de poils fins, pour femmes ou fillettes",20.0,18.0,44.28
6204520000,"-- Jupes et jupes-culottes de coton, pour femmes ou fillettes",20.0,18.0,44.28
6204530000,"-- Jupes et jupes-culottes de fibres synthétiques, pour femmes ou fillettes",20.0,18.0,44.28
6204590000,"-- Jupes et jupes-culottes d'autres matières textiles, pour femmes ou fillettes",20.0,18.0,44.28
6204610000,"-- Pantalons, salopettes à bretelles, culottes et shorts (autres que pour le bain), de laine ou de poils fins, pour femmes ou fillettes",20.0,18.0,44.28
6204620000,"-- Pantalons, salopettes à bretelles, culottes et shorts (autres que pour le bain), de coton, pour femmes ou fillettes",20.0,18.0,44.28
6204630000,"-- Pantalons, salopettes à bretelles, culottes et shorts (autres que pour le bain), de fibres synthétiques, pour femmes ou fillettes",20.0,18.0,44.28
6204690000,"-- Pantalons, salopettes à bretelles, culottes et shorts (autres que pour le bain), d'autres matières textiles, pour femmes ou fillettes",20.0,18.0,44.28
6205200000,"- Chemises et chemisettes de coton, pour hommes ou garçonnets",20.0,18.0,44.28
6205300000,"- Chemises et chemisettes de fibres synthétiques ou artificielles, pour hommes ou garçonnets",20.0,18.0,44.28
6205900000,"- Chemises et chemisettes d'autres matières textiles, pour hommes ou garçonnets",20.0,18.0,44.28
6206100000,"- Chemisiers, blouses, blouses-chemisiers et chemisettes de soie ou de déchets de soie, pour femmes ou fillettes",20.0,18.0,44.28
6206200000,"-Chemisiers, blouses, blouses-chemisiers et chemisettes de laine ou de poils fins, pour femmes ou fillettes",20.0,18.0,44.28
6206300000,"- Chemisiers, blouses, blouses-chemisiers et chemisettes de coton, pour femmes ou fillettes",20.0,18.0,44.28
6206400000,"- Chemisiers, blouses, blouses-chemisiers et chemisettes de fibres synthétiques ou artificielles, pour femmes ou fillettes",20.0,18.0,44.28
6206900000,"- Chemisiers, blouses, blouses-chemisiers et chemisettes d'autres matières textiles, pour femmes ou fillettes",20.0,18.0,44.28
6207110000,"-- Slips, caleçons et articles similaires, de coton, pour hommes ou garçonnets",20.0,18.0,44.28
6207190000,"-- Slips, caleçons et articles similaires, d'autres matières textiles, pour hommes ou garçonnets",20.0,18.0,44.28
6207210000,"-- Chemises de nuits, pyjamas et articles similaires, de coton, pour hommes ou garçonnets",20.0,18.0,44.28
7113110000,"-- Articles de bijouterie ou de joaillerie et leurs parties en argent, même revêtu, plaqué ou doublé d'autres métaux précieux",20.0,18.0,44.28
7113190000,"-- Articles de bijouterie ou de joaillerie et leurs parties, en autres métaux précieux, même revêtus, plaqués ou doublés de métaux précieux",20.0,18.0,44.28
7113200000,- Articles de bijouterie ou de joaillerie et leurs parties en plaqués ou doublés de métaux précieux sur métaux communs,20.0,18.0,44.28
7114110000,"-- Articles d'orfèvrerie et leurs parties en argent, même revêtu, plaqué ou doublé d'autres métaux précieux",20.0,18.0,44.28
7114190000,"-- Articles d'orfèvrerie et leurs parties en métaux précieux (autre qu'en argent), même revêtus, plaqués ou doublés de métaux précieux",20.0,18.0,44.28
7114200000,- Articles d'orfèvrerie et leurs parties en plaqués ou doublés de métaux précieux sur métaux communs,20.0,18.0,44.28
7115100000,- Catalyseurs sous forme de toiles ou de treillis en platine,20.0,18.0,44.28
7115900000,-  Autres ouvrages en métaux précieux (autres que ceux du n° 7115.10) ou en plaqués ou doublés de métaux précieux,20.0,18.0,44.28
7116100000,- Ouvrages en perles fines ou de culture,20.0,18.0,44.28
7116200000,- Ouvrages en pierres gemmes ou en pierres synthétiques ou reconstituées,20.0,18.0,44.28
7117110000,"-- Boutons de manchettes et boutons similaires en métaux communs, même argentés, dorés ou platinés",20.0,18.0,44.28
7117190000,"-- Bijouterie de fantaisie en métaux communs, même argentés, dorés ou platinés, à l'exclusion des boutons de manchettes et similaires",20.0,18.0,44.28
7117900000,"-  Bijouterie de fantaisie autre qu'en métaux communs, argentés, dorés ou platinés",20.0,18.0,44.28
7118100000,"- Monnaies n'ayant pas cours légal, autres que les pièces d'or",20.0,18.0,44.28
7118900000,"- Monnaies ayant cours légal, autres que les pièces d'or",0.0,18.0,2.5
7201100000,"- Fontes brutes non alliées contenant en poids 0,5 % ou moins de phosphore en gueuses, saumons ou autres formes primaires",5.0,18.0,26.58
7201200000,"- Fontes brutes non alliées contenant en poids plus de 0,5 % de phosphore en gueuses, saumons ou autres formes primaires",5.0,18.0,26.58
7201500000,"- Fontes brutes alliées et fontes spiegel, en gueuses, saumons ou autres formes primaires",5.0,18.0,26.58
7202110000,-- Ferromanganèse contenant en poids plus de 2 % de carbone,5.0,18.0,26.58
7202190000,-- Ferromanganèse contenant en poids au plus 2 % de carbone,5.0,18.0,26.58
7202210000,-- Ferrosilicium contenant en poids plus de 55 % de silicium,5.0,18.0,26.58
7202290000,-- Ferrosilicium contenant en poids au plus 55 % de silicium,5.0,18.0,26.58
7202300000,- Ferro-silico-manganèse,5.0,18.0,26.58
7202410000,-- Ferrochrome contenant en poids plus de 4 % de carbone,5.0,18.0,26.58
7202490000,-- Ferrochrome contenant en poids au plus 4 % de carbone,5.0,18.0,26.58
7202500000,- Ferro-silico-chrome,5.0,18.0,26.58
7202600000,- Ferronickel,5.0,18.0,26.58
7202700000,- Ferromolybdène,5.0,18.0,26.58
7605290000,(--) Fils en alliage d'aluminium non allié autres que ceux dont la plus grande dimension de la section transversale excède 7 mm,10.0,18.0,32.48
7606111000,"--- Tôles et bandes en aluminium non allié, d'une épaisseur excédant 0,2 mm, de forme carrée ou rectangulaire, ondulées",20.0,18.0,44.28
7606119000,"--- Tôles et bandes en aluminium non allié, d'une épaisseur excédant 0,2 mm, de forme carrée ou rectangulaire, autres qu'ondulées",5.0,18.0,26.58
7606121000,"--- Tôles et bandes en alliages d'aluminium, d'une épaisseur excédant 0,2 mm, de forme carrée ou rectangulaire, ondulées",20.0,18.0,44.28
7606129000,"--- Tôles et bandes en alliages d'aluminium, d'une épaisseur excédant 0,2 mm, de forme carrée ou rectangulaire, autres qu'ondulées",5.0,18.0,26.58
7606911000,"--- Tôles et bandes en aluminium non allié, d'une épaisseur excédant 0,2 mm, ondulées, autres que de forme carrée ou rectangulaire",20.0,18.0,44.28
7606919100,"---- Tôles et bandes en aluminium non allié, d'épaisseur excédant 0,2 mm, peintes, revêtues ou vernies, aut. qu'ondulées ou de forme carrée…",5.0,18.0,26.58
7606919900,"---- Tôles et bandes en aluminium non allié, d'épaisseur excédant 0,2mm, aut. qu'ondulées ou peintes, revêtues, vernies ou de forme carrée…",5.0,18.0,26.58
7606921000,"--- Tôles et bandes en alliages d'aluminium, d'une épaisseur excédant 0,2 mm, ondulées, autres que de forme carrée ou rectangulaire",20.0,18.0,44.28
7606929100,"---- Tôles et bandes en alliages d'aluminium, d'épaisseur excédant 0,2mm, peintes, revêtues ou vernies, aut. qu'ondulées ou de forme carrée…",5.0,18.0,26.58
7606929900,"---- Autres tôles et bandes en alliages d'aluminium, d'une épaisseur excédant 0,2mm, du n° 76.06",5.0,18.0,26.58
7607110000,"-- Feuilles et bandes minces en aluminium, d'une épaisseur n'excédant pas 0,2 mm, sans support, simplement laminées",10.0,18.0,32.48
7607191000,"--- Feuilles et bandes minces en aluminium, d'une épaisseur n'excédant pas 0,2 mm, sans support, imprimées",10.0,18.0,32.48
7607199000,"--- Feuilles et bandes minces en aluminium, d'une épaisseur n'excédant pas 0,2 mm, sans support, autres que simplement laminées ou imprimées",10.0,18.0,32.48
7607201000,"-- Feuilles et bandes minces en aluminium, d'une épaisseur n'excédant pas 0,2 mm (support non compris), sur support, imprimées",10.0,18.0,32.48
7607209000,"-- Feuilles et bandes minces en aluminium, d'une épaisseur n'excédant pas 0,2 mm (support non compris), sur support, autres qu'imprimées",10.0,18.0,32.48
7608100000,"- Tubes et tuyaux, en aluminium non allié",20.0,18.0,44.28
7608200000,"- Tubes et tuyaux, en alliages d'aluminium",20.0,18.0,44.28
7609000000,"Accessoires de tuyauterie (raccords, coudes, manchons, par exemple), en aluminium.",20.0,18.0,44.28
7610100000,"- Portes, fenêtres et leurs cadres, chambranles et seuils, en aluminium, à l'exception des constructions préfabriquées du n° 94.06",20.0,18.0,44.28
7610900000,"- Autres constructions et leurs parties, articles préparés en vue de leur utilisation dans la construction, en aluminium, du n°76.10",20.0,18.0,44.28
7611000000,"Réservoirs, foudres, cuves et récipients...pour toutes matières (sauf gaz), en aluminium, d'une contenance excédant 300 l, sans dispositifs…",20.0,18.0,26.58
7612100000,"- Etuis tubulaires souples en aluminium, pour toutes matières (sauf gaz), d'une contenance n'excédant pas 300 l, sans dispositif mécanique…",20.0,18.0,44.28
8433510000,-- Moissonneuses-batteuses,5.0,18.0,26.58
8433520000,"-- Machines et appareils pour le battage, autres que les moissonneuses-batteuses",5.0,18.0,26.58
8433530000,-- Machines pour la récolte des racines ou tubercules,5.0,18.0,26.58
8433590000,"-- Machines et appareils pour la récolte, à l'exclusion des machines pour la récolte des racines ou tubercules",5.0,18.0,26.58
8433600000,"- Machines pour le nettoyage ou le triage des ?oeufs, fruits ou autres produits agricoles, autres que les machines et appareils du n° 84.37",5.0,18.0,26.58
8433900000,"- Parties de machines, appareils ou engins du n° 84.33",5.0,18.0,26.58
8434100000,- Machines à traire,5.0,18.0,26.58
8434200000,- Machines et appareils de laiterie,5.0,18.0,26.58
8434900000,- Parties des machines à traire ou machines et appareils de laiterie,5.0,18.0,26.58
8435100000,"- Presses, pressoirs, fouloirs, machines, appareils analogues pour la fabrication du vin, du cidre, des jus de fruit ou boissons similaires",5.0,18.0,26.58
8435900000,"- Parties de presse, pressoir, fouloir, machine, appareils analogues pr la fabrication du vin, cidre, de jus de fruit ou boissons similaires",5.0,18.0,26.58
8436100000,- Machines et appareils pour la préparation des aliments ou provendes pour animaux,5.0,18.0,26.58
8436210000,-- Couveuses et éleveuses,5.0,18.0,26.58
8436290000,-- Machines et appareils pour l'aviculture autres que couveuses et éleveuses,5.0,18.0,26.58
8436800000,"- Autres machines et appareils pour l'agriculture, l'horticulture, la sylviculture, l'apiculture, y compris les germoirs ..., du n° 84.36",5.0,18.0,26.58
8436910000,-- Parties de machines ou appareils d'aviculture,5.0,18.0,26.58
8436990000,-- Parties de machines ou appareils du n° 84.36 autres que les parties de machines ou appareils d'aviculture,5.0,18.0,26.58
8437100000,"- Machines pour le nettoyage, le triage ou le criblage des grains ou des légumes secs",5.0,18.0,26.58
8437800000,- Machines et appareils pour la minoterie ou le traitement des céreales ou légumes secs autres que les machines et appareils du type fermier,5.0,18.0,26.58
8437900000,- Parties des machines et appareils du n° 84.37,5.0,18.0,26.58
8438100000,"- Machines et appareils pour la boulangerie, la pâtisserie, la biscuiterie ou pour la fabrication des pâtes alimentaires",5.0,18.0,26.58
8438200000,- Machines et appareils pour la confiserie ou pour la fabrication du cacao ou du chocolat,5.0,18.0,26.58
8438300000,- Machines et appareils pour la sucrerie,5.0,18.0,26.58
8438400000,- Machines et appareils pour la brasserie,5.0,18.0,26.58
8438500000,- Machines et appareils pour le travail des viandes,5.0,18.0,26.58
8438600000,- Machines et appareils pour la préparation des fruits ou des légumes,5.0,18.0,26.58
8438800000,"- Machines et appareils, NDCA, pour la préparation ou la fabrication industrielle d'aliments ou de boissons, du n°84.38",5.0,18.0,26.58
8438900000,- Parties de machines et appareils du n° 84.38,5.0,18.0,26.58
6207220000,"-- Chemises de nuits, pyjamas et articles similaires, de fibres synthétiques ou artificielles, pour hommes ou garçonnets",20.0,18.0,44.28
6207290000,"-- Chemises de nuits, pyjamas et articles similaires, d'autres matières textiles, pour hommes ou garçonnets",20.0,18.0,44.28
6207910000,"-- Gilets de corps, peignoirs de bain, robes de chambre et articles similaires, de coton, pour hommes ou garçonnets",20.0,18.0,44.28
6207990000,"-- Gilets de corps, peignoirs de bain, robes de chambre et articles similaires, d'autres matières textiles, pour hommes ou garçonnets",20.0,18.0,44.28
6208110000,"-- Combinaison ou fonds de robes, jupons et articles similaires, de  fibres synthétiques ou artificielles, pour femmes ou fillettes",20.0,18.0,44.28
6208190000,"-- Combinaison ou fonds de robes, jupons et articles similaires, d'autres matières textiles, pour femmes ou fillettes",20.0,18.0,44.28
6208210000,"-- Chemises de nuits, pyjamas et articles similaires, de coton, pour femmes ou fillettes",20.0,18.0,44.28
6208220000,"-- Chemises de nuits, pyjamas et articles similaires, de fibres synthétiques ou artificielles, pour femmes ou fillettes",20.0,18.0,44.28
6208290000,"-- Chemises de nuits, pyjamas et articles similaires, d'autres matières textiles, pour femmes ou fillettes",20.0,18.0,44.28
6208910000,"-- Gilets de corps et chemises de jour, slips, déshabillés, peignoirs de bain, robes de chambre et simil.,de coton, pour femmes ou fillettes",20.0,18.0,44.28
6208920000,"-- Gilets de corps et chemises de jour, slips, déshabillés… et articles similaires,de fibres synth. ou artificiel., pour femmes ou fillettes",20.0,18.0,44.28
6208990000,"-- Gilets de corps et chemises de jour, slips, déshabillés... et articles similaires, d'autres matières textiles, pour femmes ou fillettes",20.0,18.0,44.28
6209200000,- Vêtements et accessoirs du vêtement de coton pour bébé,20.0,18.0,44.28
6209300000,- Vêtements et accessoirs du vêtement de fibres synthétiques pour bébé,20.0,18.0,44.28
6209900000,- Vêtements et accessoirs du vêtement d'autres matières textiles pour bébé,20.0,18.0,44.28
6210100000,- Vêtements confectionnés en produits des n°s 56.02 ou 56.03,20.0,18.0,44.28
6210200000,"- Autres vêtements, des types visés dans les n°s 6201.11 à 6201.19, confectionnés en produits des n° 59.03, 59.06 ou 59.07",20.0,18.0,44.28
6210300000,"- Autres vêtements, des types visés dans les n°s 6202.11 à 6202.19, confectionnés en produits des n° 59.03, 59.06 ou 59.07",20.0,18.0,44.28
6210400000,"- Autres vêtements pour hommes ou garçonnets, confectionnés en produits des n° 59.03, 59.06 ou 59.07",20.0,18.0,44.28
6210500000,"- Autres vêtements pour femmes ou fillettes, confectionnés en produits des n° 59.03, 59.06 ou 59.07",20.0,18.0,44.28
6211110000,"-- Maillots, culottes et slips de bain pour hommes ou garçonnets",20.0,18.0,44.28
6211120000,"-- Maillots, culottes et slips de bain  pour femmes ou fillettes",20.0,18.0,44.28
6211200000,- Combinaisons et ensembles de ski,20.0,18.0,44.28
6211320000,-- Autres vêtements de coton pour hommes ou garçonnets,20.0,18.0,44.28
7202800000,- Ferrotungstène et ferro-silico-tungstène,5.0,18.0,26.58
7202910000,-- Ferrotitane et ferro-silico-titane,5.0,18.0,26.58
7202920000,-- Ferrovanadium,5.0,18.0,26.58
7202930000,-- Ferroniobium,5.0,18.0,26.58
7202990000,"-- Autres ferro-alliages, du n° 72.02",5.0,18.0,26.58
7203100000,"- Produits ferreux obtenus par réduction directe des minerais de fer, en morceaux, boullettes ou formes similaires",5.0,18.0,26.58
7203900000,"- Autres produits ferreux spongieux et fer d'une pureté minimale en poids de 99,94 %, en morceaux, boulettes ou formes similaires",5.0,18.0,26.58
7204100000,- Déchets et débris de fonte,5.0,18.0,7.5
7204210000,-- Déchets et débris d'aciers inoxydables,5.0,18.0,7.5
7204290000,-- Déchets et débris d'aciers alliés autres que inoxydables,5.0,18.0,7.5
7204300000,- Déchets et débris de fer ou d'acier étamés,5.0,18.0,7.5
7204410000,"-- Tournures, frisons, copeaux, meulures, sciures, limailles et chutes d'estampage ou de découpage, même en paquets, d'autres fer et acier",5.0,18.0,7.5
7204490000,"-- Autres déchets et débris, du n° 72.04",5.0,18.0,7.5
7204500000,- Déchets lingotés en fer ou en acier,5.0,18.0,26.58
7205100000,"- Grenailles de fonte brute, de fonte spiegel, de fer ou d'acier",5.0,18.0,26.58
7205210000,-- Poudres d'aciers alliés,5.0,18.0,26.58
7205290000,"-- Poudres de fonte brute, de fonte spiegel, de fer ou d'acier autres que d'aciers d'alliés",5.0,18.0,26.58
7206100000,"- Fer et aciers non alliés en lingots, à l'exclusion du fer du n° 72.03",5.0,18.0,26.58
7206900000,"- Fer et aciers non alliés sous formes primaires autres que de lingots, à l'exclusion du fer du n° 72.03",5.0,18.0,26.58
7207110000,"-- Demi-produits en fer ou en aciers non alliés, contenant en poids moins de 0,25 % de carbone, de section transversale carrée ou rectangul…",5.0,18.0,26.58
7207120000,"-- Demi-produits en fer ou en aciers non alliés, contenant en poids moins de 0,25% de carbone, de section transversale rectangul. aut. que…",5.0,18.0,26.58
7207190000,"-- Demi-produits en fer ou en aciers non alliés, contenant en poids moins de 0,25% de carborne, du n° 72.07",5.0,18.0,26.58
7207200000,"- Demi-produits en fer ou en aciers non alliés contenant en poids 0,25 % ou plus de carbone",5.0,18.0,26.58
7208100000,"- Produits laminés plats, en fer ou en aciers non alliés, largeur 600mm ou plus, enroulés, simplement laminés à chaud, avec motifs en relief",5.0,18.0,26.58
7208250000,"-- Produit laminé plat, en fer ou acier non allié, larg. 600mm ou plus, enroulé, simplement laminé à chaud, décapé, épaisseur 4,75mm ou plus",5.0,18.0,26.58
7208260000,"-- Produit laminé plat en fer ou acier non allié, larg.600mm ou plus, enroulé, simpl. laminé à chaud, décapé, épais.de 3mm à moins de 4,75mm",5.0,18.0,26.58
7208270000,"-- Produit laminé plat, en fer ou acier non allié, larg. 600mm ou plus, enroulé, simplement laminé à chaud, décapé, épais. inférieure à 3mm",5.0,18.0,26.58
7208360000,"-- Produit laminé plat, en fer ou acier non allié, largeur 600mm ou plus, enroulé, simplement laminé à chaud, d'une épaisseur excédant 10mm",5.0,18.0,26.58
7612901000,"-- Boîtes  en aluminium, pour toutes matières (sauf gaz), d'une contenance n'excédant pas 300 l, sans dispositifs mécaniques ou thermiques…",10.0,18.0,32.48
7612909000,"-- Autres récipients en aluminium, pour toutes matières (sauf gaz), d'une contenance n'excédant pas 300 l, sans dispositifs ..., du n°76.12",20.0,18.0,44.28
7613000000,Récipients en aluminium pour gaz comprimés ou liquéfiés.,20.0,18.0,26.58
7614100000,"- Torons, câbles, tresses et similaires, en aluminium, non isolés pour l'électricité, avec âme en acier",20.0,18.0,44.28
7614901000,"-- Conducteurs neutres en aluminium munis d'une gaine d'étanchéité en plomb, non isolés pour l'électricité",10.0,18.0,32.48
7614909000,"-- Autres articles en aluminium, non isolés pour l'électricité, du n° 76.14",20.0,18.0,44.28
7615101000,"-- Eponges, torchons, gants et articles similaires pour le récurage, le polissage ou usages analogues, en aluminium",20.0,18.0,44.28
7615109000,"-- Articles de ménage ou d'économie domestique et leurs parties, en aluminium",20.0,18.0,44.28
7615200000,"- Articles d'hygiène ou de toilette et leurs parties, en aluminium",20.0,18.0,44.28
7616100000,"- Pointes, clous, crampons appointés, vis, boulons, écrous, crochets à pas de vis, rivets, goupilles, chevilles, clavettes..., en aluminium",20.0,18.0,44.28
7616910000,"-- Toiles métalliques, grillages et treillis, en fils d'aluminium",20.0,18.0,44.28
7616991000,--- Accessoires pour lignes électriques en aluminim,20.0,18.0,44.28
7616999000,"--- Autres ouvrages en aluminium, du n° 73.16",20.0,18.0,44.28
7801100000,- Plomb affiné sous forme brute,5.0,18.0,26.58
7801910000,"-- Plomb sous forme brute, contenant de l'antimoine comme autre élément prédominant en poids",5.0,18.0,26.58
7801990000,"-- Plomb sous forme brute, autre, du n° 78.01",5.0,18.0,26.58
7802000000,Déchets et débris de plomb.,5.0,18.0,26.58
7804110000,"-- Feuilles et bandes en plomb, d'une épaisseur n'excédant pas 0,2 mm (support non compris)",10.0,18.0,32.48
7804190000,"-- Feuilles et bandes d'une épaisseur excédant 0,2 mm (support non compris), tables, en plomb",10.0,18.0,32.48
7804200000,- Poudres et paillettes de plomb,5.0,18.0,26.58
7806001000,"- Barres, tringles, profilés et fils, en plomb",20.0,18.0,44.28
7806002000,- Lests pour filets de pêche en plomb,5.0,18.0,44.28
7806009000,- Autres ouvrages en plomb du n° 78.06,20.0,18.0,44.28
7901110000,"-- Zinc non allié, sous forme brute, contenant en poids 99,99 % ou plus de zinc",5.0,18.0,26.58
7901120000,"-- Zinc non allié, sous forme brute,contenant en poids moins de 99,99 % de zinc",5.0,18.0,26.58
7901200000,- Alliages de zinc sous forme brute,5.0,18.0,26.58
7902000000,Déchets et débris de zinc.,5.0,18.0,26.58
7903100000,- Poussières de zinc,5.0,18.0,26.58
7903900000,- Poudres et paillettes de zinc,5.0,18.0,26.58
7904000000,"Barres, profilés et fils, en zinc.",20.0,18.0,44.28
7905000000,"Tôles, feuilles et bandes, en zinc.",10.0,18.0,32.48
8439100000,- Machines et appareils pour la fabrication de la pâte de matières fibreuses cellulosiques,5.0,18.0,26.58
8439200000,- Machines et appareils pour la fabrication du papier ou du carton,5.0,18.0,26.58
8439300000,- Machines et appareils pour le finissage du papier ou du carton,5.0,18.0,26.58
8439910000,-- Parties de machines ou appareils pour la fabrication de la pâte de matières fibreuses cellulosiques,5.0,18.0,26.58
8439990000,-- Parties de machines ou appareils pour la fabrication ou le finissage du papier ou du carton,5.0,18.0,26.58
8440100000,"- Machines et appareils pour le brochage ou la réliure, y compris les machines à coudre les feuillets",5.0,18.0,26.58
8440900000,"- Parties de machines ou appareils pour le brochage ou la réliure, y compris les machines à coudre les feuillets",5.0,18.0,26.58
8441100000,- Coupeuses,5.0,18.0,26.58
8441200000,"- Machines pour la fabrication de sacs, sachets ou enveloppes en pâte à papier, papier ou carton",5.0,18.0,26.58
8441300000,"- Machines pour la fabrication de boîtes, caisses...ou contenants similaires en pâte à papier, papier ou carton, autrement que par moulage",5.0,18.0,26.58
8441400000,"- Machines à mouler les articles en pâte à papier, papier ou carton",5.0,18.0,26.58
8441800000,"- Autres machines et appareils pour le travail de la pâte à papier, du papier ou du carton, du n° 84.41",5.0,18.0,26.58
8441900000,- Parties de machines et appareils du n° 84.41,5.0,18.0,26.58
8442300000,"- Machines, appareils et matériels (…) pour la préparation ou la fabrication des clichés, planches, cylindres ou autres organes imprimants",5.0,18.0,26.58
8442400000,"- Parties des machines, appareils ou matériels du n°84.42",5.0,18.0,26.58
8442500000,"- Cliché, planche, cylindre et aut. organes imprimants; pierres lithographiques, planche, plaque et cylindre préparé pour l'impression (...)",5.0,18.0,26.58
8443110000,"-- Machines et appareils à imprimer offset, alimentés en bobines",5.0,18.0,26.58
8443120000,"-- Machine et app. à imprimer offset de bureau, alimenté en feuil un côté n?excède pas 22 cm et l?autr n?excède pas 36 cm, à l?état non plié",5.0,18.0,26.58
8443130000,"-- Autres machines et appareils à imprimer offset, du n° 84.43",5.0,18.0,26.58
8443140000,"-- Machines et appareils à imprimer, typographiques, alimentés en bobines, à l'exclusion des machines et appareils flexographiques",5.0,18.0,26.58
8443150000,"-- Machines et appareils à imprimer, typographiques, aut. qu'?alimentés en bobines, à l'exclusion des machines et appareils flexographiques",5.0,18.0,26.58
8443160000,"-- Machines et appareils à imprimer, flexographiques",5.0,18.0,26.58
8443170000,"-- Machines et appareils à imprimer, héliographiques",5.0,18.0,26.58
8443190000,"-- Autres machines et appareils servant à l'impression au moyen de planches, cylindres et autres organes imprimants du n° 84.42",5.0,18.0,26.58
8443311000,"--- Machines assurant au moins deux des fonctions: impression, copie ou trans. de télécopie, incorporant une fonct. copie, aptes...un réseau",20.0,18.0,44.28
6211330000,-- Autres vêtements de fibres synthétiques ou artificielles pour hommes ou garçonnets,20.0,18.0,44.28
6211390000,-- Autres vêtements d'autres matières textiles pour hommes ou garçonnets,20.0,18.0,44.28
6211420000,-- Autres vêtements de coton pour femmes ou fillettes,20.0,18.0,44.28
6211430000,-- Autres vêtements de fibres synthétiques ou artificielles  pour femmes ou fillettes,20.0,18.0,44.28
6211490000,-- Autres vêtements d'autres matières textiles  pour femmes ou fillettes,20.0,18.0,44.28
6212100000,"- Soutiens-gorge, bustiers et articles similaires et leurs parties, même en bonneterie",20.0,18.0,44.28
6212200000,"- Gaines, gaines-culottes et articles similaires et leurs parties,  même en bonneterie",20.0,18.0,44.28
6212300000,"- Combinés et articles similaires et leurs parties, même en bonneterie",20.0,18.0,44.28
6212900000,"- Corsets, bretelles, jarretelles, jarretières et articles similaires et leurs parties, même en bonneterie",20.0,18.0,44.28
6213200000,- Mouchoirs et pochettes de coton,20.0,18.0,44.28
6213900000,"- Mouchoirs et pochettes d'autres matières textiles, à l'exclusion du coton",20.0,18.0,44.28
6214100000,"- Châles, écharpes, foulards, cache-nez, cache-sol, mantilles, voiles et voilettes et articles similaires, de soie ou de déchets de soie",20.0,18.0,44.28
6214200000,"-Châles, écharpes, foulards, cache-nez, cache-sol, mantilles, voiles et voilettes et articles similaires, de laine ou de poils fins",20.0,18.0,44.28
6214300000,"- Châles, écharpes, foulards, cache-nez, cache-sol, mantilles, voiles et voilettes et articles similaires, de fibres synthétiques",20.0,18.0,44.28
6214400000,"-Châles, écharpes, foulards, cache-nez, cache-sol, mantilles, voiles et voilettes et articles similaires, de fibres artificielles",20.0,18.0,44.28
6214900000,"- Châles, écharpes, foulards, cache-nez, cache-sol, mantilles, voiles et voilettes et articles similaires, d'autres matières textiles",20.0,18.0,44.28
6215100000,"- Cravates, nœuds papillons et foulards cravates de soie ou de déchets de soie",20.0,18.0,44.28
6215200000,"- Cravates, nœuds papillons et foulards cravates de fibres synthétiques ou artificielles",20.0,18.0,44.28
6215900000,"- Cravates, nœuds papillons et foulards cravates d'autres matières textiles",20.0,18.0,44.28
6216000000,"Gants, mitaines et moufles.",20.0,18.0,44.28
6217100000,- Autres accessoires confectionnés du vêtement,20.0,18.0,44.28
6217900000,- Parties de vêtements ou d'accessoirs de vêtements autres que celles du n° 62.12,20.0,18.0,44.28
6301100000,- Couvertures chauffantes électriques,20.0,18.0,44.28
6301200000,- Couvertures (autres que les couvertures chauffantes électriques) de laine ou de poils fins,20.0,18.0,44.28
6301300000,- Couvertures (autres que les couvertures chauffantes électriques) de coton,20.0,18.0,44.28
6301400000,- Couvertures (autres que les couvertures chauffantes électriques) de fibres synthétiques,20.0,18.0,44.28
6301900000,- Autres couvertures du n° 63.01,20.0,18.0,44.28
7208370000,"-- Produit laminé plat, en fer ou acier non allié, largeur 600mm ou plus, enroulé, simplement laminé à chaud, d'épaisseur 4,75mm à 10mm",5.0,18.0,26.58
7208380000,"-- Produit laminé plat, en fer ou acier non allié, larg. 600mm ou plus, enroulé, simplement laminé à chaud, épais. de 3mm à moins de 4,75mm",5.0,18.0,26.58
7208390000,"-- Produit laminé plat, en fer ou acier non allié, largeur 600mm ou plus, enroulé, simplement laminé à chaud, d'épaisseur inférieure à 3mm",5.0,18.0,26.58
7208400000,"- Produit laminé plat, en fer ou en acier non alliés, largeur 600mm ou plus, non enroulé, simplement laminé à chaud, avec motifs en relief",5.0,18.0,26.58
7208510000,"-- Produit laminé plat, en fer ou acier non allié, largeur 600mm ou plus, non enroulé, simplement laminé à chaud, d'une épais. excédant 10mm",5.0,18.0,26.58
7208520000,"-- Produit laminé plat, en fer ou acier non allié, largeur 600mm ou plus, non enroulé, simplement laminé à chaud, épaisseur de 4,75mm à 10mm",5.0,18.0,26.58
7208530000,"-- Produit laminé plat, en fer ou acier non allié, larg. 600mm ou plus, non enroulé, simpl. laminé à chaud, épais. de 10mm à moins de 4,75mm",10.0,18.0,32.48
7208540000,"-- Produit laminé plat, en fer ou acier non allié, largeur 600mm ou plus, non enroulé, simplement laminé à chaud, épaisseur inférieure à 3mm",10.0,18.0,32.48
7208900000,"- Autres produits laminés plats, en fer ou en aciers non alliés, largeur 600mm ou plus, laminés à chaud, non plaqués ni revêtus, du n°72.08",10.0,18.0,32.48
7209150000,"-- Produits laminés plats, en fer ou en aciers non alliés, larg. 600mm ou plus, enroulés, simplement laminés à froid, épais. de 3mm ou plus",5.0,18.0,26.58
7209160000,"-- Produit laminé plat, en fer ou en acier non allié, larg. 600mm ou plus, enroulé, simpl. laminé à froid, épais. excéd. 1mm et moins de 3mm",5.0,18.0,26.58
7209170000,"-- Produits laminés plats, en fer ou en aciers non alliés, larg. 600mm ou plus, enroulés, simplement laminés à froid, épaiss. de 0,5mm à 1mm",5.0,18.0,26.58
7209180000,"-- Produits laminés plats, en fer ou en aciers non alliés, larg. 600mm ou plus, enroulés, simpl. laminés à froid, épais. inférieure à 0,5mm",5.0,18.0,26.58
7209250000,"-- Produits laminés plats, en fer ou en aciers non alliés, larg. 600mm ou plus, non enroulés, simplement laminés à froid, épais. 3mm ou plus",10.0,18.0,32.48
7209260000,"-- Produit laminé plat, en fer ou acier non allié, larg. 600mm ou plus,non enroulé, simpl. laminé à froid, épais. excéd. 1mm et moins de 3mm",10.0,18.0,32.48
7209270000,"-- Produits laminés plats, en fer ou aciers non alliés, larg. 600mm ou plus, non enroulés, simplement laminés à froid, épais. de 0,5mm à 1mm",10.0,18.0,32.48
7209280000,"-- Produit laminé plat, en fer ou acier non alliés, larg. 600mm ou plus, non enroulé, simplement laminé à froid, épais. inférieure à 0,5mm",10.0,18.0,32.48
7209900000,"- Autres produits laminés plats, en fer ou aciers non alliés, largeur de 600mm ou plus, laminés à froid, non plaqués ni revêtus, du n°72.09",10.0,18.0,32.48
7210110000,"-- Produits laminés plats, en fer ou en aciers non alliés, d'une largeur de 600 mm ou plus, étamés, d'une épaisseur de 0,5 mm ou plus",5.0,18.0,26.58
7210120000,"-- Produits laminés plats, en fer ou en aciers non alliés, d'une largeur de 600 mm ou plus, étamés, d'une épaisseur inférieure à 0,5 mm",5.0,18.0,26.58
7210200000,"- Produits laminés plats, en fer ou en aciers non alliés, d'une largeur de 600 mm ou plus, plombés, y compris le fer terne",5.0,18.0,26.58
7907001000,- Ouvrages de zinc de forme autre que carrée ou rectangulaire (pastilles de zinc),20.0,18.0,44.28
7907009000,- Ouvrages en zinc à l'exception de ceux de forme autre que carrée ou rectangulaire (pastilles de zinc),20.0,18.0,44.28
8001100000,"- Etain non allié, sous forme brute",5.0,18.0,26.58
8001200000,- Alliages d'étain sous forme brute,5.0,18.0,26.58
8002000000,Déchets et débris d'étain.,5.0,18.0,26.58
8003000000,"Barres, profilés et fils, en étain.",20.0,18.0,44.28
8007000000,Autres ouvrages en étain.,20.0,18.0,44.28
8101100000,- Poudres de tungstène,5.0,18.0,26.58
8101940000,"-- Tungstène sous forme brute, y compris les barres simplement obtenues par frittage",5.0,18.0,26.58
8101960000,-- Fils en tungstène,10.0,18.0,32.48
8101970000,-- Déchets et débris de tungstène,5.0,18.0,26.58
8101991000,"--- Barres, autres que celles simplement obtenues par frittage, profilés, tôles, bandes et feuilles, en tungstène",10.0,18.0,32.48
8101999000,--- Autres ouvrages en tungstène du n° 81.01,20.0,18.0,44.28
8102100000,- Poudres de molybdène,5.0,18.0,26.58
8102940000,"-- Molybdène sous forme brute, y compris les barres simplement obtenues par frittage",5.0,18.0,26.58
8102950000,"-- Barres, autres que celles simplement obtenues par frittage, profilés, tôles, bandes et feuilles, en molybdène",10.0,18.0,32.48
8102960000,-- Fils en molybdène,10.0,18.0,32.48
8102970000,-- Déchets et débris de molybdène,5.0,18.0,26.58
8102990000,-- Autres ouvrages en molybdène du n° 81.02,20.0,18.0,44.28
8103200000,"- Tantale sous forme brute, y compris les barres simplement obtenues par frittage; poudres de tantale",5.0,18.0,26.58
8103300000,- Déchets et débris de tantale,5.0,18.0,26.58
8103900000,- Autres ouvrages en tantale du n° 81.03,20.0,18.0,44.28
8104110000,"-- Magnésium sous forme brute, contenant au moins 99,8 % en poids de magnésium",5.0,18.0,26.58
8104190000,"-- Magnésium sous forme brute, contenant moins 99,8 % en poids de magnésium",5.0,18.0,26.58
8104200000,- Déchets et débris de magnésium,5.0,18.0,26.58
8104300000,"- Copeaux, tournures et granules calibrés, en magnésium; poudres de magnésium",5.0,18.0,26.58
8104900000,- Autres ouvrages en magnésium du n° 81.04,20.0,18.0,44.28
8105200000,- Mattes de cobalt et autres produits intermédiaires de la métallurgie du cobalt; cobalt sous forme brute; poudres de cobalt,5.0,18.0,26.58
8105300000,- Déchets et débris de cobalt,5.0,18.0,26.58
8105900000,- Autres ouvrages en cobalt du n° 81.05,5.0,18.0,26.58
8106000000,"Bismuth et ouvrages en bismuth, y compris les déchets et débris.",20.0,18.0,44.28
8107200000,- Cadmium sous forme brute; poudres de cadmium,5.0,18.0,26.58
8443319000,"--- Machines assurant les fonctions d'impression et de transmission de télécopie, n'incorporant pas une fonction de copie, aptes … un réseau",5.0,18.0,26.58
8443321000,"--- Machines à copier, aptes à être connectées à une machine automatique de traitement de l'information ou à un réseau",20.0,18.0,44.28
8443329000,"--- Autres imprimantes et machines à télécopier, aptes à être connectées à une machine automatique de traitement de l'info. ou à un réseau",5.0,18.0,26.58
8443391000,"--- Machines à copier, autres que celles aptes à être connectées à une machine automatique de traitement de l'information ou à un réseau",20.0,18.0,44.28
8443399000,"--- Autres imprimantes et machines à télécopier, sauf celles aptes à être connectées à une machine auto. de trait. de l'info. ou à un réseau",5.0,18.0,26.58
8443910000,"-- Parties et accessoires de machines et appareils servant à l'?impression au moyen de planche, cylindre et aut. organe imprimant du n°84.42",5.0,18.0,26.58
8443990000,"-- Parties et accessoires d'autres imprimantes, machines à copier et machines à télécopier, même combinées entre elles",5.0,18.0,26.58
8444000000,"Machines pour le filage (extrusion), l'étirage, la texturation ou le tranchage des matières textiles synthétiques ou artificielles.",5.0,18.0,26.58
8445110000,-- Cardes,5.0,18.0,26.58
8445120000,-- Peigneuses,5.0,18.0,26.58
8445130000,-- Bancs à broches,5.0,18.0,26.58
8445190000,"-- Autres machines pour la préparation des matières textiles à l'exclusion des (cardes, peigneuses, bancs à broches)",5.0,18.0,26.58
8445200000,- Machines pour la filature des matières textiles,5.0,18.0,26.58
8445300000,- Machines pour le doublage ou le retordage des matières textiles,5.0,18.0,26.58
8445400000,- Machines à bobiner (y compris les canetières) ou à dévider les matières textiles,5.0,18.0,26.58
8445900000,- Autres machines et appareils pr la fabr. des fils textiles ou pr la prép. des fils textiles pr utilis. sur machines des n°s 84.46 ou 84.47,5.0,18.0,26.58
8446100000,- Métiers à tisser pour tissus d'une largeur n'excédant pas  30 cm,5.0,18.0,26.58
8446210000,"-- Métiers à tisser pour tissus d'une largeur excédant 30 cm à navette, à moteur",5.0,18.0,26.58
8446290000,-- Métiers à tisser pour tissus d'une largeur excédant 30 cm à navette autres qu'à moteur,5.0,18.0,26.58
8446300000,"- Métiers à tisser pour tissus d'une largeur excédant 30 cm, sans navettes",5.0,18.0,26.58
8447110000,-- Métiers à bonneterie circulaire avec cylindre d'un diamètre n'excédant pas 165 mm,5.0,18.0,26.58
8447120000,-- Métiers à bonneterie circulaire avec cylindre d'un diamètre excédant 165 mm,5.0,18.0,26.58
8447200000,- Métiers à bonneterie rectilignes; machines de couture-tricotage,5.0,18.0,26.58
8447900000,"- Autres machines et métiers à bonneterie, à guipure, à tulle, à dentelle, à broderie, à passementerie, à tresse, à filet ou à touffeter",5.0,18.0,26.58
8448110000,"-- Ratières (...) et mécaniques Jacquard; réducteurs, perforatrices et copieuses de cartons; machines à lacer les cartons après perforation",5.0,18.0,26.58
6302100000,- Linge de lit en bonneterie,20.0,18.0,44.28
6302210000,"-- Linge de lit, de coton, imprimé",20.0,18.0,44.28
6302220000,"-- Linge de lit, de fibres synthétiques ou artificielles, imprimé",20.0,18.0,44.28
6302290000,"-- Linge de lit, d'autres matières textiles, imprimé",20.0,18.0,44.28
6302310000,"-- Autre linge de lit, de coton, autres qu'en bonneterie ou imprimé",20.0,18.0,44.28
6302320000,"-- Autre linge de lit, de fibres synthétiques ou artificielles, autres qu'en bonneterie ou imprimé",20.0,18.0,44.28
6302390000,"-- Autre linge de lit, d'autres matières textiles, autres qu'en bonneterie ou imprimé",20.0,18.0,44.28
6302400000,- Linge de table en bonneterie,20.0,18.0,44.28
6302510000,"-- Linge de table de coton, autre qu'en bonneterie",20.0,18.0,44.28
6302530000,"-- Linge de table de fibres synthétiques ou artificielles, autre qu'en bonneterie",20.0,18.0,44.28
6302590000,"-- Linge de table d'autres matières textiles, autre qu'en bonneterie",20.0,18.0,44.28
6302600000,"- Linge de toilette ou de cuisine, bouclé du genre éponge, de coton",20.0,18.0,44.28
6302910000,"-- Linge de toilette ou de cuisine de coton, autre que le bouclé du genre éponge",20.0,18.0,44.28
6302930000,-- Linge de toilette ou de cuisine de fibres synthétiques ou artificielles,20.0,18.0,44.28
6302990000,-- Linge de toilette ou de cuisine d'autres matières textiles,20.0,18.0,44.28
6303120000,"-- Vitrages, rideaux et stores d'intérieur, cantonnières et tours de lits, de fibres synthétiques, en bonneterie",20.0,18.0,44.28
6303190000,"-- Vitrages, rideaux et stores d'intérieur, cantonnières et tours de lits, d'autres matières textiles, en bonneterie",20.0,18.0,44.28
6303910000,"-- Vitrages, rideaux et stores d'intérieur, cantonnières et tours de lits, de coton, autres qu'en bonneterie",20.0,18.0,44.28
6303920000,"-- Vitrages, rideaux et stores d'intérieur, cantonnières et tours de lits, de fibres synthétiques, autres qu'en bonneterie",20.0,18.0,44.28
6303990000,"-- Vitrages, rideaux et stores d'intérieur, cantonnières et tours de lits, d'autres matières textiles, autres qu'en bonneterie",20.0,18.0,44.28
6304110000,-- Couvre-lits en bonneterie,20.0,18.0,44.28
6304190000,-- Couvre-lits autres qu'en bonneterie,20.0,18.0,44.28
6304910000,"-- Autres articles d'ameublement, à l'exclusion de ceux du n° 94.04, en bonneterie, du N°63.04",20.0,18.0,44.28
6304920000,"-- Autres articles d'ameublement, à l'exclusion de ceux du n° 94.04, autres qu'en bonneterie, de coton",20.0,18.0,44.28
6304930000,"-- Autres articles d'ameublement, à l'exclusion de ceux du n° 94.04, autres qu'en bonneterie, de fibres synthétiques",20.0,18.0,44.28
6304990000,"-- Autres articles d'ameublement, à l'exclusion de ceux du n° 94.04, autres qu'en bonneterie, d'autres matières textiles",20.0,18.0,44.28
6305100000,- Sacs et sachets d'emballage de jute ou d'autres fibres textiles libériennes du n° 53.03,20.0,18.0,56.08
7210300000,"- Produits laminés plats, en fer ou en aciers non alliés, d'une largeur de 600 mm ou plus, zingués électrolytiquement",5.0,18.0,26.58
7210410000,"-- Produits laminés plats, en fer ou en aciers non alliés, d'une largeur de 600 mm ou plus, autrement zingués, ondulés",20.0,18.0,44.28
7210491000,"--- Produits laminés plats, en fer ou en aciers non alliés, d'une largeur de 600 mm ou plus, autrement zingués, enroulés",5.0,18.0,26.58
7210499000,"--- Produits laminés plats, en fer ou en aciers non alliés, d'une largeur de 600 mm ou plus, autrement zingués, du n° 72.10",20.0,18.0,44.28
7210500000,"- Produits laminés plats, en fer ou aciers non alliés, larg. de 600mm ou plus, revêtus d'oxydes de chrome ou de chrome et oxydes de chrome",5.0,18.0,26.58
7210611000,"--- Produits laminés plats, en fer ou en acier non allié, d'une largeur de 600mm ou plus, revêtus d'alliage d'aluminium et de zinc, enroulés",5.0,18.0,26.58
7210619000,"--- Produits laminés plats, en fer ou en aciers non alliés, de largeur de 600mm ou plus, revêtus d'alliage d'aluminium et zinc, non enroulés",20.0,18.0,44.28
7210691000,"--- Produits laminés plats, en fer ou acier non allié, d'une largeur de 600 mm ou plus, revêtus d'aluminium autre que du n°7210.61, enroulés",5.0,18.0,26.58
7210699000,"--- Produits laminés plats, en fer ou aciers non alliés, largeur de 600 mm ou plus, revêtus d'aluminium autre que du n°7210.61, non enroulés",20.0,18.0,44.28
7210701000,"--- Produits laminés plats, en fer ou acier non allié, largeur de 600 mm ou plus, peints, vernis ou revêtus de matières plastiques, enroulés",5.0,18.0,26.58
7210709000,"--- Produits laminés plats, en fer ou acier non allié, largeur 600mm ou plus, peints, vernis ou revêtus de matières plastiques, non enroulés",20.0,18.0,44.28
7210901000,"-- Tôles ondulées, en fer ou en aciers non alliés, d'une largeur de 600 mm ou plus, revêtues d?'autres matières",20.0,18.0,44.28
7210909000,"-- Autres produits laminés plats, en fer ou en aciers non alliés, d'une largeur de 600 mm ou plus, plaqués ou revêtus, du n° 72.10",20.0,18.0,44.28
7211130000,"-- Produit laminé plat, en fer ou en acier non allié, larg. excéd. 150mm, épais. 4mm ou plus, simpl. laminé à chaud ... non enroulé et ne…",5.0,18.0,26.58
7211140000,"-- Produit laminé plat, en fer ou acier non allié, largeur inférieure à 600mm, simpl. laminé à chaud, épais. 4,75 mm ou plus, sauf n°7211.13",5.0,18.0,26.58
7211190000,"-- Autres produits laminés plats, en fer ou en aciers non alliés, d'une largeur inférieure à 600 mm, simplement laminés à chaud, du n° 72.11",5.0,18.0,26.58
7211230000,"-- Produit laminé plat, en fer ou acier non allié, largeur inférieure à 600mm, simpl. laminé à froid, contenant moins de 0,25% de carbone",5.0,18.0,26.58
7211290000,"-- Produits laminés plats, en fer ou en aciers non alliés, largeur inférieure à 600 mm, simplement laminés à chaud, autres que du n°7211.23",5.0,18.0,26.58
7211900000,"- Autres produits laminés plats, en fer ou en aciers non alliés, d'une largeur inférieure à 600 mm, non plaqués ni revêtus, du n° 72.11",5.0,18.0,26.58
7212100000,"- Produits laminés plats, en fer ou en aciers non alliés, d'une largeur inférieure à 600 mm, étamés",5.0,18.0,26.58
7212200000,"- Produits laminés plats, en fer ou en aciers non alliés, d'une largeur inférieure à 600 mm, zingués électrolytiquement",5.0,18.0,26.58
8107300000,- Déchets et débris de cadmium,5.0,18.0,26.58
8107900000,"- Autres ouvrages en cadmium, du n° 81.07",20.0,18.0,44.28
8108200000,- Titane sous forme brute; poudres de titane,5.0,18.0,26.58
8108300000,- Déchets et débris de titane,5.0,18.0,26.58
8108900000,- Autres ouvrages en titane du n° 81.08,20.0,18.0,44.28
8109200000,- Zirconium sous forme brute; poudres de zirconium,5.0,18.0,26.58
8109300000,- Déchets et débris de zirconium,5.0,18.0,26.58
8109900000,- Autres ouvrages en zirconium du n° 81.09,20.0,18.0,44.28
8110100000,- Antimoine sous forme brute; poudres d'antimoine,5.0,18.0,26.58
8110200000,- Déchets et débris d'antimoine,5.0,18.0,26.58
8110900000,- Autres ouvrages en antimoine du n° 81.10,20.0,18.0,44.28
8111000000,"Manganèse et ouvrages en manganèse, y compris les déchets et débris.",20.0,18.0,44.28
8112120000,-- Béryllium sous forme brute; poudres de béryllium,5.0,18.0,26.58
8112130000,-- Déchets et débris de béryllium,5.0,18.0,26.58
8112190000,-- Autres ouvrages en béryllium du n° 81.12,20.0,18.0,44.28
8112210000,-- Chrome sous forme brute; poudres de chrome,5.0,18.0,26.58
8112220000,-- Déchets et débris de chrome,5.0,18.0,26.58
8112290000,-- Autres ouvrages en chrome du n°81.12,20.0,18.0,44.28
8112510000,-- Thallium sous forme brute; poudres de thallium,5.0,18.0,26.58
8112520000,-- Déchets et débris de thallium,5.0,18.0,26.58
8112590000,-- Autres ouvrages en thallium du n° 81.12,20.0,18.0,44.28
8112920000,"-- Germanium, vanadium, gallium, hafnium (celtium), indium, niobium(columbium) et rhénium sous forme brute, de déchets, débris ou de poudres",5.0,18.0,26.58
8112990000,"-- Autres ouvrages en métaux communs, du n° 81.12",20.0,18.0,44.28
8113000000,"Cermets et ouvrages en cermets, y compris les déchets et débris.",20.0,18.0,44.28
8201101000,-- Ebauches de bêches et pelles,10.0,18.0,44.28
8201109000,-- Bêches et pelles autres qu'ébauches,20.0,18.0,44.28
8201301000,"-- Ebauches de pioches, pics, houes, binettes, râteaux et racloirs",10.0,18.0,22.5
8201309000,"-- Pioches, pics, houes, binettes, râteaux et racloirs autres qu'ébauches",20.0,18.0,22.5
8201401000,-- Ebauches de machettes,10.0,18.0,22.5
8201402000,"-- Ebauches de haches, serpes et outils similaires à taillants autres que de machettes",10.0,18.0,22.5
8201409000,"-- Haches, serpes et outils similaires à taillants autres qu'ébauches",20.0,18.0,22.5
8201501000,-- Ebauches de sécateurs (y compris les cisailles à volaille) maniés à une main,10.0,18.0,44.28
8201509000,"-- Sécateurs (y compris les cisailles à volaille) maniés à une main, autres qu'ébauches",20.0,18.0,44.28
8201601000,"-- Ebauches de cisailles à haies, sécateurs et outils similaires, maniés à deux mains",10.0,18.0,44.28
8448190000,"-- Autres machines et appareils auxiliaires pour les machines des n°s 84.44, 84.45, 84.46 ou 84.47",5.0,18.0,26.58
8448200000,- Parties et accessoires des machines du n° 84.44 ou de leurs machines ou appareils auxiliaires,5.0,18.0,26.58
8448310000,-- Garnitures de cardes,5.0,18.0,26.58
8448320000,"-- Parties et accessoires de machines pour la préparation des matières textiles, autres que les garnitures de cardes",5.0,18.0,26.58
8448330000,"-- Broches et leurs ailettes, anneaux et curseurs",5.0,18.0,26.58
8448390000,-- Autres parties et accessoires des machines du n° 84.45 ou de leurs machines ou appareils auxiliaires,5.0,18.0,26.58
8448420000,"-- Peignes, lisses et cadres de lisses",5.0,18.0,26.58
8448490000,"-- Parties et accessoires des métiers à tisser ou de leurs machines ou appareils auxiliaires autres que peignes, lisses et cadres de lisses",5.0,18.0,26.58
8448510000,"-- Platines, aiguilles et autres articles participant à la formation des mailles",5.0,18.0,26.58
8448590000,"-- Partie des métiers, machine du n°84.47 ou de leur app. auxil. aut. que platine, ...ou aut. article participant à la formation des mailles",5.0,18.0,26.58
8449000000,"Machine et appareil pr fabricat, finissage du feutre, des nontissés,en pièce, en forme...pr fabricat chapeau en feutre; forme de chapellerie",5.0,18.0,26.58
8450110000,"-- Machines à laver le linge, même avec dispositif de séchage, d'une capacité de linge sec n'excédant pas 10 kg, entièrement automatiques",20.0,18.0,44.28
8450120000,"-- Machines à laver le linge, même avec dispositif de séchage, capacité de linge sec n'excède pas 10kg avec essoreuse centrifuge incorporée",20.0,18.0,44.28
8450190000,"-- Autres machines à laver le linge, même avec dispositif de séchage, d'une capacité de linge sec n'excédant pas 10 kg, du n° 84.50",20.0,18.0,44.28
8450200000,"- Machines à laver le linge, même avec dispositif de séchage, d'une capacité unitaire exprimée en poids de linge sec excédant 10 kg",5.0,18.0,26.58
8450900000,"- Parties de machines à laver le linge, même avec dispositif de séchage",5.0,18.0,26.58
8451100000,- Machines (autres que les machines du n° 84.50) pour le nettoyage à sec,5.0,18.0,26.58
8451210000,-- Machines (autres que les machines du n° 84.50) à sécher d'une capacité unitaire exprimée en poids de linge sec n'excédant pas 10 kg,20.0,18.0,44.28
8451290000,"-- Machines (autres que les machines du n° 84.50) à sécher le linge, sauf celles d'une capacité en poids de linge sec n'excédant pas 10 kg",5.0,18.0,26.58
8451300000,"- Machines et presses à repasser (autres que les machines du n° 84.50), y compris les presses à fixer",5.0,18.0,26.58
8451400000,"- Machines (autres que les machines du n° 84.50) pour le lavage, le blanchiment ou la teinture",5.0,18.0,26.58
8451500000,"- Machines à enrouler, dérouler, plier, couper ou denteler les tissus",5.0,18.0,26.58
8451800000,"- Autres machines et appareils (autres que les machines du n° 84.50) pour l'essorage, l'appret, le finissage, l'enduction ou…, du n° 84.51",5.0,18.0,26.58
8451900000,"- Parties de machines et appareils (autres que les machines du n° 84.50), du n° 84.51",5.0,18.0,26.58
8452100000,"- Machines à coudre, autres que les machines à coudre les feuillets du n° 84.40, de type ménager",5.0,18.0,26.58
6305200000,- Sacs et sachets d'emballage de coton,20.0,18.0,44.28
6305320000,"-- Contenants souples pour matières en vrac, de matières textiles synthétiques ou artificielles",20.0,18.0,50.18
6305330000,-- Autres sacs et sachets d'emballage obtenues à partir de lames ou formes similaires de polyéthylène ou de polypropylène,20.0,18.0,44.28
6305390000,-- Autres sacs et sachet d'emballage de matières textiles synthétiques ou artificielles,20.0,18.0,44.28
6305900000,- Sacs et sachets d'emballage d'autres matières textiles,20.0,18.0,44.28
6306120000,-- Bâches et stores d'extérieur de fibres synthétiques,20.0,18.0,44.28
6306190000,-- Bâches et stores d'extérieur d'autres matières textiles,20.0,18.0,44.28
6306220000,-- Tentes de fibres synthétiques,20.0,18.0,44.28
6306290000,-- Tentes d'autres matières textiles,20.0,18.0,44.28
6306300000,- Voiles,20.0,18.0,44.28
6306400000,- Matelas pneumatiques,20.0,18.0,44.28
6306900000,- Planches à voile ou chars à voile; articles de campement autres que les matelas pneumatiques,20.0,18.0,44.28
6307100000,"- Serpillières ou wassingues, lavettes, chamoisettes et articles d'entretien similaires",20.0,18.0,44.28
6307200000,- Ceintures et gilets de sauvetage,5.0,18.0,26.58
6307900000,"- Autres articles confectionnés, y compris les patrons de vêtements, du n° 63.07",20.0,18.0,44.28
6308000000,"Assortiments composés de pièces de tissus et de fils, même avec accessoires, pour la confection de tapis … pour la vente au détail.",20.0,18.0,44.28
6309000000,Articles de friperie.,20.0,18.0,44.28
6310101000,"-- Chiffons triés, en matières textiles, sous forme de déchets ou d'articles hors d'usage",20.0,18.0,44.28
6310109000,"-- Ficelles, cordes et cordages, triés, en matières textiles, sous forme de déchets ou d'articles hors d'usage",20.0,18.0,44.28
6310901000,"-- Chiffons, autres que triés, en matières textiles, sous forme de déchets ou d'articles hors d'usage",20.0,18.0,44.28
6310909000,"-- Ficelles, cordes et cordages, autres que triés, en matières textiles, sous forme de déchets ou d'articles hors d'usage",20.0,18.0,44.28
6401101000,"-- Chaussures comportant, à l'avant une coquille de protection en métal…à l?'état démonté ou non monté importées pour l'industrie du montage",10.0,18.0,44.28
6401109000,"-- Chaussures comportant, à l'avant, une coquille de protection en métal importées autres que pour l'industrie du montage",20.0,18.0,44.28
6401921000,"--- Chaussures couvrant la cheville mais ne couvrant pas le genou…à l'état démonté ou non monté, importées pour l'industrie du montage",10.0,18.0,44.28
6401929000,"--- Chaussures couvrant la cheville mais ne couvrant pas le genou, importées autres que pour l'industrie du montage",20.0,18.0,44.28
6401991000,--- Chaussures autres que celles couvrant la cheville mais pas le genou…à l'état démonté ou non monté importées pour l?'industrie du montage,10.0,18.0,44.28
6401999000,--- Chaussures autres que celles couvrant la cheville mais ne couvrant pas le genou importées autres que pour l?'industrie du montage,20.0,18.0,44.28
7212300000,"- Produits laminés plats, en fer ou en aciers non alliés, d'une largeur inférieure à 600 mm, zingués autrement qu'électrolytiquement",5.0,18.0,26.58
7212400000,"- Produits laminés plats, en fer ou en aciers non alliés, d'une largeur inférieure à 600mm, peints, vernis ou revêtus de matières plastiques",5.0,18.0,26.58
7212500000,"- Produits laminés plats, en fer ou en aciers non alliés, d'une largeur inférieure à 600mm, autrement revêtus, du n° 72.12",5.0,18.0,26.58
7212600000,"- Produits laminés plats, en fer ou en aciers non alliés, d'une largeur inférieure à 600 mm, plaqués",5.0,18.0,26.58
7213100000,"- Fil machine en fer ou en aciers non alliés comportant des indentations, bourrelets, creux ou reliefs obtenus au cours du laminage",5.0,18.0,26.58
7213201000,"-- Fil machine en aciers de décolletage de section circulaire d?un diamètre n?'excédant pas 5,5 mm",5.0,18.0,26.58
7213209000,"-- Fil machine en aciers de décolletage, autre que de section circulaire d?'un diamètre ?n'excédant pas 5,5 mm",5.0,18.0,26.58
7213911000,"--- Fil machine en fer ou en aciers non alliés d'?un diamètre n?'excédant pas 5,5mm, autre que des n°s 7213.10 et 7213.20",5.0,18.0,26.58
7213919000,"--- Fil machine en fer ou en aciers non alliés d'?un diamètre excédant 5,5 mm mais inférieur 14 mm, autre que des n°s 7213.10 et 7213.20",5.0,18.0,26.58
7213990000,"-- Autre fil machine en fer ou en aciers non alliés, du n° 72.13",5.0,18.0,26.58
7214100000,"- Barres en fer ou en aciers non alliés, forgées",20.0,18.0,44.28
7214200000,"- Barres en fer ou en aciers non alliés, laminées à chaud comportant des indentations, bourrelets…ou ayant subi une torsion après laminage",20.0,18.0,44.28
7214300000,"- Barres en aciers de décolletage, simplement laminées ou filées à chaud ainsi que celles ayant subi une torsion après laminage.",20.0,18.0,44.28
7214910000,"-- Barres en fer ou en aciers non alliés, simplement laminées à chaud, de section transversale rectangulaire",20.0,18.0,44.28
7214990000,"-- Autres barres en fer ou en aciers non alliés, simplement laminées ou filées à chaud, du n° 72.14",20.0,18.0,44.28
7215100000,"- Barres en aciers de décolletage, simplement obtenues ou parachevées à froid",20.0,18.0,44.28
7215500000,"- Barres en fer ou en aciers non alliés (autres qu'en aciers de decolletage), simplement obtenues ou parachevées à froid",20.0,18.0,44.28
7215900000,"- Barres en fer ou en aciers non alliés autres que simplement obtenues ou parachevées à froid, du n° 72.15",20.0,18.0,44.28
7216100000,"- Profilés en fer ou en aciers non alliés, en U, en I ou en H, simplement laminés ou filés à chaud, d'une hauteur de moins de 80 mm",20.0,18.0,44.28
7216210000,"-- Profilés en fer ou en aciers non alliés, en L, simplement laminés ou filés à chaud, d'une hauteur de moins de 80 mm",20.0,18.0,44.28
7216220000,"-- Profilés en fer ou en aciers non alliés, en T, simplement laminés ou filés à chaud, d'une hauteur de moins de 80 mm",20.0,18.0,44.28
7216310000,"-- Profilés en fer ou en aciers non alliés, en U,  simplement laminés ou filés à chaud, d'une hauteur de 80 mm ou plus",20.0,18.0,44.28
7216320000,"-- Profilés en fer ou en aciers non alliés, en I, simplement laminés ou filés à chaud, d'une hauteur de 80 mm ou plus",20.0,18.0,44.28
8201609000,"-- Cisailles à haies, sécateurs et outils similaires, maniés à deux mains, autres qu'ébauches",20.0,18.0,44.28
8201901000,"-- Ebauches d'autres outils agricoles, horticoles ou forestiers  main, du n° 82.01",10.0,18.0,44.28
8201909000,"-- Autres outils agricoles, horticoles ou forestiers, à main, autres qu'ébauches, du n° 82.01",20.0,18.0,44.28
8202100000,- Scies à main,20.0,18.0,44.28
8202200000,- Lames de scies à ruban,10.0,18.0,32.48
8202310000,"-- Lames de scies circulaires (y compris les fraises-scies), avec partie travaillante en acier",10.0,18.0,32.48
8202390000,"-- Lames de scies circulaires (y compris les fraises-scies) y compris les parties, autres que avec partie travaillante en acier",10.0,18.0,32.48
8202400000,"- Chaînes de scies, dites coupantes",10.0,18.0,32.48
8202910000,"-- Lames de scies droites, pour le travail des métaux",10.0,18.0,32.48
8202990000,-- Autres lames de scies du n° 82.02,10.0,18.0,32.48
8203100000,"- Limes, râpes et outils similaires, à main",20.0,18.0,44.28
8203200000,"- Pinces (même coupantes), tenailles, brucelles et outils similaires, à main",10.0,18.0,32.48
8203300000,"- Cisailles à métaux et outils similaires, à main",10.0,18.0,32.48
8203400000,"- Coupe-tubes, coupe-boulons, emporte-pièce et outils similaires, à main",10.0,18.0,32.48
8204110000,"-- Clés de serrage à main (y compris les clés dynamométriques), à ouverture fixe",20.0,18.0,44.28
8204120000,"-- Clés de serrage à main (y compris les clés dynamométriques), à ouverture variable",20.0,18.0,44.28
8204200000,"- Douilles de serrage interchangeables, même avec manches",20.0,18.0,44.28
8205100000,"- Outils de perçage, de filetage ou de taraudage",10.0,18.0,32.48
8205200000,- Marteaux et masses,10.0,18.0,32.48
8205300000,"- Rabots, ciseaux, gouges et outils tranchants similaires pour le travail du bois",10.0,18.0,32.48
8205400000,- Tournevis,20.0,18.0,44.28
8205511000,"--- Fers à repasser, non électriques",20.0,18.0,44.28
8205519000,"--- Autres outils et outillage à main (y compris les diamants de vitriers) d'économie domestique, autres que fers à repasser non électriques",20.0,18.0,44.28
8205590000,"-- Enclumes; forges portatives; meules avec bâtis, à main ou à pédale",20.0,18.0,44.28
8205600000,- Lampes à souder et similaires,10.0,18.0,32.48
8205700000,"- Etaux, serre-joints et similaires, autres que ceux constituant des accessoires ou des parties de machines-outils",20.0,18.0,44.28
8205900000,"- Autres outils et outillage à main, y compris les assortiments d'articles d'au moins deux des sous-positions de la présente position",20.0,18.0,44.28
8206000000,"Outils d'au moins deux des n°s 82.02 à 82.05, conditionnés en assortiments pour la vente au détail.",10.0,18.0,32.48
8207130000,"-- Outils de forage ou de sondage, avec partie travaillante en cermets",10.0,18.0,32.48
8452210000,-- Machines  coudre des types des unités automatiques,5.0,18.0,26.58
8452290000,"-- Autres machines à coudre, autres que les machines à coudre les feuillets du n° 84.40 et du n° 84.52",5.0,18.0,26.58
8452300000,- Aiguilles pour machines à coudre,5.0,18.0,26.58
8452900000,"- Meubles, embases et couvercles pour machines à coudre et leurs parties; autres parties de machines à coudre",5.0,18.0,26.58
8453100000,"- Machines et appareils pour la préparation, le tannage ou le travail des cuirs ou peaux, autres que les machines à coudre",5.0,18.0,26.58
8453200000,"- Machines et appareils pour la fabrication ou la réparation des chaussures, autres que les machines à coudre",5.0,18.0,26.58
8453800000,"- Autres machines et appareils pour la fabrication ou la réparation d'autres ouvrages en cuir ou en peaux, autres que les machines à coudre",5.0,18.0,26.58
8453900000,- Parties de machines et appareils du n° 84.53,5.0,18.0,26.58
8454100000,- Convertisseurs,5.0,18.0,26.58
8454200000,- Lingotières et poches de coulée,5.0,18.0,26.58
8454300000,"- Machines à couler (mouler) pour métallurgie, aciérie ou fonderie",5.0,18.0,26.58
8454900000,- Parties de machines et appareils du n° 84.54,5.0,18.0,26.58
8455100000,- Laminoirs à tubes,5.0,18.0,26.58
8455210000,-- Laminoirs (autres qu'à tubes) à chaud et laminoirs combinés à chaud et à froid,5.0,18.0,26.58
8455220000,-- Laminoirs (autres qu'à tubes) à froid,5.0,18.0,26.58
8455300000,- Cylindres de laminoirs,5.0,18.0,26.58
8455900000,"- Parties de laminoirs à métaux, autres que les cylindres",5.0,18.0,26.58
8456110000,-- Machines-outils travaillant par enlèvement de toute matière et opérant par laser,5.0,18.0,26.58
8456120000,-- Machines-outils travaillant par enlèvement de toute matière et opérant par faisceau (autres que laser) de lumière ou de photons,5.0,18.0,26.58
8456200000,- Machines-outils travaillant par enlèvement de toute matière  et opérant par ultra-sons,5.0,18.0,26.58
8456300000,- Machines-outils travaillant par enlèvement de toute matière et opérant par électro-érosion,5.0,18.0,26.58
8456400000,-- Machines-outils travaillant par enlèvement de toute matière et opérant par jet de plasma,5.0,18.0,26.58
8456500000,- Machines à découper par jet d'eau,5.0,18.0,26.58
8456900000,- Machines-outils travaillant par enlèvement de toute matière et opérant par procd électrochimiq. ... plasma; mach. à découper par jet d'eau,5.0,18.0,26.58
8457100000,- Centres d'usinage pour le travail des métaux,5.0,18.0,26.58
8457200000,- Machines à poste fixe pour le travail des métaux,5.0,18.0,26.58
8457300000,- Machines à stations multiples pour le travail des métaux,5.0,18.0,26.58
8458110000,"-- Tours (y compris les centres de tournage) horizontaux à commande numérique, travaillant par enlèvement de métal",5.0,18.0,26.58
8458190000,"-- Tours (y compris les centres de tournage) horizontaux autres qu'à commande numérique, travaillant par enlèvement de métal",5.0,18.0,26.58
8458910000,"-- Tours (y compris les centres de tournage), autres qu'horizontaux, à commande numérique, travaillant par enlèvement de métal",5.0,18.0,26.58
6402121000,"--- Chaussures de ski et  chaussures pour le surf des neiges, … à l?'état démonté ou non monté importées pour l'?industrie du montage",20.0,18.0,44.28
6402129000,"--- Chaussures de ski et  chaussures pour le surf des neiges, importées autres que pour l'?industrie du montage",20.0,18.0,44.28
6402191000,--- Chaussures de sport autres que celles de ski et pour le surf des neiges...démonté ou non monté importées pour l?'industrie du montage,10.0,18.0,44.28
6402199000,--- Chaussures de sport autres que celles de ski et pour le surf des neiges importées autres que pour l?'industrie du montage,20.0,18.0,44.28
6402201000,--- Chaussures avec dessus en lanières ou brides fixées à la semelle par des tétons...démonté ou non monté importées pr l?'indus. du montage,10.0,18.0,44.28
6402209000,--- Chaussures avec dessus en lanières ou brides fixées à la semelle par des tétons importées autres que pour l?'industrie du montage,20.0,18.0,44.28
6402911000,"--- Chaussures couvrant la cheville, présentées entièrement à l?'état démonté ou non monté importées pour l?'industrie du montage",10.0,18.0,44.28
6402919000,"--- Chaussures couvrant la cheville, importées autres que pour l?'industrie du montage",20.0,18.0,44.28
6402991000,--- Chaussures autres que celles couvrant la cheville ... entièrement à l?'état démonté ou non monté importées pour l?'industrie du montage,10.0,18.0,44.28
6402992000,--- Sandales (tong),20.0,18.0,44.28
6402999000,"--- Autres chaussures à semelles extérieures et dessus en caoutchouc ou en matière plastique, du n° 64.02",20.0,18.0,44.28
6403121000,--- Chaussures de ski et chaussures pour le surf des neiges … à l?'état démonté ou non monté importées pour l?'industrie du montage,20.0,18.0,44.28
6403129000,--- Chaussures de ski et chaussures pour le surf des neiges  importées autres que pour l?'industrie du montage,20.0,18.0,44.28
6403191000,"--- Chaussures de sport autres que de ski ou pour le surf des neiges, …à l'état démonté ou non monté, importées pour l?'industrie du montage",10.0,18.0,44.28
6403199000,"--- Chaussures de sport à l'exclusion des chaussures de ski ou pour le surf des neiges, importées autres que pour l?'industrie du montage",20.0,18.0,44.28
6403201000,-- Chaussures à semelles extérieures en cuir naturel et... le gros orteil...à l'état démonté ou non monté importés pr l'industrie du montage,10.0,18.0,44.28
6403209000,-- Chaussures à semelles extérieures en cuir naturel et dessus constitués... le gros orteil importés autres que pour l'industrie du montage,20.0,18.0,44.28
6403401000,"-- Autre chaussures comportant, à l'avant, une coquille de protection en métal...démonté ou non monté, importées pour l'industrie du montage",10.0,18.0,44.28
6403409000,"-- Autre chaussures comportant, à l'avant, une coquille de protection en métal, importées autres que pour l'industrie du montage",20.0,18.0,44.28
6403511000,"--- Autres chaussures à semelles extérieures en cuir naturel couvrant la cheville...démonté ou non monté,importées pr l'industrie du montage",10.0,18.0,44.28
6403519000,"--- Autres chaussures à semelles extérieures en cuir naturel couvrant la cheville, importées autres que pour l'industrie du montage",20.0,18.0,44.28
7216330000,"-- Profilés en fer ou en aciers non alliés, en H, simplement laminés ou filés à chaud, d'une hauteur de 80 mm ou plus",20.0,18.0,44.28
7216400000,"- Profilés en fer ou en aciers non alliés, en L ou en T, simplement laminés ou filés à chaud, d'une hauteur de 80 mm ou plus",20.0,18.0,44.28
7216500000,"- Autres profilés en fer ou en aciers non alliés, simplement laminés ou filés à chaud, du n° 72.16",20.0,18.0,44.28
7216610000,"-- Profilés en fer ou en aciers non alliés, obtenus à froid à partir de produits laminés plats",20.0,18.0,44.28
7216690000,"-- Profilés en fer ou en aciers non alliés, obtenus ou parachevés à froid, à l'exclusion de ceux du n° 7216.61",20.0,18.0,44.28
7216910000,"-- Autres profilés en fer ou en aciers non alliés, obtenus ou parachevés à froid à partir de produits laminés plats, du n° 72.16",20.0,18.0,44.28
7216990000,-- Autres profilés en fer ou en aciers du n° 7216,20.0,18.0,44.28
7217101000,"-- Fils en fer ou en aciers non alliés, non revêtus, même polis, d'?un diamètre n?'excédant pas 5,5 mm",10.0,18.0,32.48
7217109000,"-- Fils en fer ou en aciers non alliés, non revêtus, même polis, autres que ceux d'?un diamètre n'excédant pas 5,5 mm",10.0,18.0,32.48
7217201000,"-- Fils en fer ou en aciers non alliés, zingués, d'?un diamètre n?'excédant pas 5,5 mm",10.0,18.0,32.48
7217209000,"-- Fils en fer ou en aciers non alliés, zingués, autres que ceux d'?un diamètre n'excédant pas 5,5 mm",10.0,18.0,32.48
7217301000,"-- Fils en fer ou en aciers non alliés, revêtus de métaux communs (sauf zinc), d'?un diamètre n'?excédant pas 5,5 mm",10.0,18.0,32.48
7217309000,"-- Fils en fer ou en aciers non alliés, revêtus de métaux communs (sauf zinc), autres que ceux d'?un diamètre n'excédant pas 5,5 mm",10.0,18.0,32.48
7217901000,"-- Autres fils en fer ou en aciers non alliés, d'un diamètre n?'excédant pas 5,5 mm, du n° 72.17",10.0,18.0,32.48
7217909000,"-- Autres fils en fer ou en aciers non alliés, autres que ceux d'?un diamètre n'excédant pas 5,5 mm, du n° 72.17",10.0,18.0,32.48
7218100000,- Aciers inoxydables en lingots ou autres formes primaires,5.0,18.0,26.58
7218910000,-- Demi-produits en aciers inoxydables de section transversale rectangulaire,5.0,18.0,26.58
7218990000,-- Demi-produits en aciers inoxydables autre que de section transversale rectangulaire,5.0,18.0,26.58
7219110000,"-- Produits laminés plats en aciers inoxydables, simplement laminés à chaud, enroulés, largeur de 600 mm ou plus, épaisseur excédant 10 mm",5.0,18.0,26.58
7219120000,"-- Produits laminés plats en aciers inoxydables, simplement laminés à chaud, enroulés, largeur de 600 mm ou plus, épaisseur de 4,75mm à 10mm",5.0,18.0,26.58
7219130000,"-- Produits laminés plats en aciers inoxydables, laminés à chaud, enroulés, larg. 600mm ou plus, épais. de 3mm ou plus mais moins de 4,75mm",5.0,18.0,26.58
7219140000,"-- Produits laminés plats en aciers inoxydables, simplement laminés à chaud, enroulés, largeur de 600mm ou plus, épaisseur inférieure à 3 mm",5.0,18.0,26.58
7219210000,"-- Produits laminés plats en aciers inoxydables, simplement laminés à chaud, non enroulés, largeur de 600mm ou plus, épaisseur excédant 10mm",5.0,18.0,26.58
7219220000,"-- Produits laminés plats en aciers inoxydables, simplement laminés à chaud, non enroulés, largeur de 600mm ou plus, épais. de 4,75mm à 10mm",5.0,18.0,26.58
8207190000,"-- Outils de forage ou de sondage, y compris les parties, autres qu'avec partie travaillante en cermets",10.0,18.0,32.48
8207200000,- Filières pour l'étirage ou le filage (extrusion) des métaux,10.0,18.0,32.48
8207300000,"- Outils à emboutir, à estamper ou à poinçonner",10.0,18.0,32.48
8207400000,- Outils à tarauder ou à fileter,10.0,18.0,32.48
8207500000,- Outils à percer,10.0,18.0,32.48
8207600000,- Outils à aléser ou à brocher,10.0,18.0,32.48
8207700000,- Outils à fraiser,10.0,18.0,32.48
8207800000,- Outils à tourner,10.0,18.0,32.48
8207900000,"- Autres outils interchangeables pour outillage à main, mécanique ou non, ou pour machines-outils, du n°82.07",20.0,18.0,44.28
8208100000,- Couteaux et lames tranchantes pour le travail des métaux,10.0,18.0,32.48
8208200000,- Couteaux et lames tranchantes pour le travail du bois,10.0,18.0,32.48
8208300000,- Couteaux et lames tranchantes pour appareils de cuisine ou pour machines pour l'industrie alimentaire,10.0,18.0,32.48
8208400000,"- Couteaux et lames tranchantes pour machines agricoles, horticoles ou forestières",10.0,18.0,32.48
8208900000,"- Autres couteaux et lames tranchantes, pour machines ou pour appareils mécaniques, du n° 82.02",10.0,18.0,32.48
8209000000,"Plaquettes, baguettes, pointes et objets similaires pour outils, non montés, constitués par des cermets.",20.0,18.0,44.28
8210000000,"Appareils mécaniques actionnés à la main, d'un poids de 10 kg ou moins, pour préparer, conditionner ou servir les aliments ou les boissons.",10.0,18.0,32.48
8211100000,"- Assortiments de couteaux (autres que ceux du n° 82.08) à lame tranchante ou dentelée, y compris les serpettes fermantes, et leurs lames",20.0,18.0,44.28
8211910000,"-- Couteaux de table à lame fixe, tranchante ou dentelée",20.0,18.0,44.28
8211920000,"-- Couteaux à lame fixe, tranchante ou dentelée autres que les couteaux de table",20.0,18.0,44.28
8211930000,"-- Couteaux à lame tranchante ou dentelée, autres qu'à lame fixe, y compris les serpettes fermantes",20.0,18.0,44.28
8211940000,"-- Lames de couteaux (autres que ceux du n° 82.08) tranchante ou dentelée, y compris les serpettes fermantes",20.0,18.0,44.28
8211950000,"-- Manches en métaux communs de couteaux (autres que ceux du n° 82.08) à lame tranchante ou dentelée, y compris les serpettes fermantes",20.0,18.0,44.28
8212100000,- Rasoirs,20.0,18.0,44.28
8212200000,"- Lames de rasoirs de sûreté, y compris les ébauches en bandes",20.0,18.0,44.28
8212901000,-- Têtes de rasoirs destinées aux industries,10.0,18.0,32.48
8212909000,"-- Autres parties de rasoirs, du n° 82.12",20.0,18.0,44.28
8213000000,Ciseaux à doubles branches et leurs lames.,10.0,18.0,32.48
8214100000,"- Coupe-papier, ouvre-lettres, grattoirs, taille-crayons et leurs lames",20.0,18.0,44.28
8214200000,- Outils et assortiments d'outils de manucures ou de pédicures (y compris les limes à ongles),10.0,18.0,32.48
8214900000,- Autres articles de coutellerie du n° 82.14,20.0,18.0,44.28
8458990000,"-- Tours (y compris les centres de tournage), autres qu'horizontaux ou à commande numérique, travaillant par enlèvement de métal",5.0,18.0,26.58
8459100000,"- Unités d'usinage à glissières à percer, aléser, fraiser ... les métaux par enlèvement de matière, autres que les tours (... ) du n° 84.58",5.0,18.0,26.58
8459210000,"-- Machines à percer à commande numérique, autres que les tours (y compris les centres de tournage) du n° 84.58",5.0,18.0,26.58
8459290000,"-- Machines à percer à l'exclusion de celles à commande numérique, autres que les tours (y compris les centres de tournage) du n° 84.58",5.0,18.0,26.58
8459310000,"-- Aléseuses-fraiseuses à commande numérique, autres que les tours (y compris les centres de tournage) du n° 84.58",5.0,18.0,26.58
8459390000,"-- Aléseuses-fraiseuses à l'exclusion de celles à commande numérique, autres que les tours (y compris les centres de tournage) du n° 84.58",5.0,18.0,26.58
8459410000,"-- Machines à aléser, à commande numérique, autres que celles des N°8459.10 et 8459.31",5.0,18.0,26.58
8459490000,"-- Machines à aléser, sans commande numérique, autres que celles des N°8459.10 et 8459.39",5.0,18.0,26.58
8459510000,"-- Machines à fraiser  les métaux par enlèvement de matière, à consoles à commande numérique, autres que les tours (...) du n° 84.58",5.0,18.0,26.58
8459590000,"-- Machines à fraiser les métaux par enlèvement de mat., à consoles, sauf celles à commande numériq., autr. que les tours (...) du n° 84.58",5.0,18.0,26.58
8459610000,"-- Machines à fraiser les métaux par enlèvement de matière, à commande numérique, autres que les tours (y compris les centres...) du n°84.58",5.0,18.0,26.58
8459690000,"-- Machines à fraiser les métaux par enlèvement de matière,  sauf celles à commande numériq., autres que les tours (….) du n°84.58",5.0,18.0,26.58
8459700000,"- Machines à fileter ou à tarauder les métaux par enlèvement de matière, autres que les tours (y compris les centres de tournage) du n°84.58",5.0,18.0,26.58
8460120000,"-- Machines à rectifier les surfaces planes, à commande numérique, travaillant des métaux …, autres que celles du N° 84.61",5.0,18.0,26.58
8460190000,"-- Machines à rectifier les surfaces planes, autres qu' à commande numérique, travaillant des métaux …, autres que celles du N° 84.61",5.0,18.0,26.58
8460220000,"-- Machines à rectifier sans centre, à commande numerique, travaillant des métaux …, autres que celles du N° 84.61",5.0,18.0,26.58
8460230000,"-- Autres machines à rectifier les surfaces cylindriques, à commande numérique, travaillant des métaux …, autres que celles du N° 84.61",5.0,18.0,26.58
8460240000,"-- Autres machines à rectifier du N°84.60, à commande numérique",5.0,18.0,26.58
8460290000,"--  Autres machines à rectifier du N°84.60, autres qu'à commande numérique",5.0,18.0,26.58
8460310000,"-- Machines à affûter à commande numérique ... ,autres que les machines à tailler ou à finir les engrenages du n° 84.61",5.0,18.0,26.58
8460390000,"-- Machines à affûter sauf celles à commande numérique …,autres que les machines à tailler ou à finir les engrenages du n° 84.61",5.0,18.0,26.58
8460400000,"- Machines à glacer ou à roder... ,autres que les machines à tailler ou à finir les engrenages du n° 84.61",5.0,18.0,26.58
8460900000,"- Machines à ébarber, meuler,polir, ou à faire  d'autres opérations de finissage …,autres que les machines à tailler ... du n° 84.61",5.0,18.0,26.58
8461200000,- Etaux-limeurs et machines à mortaiser,5.0,18.0,26.58
8461300000,- Machines à brocher,5.0,18.0,26.58
6403591000,"--- Autres chaussures à semelles ext. en cuir naturel,ne couvrant pas la cheville...démonté ou non monté,importées pr l'industrie du montage",10.0,18.0,44.28
6403599000,"--- Autres chaussures à semelles extérieures en cuir naturel, ne couvrant pas la cheville, importées autres que pour l'industrie du montage",20.0,18.0,44.28
6403911000,"--- Autres chaussures couvrant la cheville, ... à l?'état démonté ou non monté importées pour l?'industrie du montage, du n° 64.03",10.0,18.0,44.28
6403919000,"--- Autres chaussures couvrant la cheville, importées autres que pour l?'industrie du montage, du n° 64.03",20.0,18.0,44.28
6403991000,"--- Autres chaussures ne couvrant pas la cheville, ... à l?'état démonté ou non monté importées pour l?'industrie du montage, du n° 64.03",10.0,18.0,44.28
6403999000,"--- Autres chaussures ne couvrant pas la cheville, importées autres que pour l?'industrie du montage, du n° 64.03",20.0,18.0,44.28
6404111000,"--- Chaussures de sport...similaires, à semelles ext. en caout. ou en mat. plast...démonté ou non monté importés pour l'industrie du montage",10.0,18.0,44.28
6404119000,"--- Chaussures de sport...similaires, à semelles ext. en caout. ou en matières plastiques, importés autres que pour l'industrie du montage",20.0,18.0,44.28
6404191000,"--- Autres chaussures à semelles ext. en caout. ou en mat. plast... démonté ou non monté importées pour l?'industrie du montage, du n°64.04",10.0,18.0,44.28
6404199000,"--- Autres chaussures à semelles extérieures en caoutchouc ou en mat. plastiques importées autres que pr l?'industrie du montage, du n°64.04",20.0,18.0,44.28
6404201000,-- Chaussures à semelles extérieures en cuir naturel ou reconstitué ...à l?'état démonté ou non monté importées pr l?'industrie du montage,10.0,18.0,44.28
6404209000,"-- Chaussures à semelles extérieures en cuir naturel ou reconstitué importées, autres que pour l?'industrie du montage",20.0,18.0,44.28
6405101000,"-- Autres chaussures à dessus en cuir naturel ou reconstitué, … à l?'état démonté ou non monté importées pour l?'industrie du montage",10.0,18.0,44.28
6405109000,"-- Autres chaussures à dessus en cuir naturel ou reconstitué, importées, autres que pour l?'industrie du montage",20.0,18.0,44.28
6405201000,-- Autres chaussures à dessus en matières textiles ... à l?'état démonté ou non monté importées pour l?'industrie du montage,10.0,18.0,44.28
6405209000,"-- Autres chaussures à dessus en matières textiles, importées autres que pour l?'industrie du montage",20.0,18.0,44.28
6405901000,"-- Autres chaussures, présentées entièrement à l?'état démonté ou non monté importées pour l?'industrie du montage du n° 64.05",10.0,18.0,44.28
6405909000,"-- Autres chaussures importées, du n° 64.05, autres que pour l?'industrie du montage",20.0,18.0,44.28
6406100000,"- Dessus de chaussures et leurs parties, à l'exclusion des contreforts et bouts durs",10.0,18.0,32.48
6406200000,"- Semelles extérieures et talons, en caoutchouc ou en matière plastique",10.0,18.0,32.48
6406901000,"-- Jambières, guêtres et articles similaires et leurs parties",10.0,18.0,32.48
6406902000,-- Assemblages formés de dessus de chaussures fixés aux semelles premières en toutes matières autres que le métal,10.0,18.0,32.48
6406909000,"-- Semelles intérieures amovibles, talonnettes et articles similaires amovibles",10.0,18.0,32.48
7219230000,"-- Produits laminés plats en aciers inoxydables, laminés à chaud, non enroulés, larg.600mm ou plus, épais. de 3mm ou plus, moins de 4,75mm",5.0,18.0,26.58
7219240000,"-- Produits laminés plats en aciers inoxydables, simplement laminés à chaud, non enroulés, larg. de 600mm ou plus, épais. inférieure à 3 mm",5.0,18.0,26.58
7219310000,"-- Produits laminés plats en aciers inoxydables, simplement laminés à froid, d'une largeur de 600mm ou plus, épaisseur de 4,75mm ou plus",5.0,18.0,26.58
7219320000,"-- Produits laminés plats en aciers inoxydables, laminés à froid, d'une larg. de 600mm ou plus, épais. de 3mm ou plus mais moins de 4,75mm",5.0,18.0,26.58
7219330000,"-- Produits laminés plats en aciers inoxydables, laminés à froid, largeur de 600mm ou plus, épaisseur excédant 1mm mais inférieure à 3mm",5.0,18.0,26.58
7219340000,"-- Produits laminés plats en aciers inoxydables, laminés à froid, largeur de 600mm ou plus, épaisseur de 0,5 mm mais n'excédant pas 1mm",5.0,18.0,26.58
7219350000,"-- Produits laminés plats en aciers inoxydables, simplement laminés à froid, largeur de 600mm ou plus, épaisseur inférieure à 0,5 mm",5.0,18.0,26.58
7219900000,"- Autres produits laminés plats en aciers inoxydables, d'une largeur de 600 mm ou plus, du n° 72.19",5.0,18.0,26.58
7220110000,"-- Produits laminés plats en aciers inoxydables, simplement laminés à chaud, largeur inférieure à 600 mm, épaisseur de 4,75 mm ou plus",5.0,18.0,26.58
7220120000,"-- Produits laminés plats en aciers inoxydables, simplement laminés à chaud, largeur inférieure à 600mm, d'une épaisseur inférieure à 4,75mm",5.0,18.0,26.58
7220200000,"- Produits laminés plats en aciers inoxydables, simplement laminés à froid, d'une largeur inférieure à 600 mm",5.0,18.0,26.58
7220900000,"- Autres produits laminés plats en aciers inoxydables, d'une largeur inférieure à 600 mm, du n° 72.20",5.0,18.0,26.58
7221000000,Fil machine en aciers inoxydables.,5.0,18.0,26.58
7222110000,"-- Barres en aciers inoxydables, simplement laminées ou filées à chaud, de section circulaire",10.0,18.0,32.48
7222190000,"-- Barres en aciers inoxydables, simplement laminées ou filées à chaud, autres que de section circulaire",10.0,18.0,32.48
7222200000,"- Barres en aciers inoxydables, simplement obtenues ou parachevées à froid",10.0,18.0,32.48
7222300000,"- Autres barres en aciers inoxydables, du n° 72.22",10.0,18.0,32.48
7222400000,- Profilés en aciers inoxydables,10.0,18.0,32.48
7223000000,Fils en aciers inoxydables.,10.0,18.0,32.48
7224100000,- Autres aciers alliés en lingots ou autres formes primaires,5.0,18.0,26.58
7224900000,- Demi-produits en autres aciers alliés,5.0,18.0,26.58
7225110000,"-- Produits laminés plats en aciers au silicium dits «magnétiques», d'une largeur de 600 mm ou plus, à grains orientés",5.0,18.0,26.58
7225190000,"-- Produits laminés plats en aciers au silicium dits «magnétiques», d'une largeur de 600 mm ou plus, autres qu'à grains orientés",5.0,18.0,26.58
7225300000,"- Produits laminés plats en autres aciers alliés (sauf aciers au silicium), largeur de 600 mm ou plus, simplement laminés à chaud, enroulés",5.0,18.0,26.58
8215100000,"- Assortiments de cuillers, fourchettes, louches, écumoires, pelles à tarte, ..., contenant au moins un objet argenté, doré ou platiné",20.0,18.0,44.28
8215200000,"- Assortiments de cuillers, fourchettes, louches, écumoires, pelles à tarte, couteaux ..., ne contenant pas d'objet argenté, doré ou platiné",20.0,18.0,44.28
8215910000,"-- Cuillers, fourchettes, louches, écumoires, pelles à tarte, couteaux spéciaux à poisson ou à beurre, pinces... argentés, dorés ou platinés",20.0,18.0,44.28
8215990000,"-- Cuillers, fourchettes, louches, écumoires, pelles à tarte, couteaux spéciaux à poisson ou beurre... autres qu'argentés, dorés ou platinés",20.0,18.0,44.28
8301100000,"- Cadenas (à clef, à secret ou électriques) en métaux communs",20.0,18.0,44.28
8301200000,"- Serrures (à clef, à secret ou électriques) des types utilisés pour véhicules automobiles, en métaux communs",20.0,18.0,44.28
8301300000,"- Serrures (à clef, à secret ou électriques) des types utilisés pour meubles, en métaux communs",20.0,18.0,44.28
8301400000,"- Autres serrures et verrous (à clef, à secret ou électriques) en métaux communs, du n° 83.01",20.0,18.0,44.28
8301500000,"- Fermoirs et montures-fermoirs comportant une serrure, en métaux communs",20.0,18.0,44.28
8301600000,"- Parties de cadenas, serrures et verrous (à clef, secret ou élec.), fermoirs et montures-fermoirs comportant une serrure, en métaux communs",10.0,18.0,32.48
8301700000,"- Clefs  des articles du n° 83.01, présentées isolément, en métaux communs",20.0,18.0,44.28
8302100000,"- Charnières de tous genres (y compris les paumelles et pentures), en métaux communs",20.0,18.0,44.28
8302200000,- Roulettes avec monture en métaux communs,20.0,18.0,44.28
8302300000,"- Autres garnitures, ferrures et articles similaires pour véhicules automobiles, en métaux communs",20.0,18.0,44.28
8302410000,"-- Autres garnitures, ferrures et articles similaires, pour bâtiments, en métaux communs",20.0,18.0,44.28
8302420000,"-- Autres garnitures, ferrures et articles similaires, pour meubles, en métaux communs",20.0,18.0,44.28
8302490000,"-- Autres garnitures, ferrures et articles similaires, en métaux communs, du n° 83.02",20.0,18.0,44.28
8302500000,"- Patères, porte-chapeaux, supports et articles similaires, en métaux communs",20.0,18.0,44.28
8302600000,- Ferme-portes automatiques en métaux communs,20.0,18.0,44.28
8303000000,"Coffres-forts, portes blindées et compartiments pour chambres fortes, coffres et cassettes de sûreté et articles simil., en métaux communs.",20.0,18.0,44.28
8304000000,"Classeurs, fichiers, boîtes de classement, porte-copies, plumiers … similaires de bureau, en métaux communs, sauf ceux du n° 94.03.",20.0,18.0,44.28
8305100000,"- Mécanismes pour reliure de feuillets mobiles ou pour classeurs, en métaux communs",20.0,18.0,44.28
8305200000,"- Agrafes présentées en barrettes (de bureau, pour tapissiers, emballeurs, par exemple), en métaux communs",20.0,18.0,44.28
8305900000,"- Attache-lettres, coins de lettres, trombones, onglets de signalisation... y compris les parties des ouvrages du n°83.05, en métaux communs",20.0,18.0,44.28
8306100000,"- Cloches, sonnettes, gongs et articles similaires, non électriques, en métaux communs",20.0,18.0,44.28
8306210000,"-- Statuettes et autres objets d'ornement, en métaux communs, argentés, dorés ou platinés",20.0,18.0,44.28
8461400000,- Machines à tailler ou à finir les engrenages,5.0,18.0,26.58
8461500000,- Machines à scier ou à tronçonner,5.0,18.0,26.58
8461900000,- Machine à raboter et autres machines-outils travaillant par enlèvement de métal ou de cermet non dénommés ni comprises ailleurs,5.0,18.0,26.58
8462100000,"- Machines (y compris les presses) à forger ou à estamper, moutons, marteaux-pilons et martinets pour le travail des métaux",5.0,18.0,26.58
8462210000,"-- Machines (y compris les presses) à rouler, cintrer, plier, dresser ou planer les métaux, à commande numérique",5.0,18.0,26.58
8462290000,"-- Machines (y compris les presses) à rouler, cintrer, plier, dresser ou planer les métaux, autres qu'à commande numérique",5.0,18.0,26.58
8462310000,"-- Machines (y cpris les presses) à cisailler les métaux, autr. que les machines combinées à poinçonner et à cisailler, à commande numérique",5.0,18.0,26.58
8462390000,"-- Machines (...) à cisailler les métaux, autres que les machines combinées à poinçonner et à cisailler, autres qu'à commande numérique",5.0,18.0,26.58
8462410000,"-- Machine (y compris les presses) à poinçonner ou à gruger, y compris les machines combinées à poinçonner et à cisailler à commande numériq",5.0,18.0,26.58
8462490000,"-- Machines (...) à poinçonner ou à gruger, y compris les machines combinées à poinçonner et à cisailler, autres qu'à commande numérique",5.0,18.0,26.58
8462910000,-- Presses hydrauliques,5.0,18.0,26.58
8462990000,-- Autres presses pour le travail des métaux ou des carbures métalliques du n° 84.62,5.0,18.0,26.58
8463100000,"- Bancs à étirer les barres, tubes, profilés, fils ou similaires, travaillant sans enlèvement de matière",5.0,18.0,26.58
8463200000,"- Machines pour exécuter un filetage extérieur ou intérieur par roulage ou laminage, travaillant sans enlèvement de matière",5.0,18.0,26.58
8463300000,"- Machines pour le travail des métaux sous forme de fil, travaillant sans enlèvement de matière",5.0,18.0,26.58
8463900000,"- Autres machines-outils pour le travail des méteaux ou des cermets, travaillant sans enlèvement de matières du n° 84.63",5.0,18.0,26.58
8464100000,"- Machines à scier les pierre, produits céramiq., béton,  amiante-ciment, matières minérales similaires ou pr le travail à   froid du verre",5.0,18.0,26.58
8464200000,"- Machines à meuler ou à polir les pierre, produits céramiq., béton, amiante-ciment, mat. minérales simil. ou pr le travail à froid du verre",5.0,18.0,26.58
8464900000,- Autres machines-outils du n° 84.64,5.0,18.0,26.58
8465100000,"- Machines pouvant effectuer différents types d'opérations d'usinage, sans changement d'outils entre ces opérations",5.0,18.0,26.58
8465200000,- Centres d'usinage,5.0,18.0,26.58
8465910000,"-- Machines à scier le bois, le liège, l'os, le caoutchouc durci, les matières plastiques dures ou matières dures similaires",5.0,18.0,26.58
8465920000,"-- Machines à dégauchir, raboter, fraiser ou à moulurer les bois, liège, os, caoutchouc durci, mat. plastiq. dures ou mat. dures similaires",5.0,18.0,26.58
8465930000,"-- Machines à meuler, à poncer ou à polir les bois, liège, os, caoutchouc durci, matières plastiques dures ou matières dures similaires",5.0,18.0,26.58
8465940000,"-- Machines à cintrer ou à assembler le bois, le liège, l'os, le caoutchouc durci, les matières plastiq. dures ou matières dures similaires",5.0,18.0,26.58
6501000000,"Cloches non dressées (...) ni tournurées (...), plateaux (...), manchons (...) même fendus ... sens de la hauteur, en feutre, pour chapeaux.",10.0,18.0,32.48
6502000000,"Cloches ou formes pour chapeaux, tressées ou fabriquées par l'assemblage de bandes...non dressées (...) ni tournurées (...) ni garnies.",10.0,18.0,32.48
6504000000,"Chapeaux et autres coiffures, tressés ou fabriqués par l'assemblage de bandes en toutes matières, même garnis.",20.0,18.0,44.28
6505001000,"- Résilles et filets à cheveux en toutes matières, même garnis",20.0,18.0,44.28
6505009000,"- Chapeaux et autres coiffures en bonneterie ou confectionnés à l'aide de dentelles, feutre ou aut. prod. text. en pièces (...), même garnis",20.0,18.0,44.28
6506100000,"- Coiffures de sécurité, même garnies",10.0,18.0,32.48
6506910000,"-- Autres chapeaux et coiffures à l'exclusion des coiffures de sécurité, en caoutchouc ou en matière plastique, même garnis",20.0,18.0,44.28
6506990000,"-- Autres chapeaux et coiffures à l'exclusion des coiffures de sécurité, en d'autres matières, même garnis",20.0,18.0,44.28
6507000000,"Bandes pour garniture intérieure, coiffes, couvre-coiffures, carcasses, visières et jugulaires pour la chapellerie.",10.0,18.0,32.48
6601100000,- Parasols de jardin et articles similaires,20.0,18.0,44.28
6601910000,"-- Parapluies, ombrelles et parasols (y compris les parapluies-cannes et articles similaires) à mât ou manche télescopique",20.0,18.0,44.28
6601990000,"-- Parapluies, ombrelles et parasols (y compris les parapluies-cannes et articles similaires) autres qu'à mât ou manche télescopique",20.0,18.0,44.28
6602000000,"Cannes, cannes-sièges, fouets, cravaches et articles similaires.",20.0,18.0,44.28
6603200000,"- Montures assemblées, même avec mâts ou manches, pour  parapluies, ombrelles ou parasols",10.0,18.0,32.48
6603900000,"- Autres parties, garnitures et accessoires pour articles des n°s 66.01 ou 66.02",10.0,18.0,32.48
6701000000,"Peaux et autres parties d'oiseaux … art. en ces matières, autres que les produits du n° 05.05 et les tuyaux et tiges de plumes, travaillés.",20.0,18.0,44.28
6702100000,"- Fleurs, feuillages et fruits et leurs parties, articles confectionnés en fleurs,feuillages ou de fruits artificiels en matières plastiques",20.0,18.0,44.28
6702900000,"- Fleurs, feuillages et fruits et leurs parties, art. confectionnés en fleurs,feuillages ou de fruits artificiels autres qu'en mat. plastiq.",20.0,18.0,44.28
6703000000,"Cheveux remis... ou autrement préparés; laine, poils et autres mat. textiles, préparés pour la fabrication de perruques ou d'art. similaires",20.0,18.0,44.28
6704110000,-- Perruques complètes en matières textiles synthétiques,20.0,18.0,44.28
6704190000,"-- Barbes, sourcils, cils, mèches et articles analogues, en matières textiles synthétiques",20.0,18.0,44.28
6704200000,"- Perruques, barbes, sourcils, cils, mèches et articles analogues en cheveux; ouvrages en cheveux non dénommés ni compris ailleurs",20.0,18.0,44.28
6704900000,"- Perruques, barbes, sourcils, cils, mèches et articles analogues, en poils ou autres matières textiles",20.0,18.0,44.28
6801000000,"Pavés, bordures de trottoirs et dalles de pavage, en pierres naturelles (autres que l'ardoise).",10.0,18.0,32.48
7225400000,"- Produits laminés plats en autres aciers alliés (sauf aciers au silicium), larg. de 600mm ou plus, simplement laminés à chaud, non enroulés",5.0,18.0,26.58
7225500000,"- Produits laminés plats en autres aciers alliés (sauf aciers au silicium), d'une largeur de 600 mm ou plus, simplement laminés à froid",5.0,18.0,26.58
7225910000,"-- Produits laminés plats en autres aciers alliés (sauf aciers au silicium), d'une largeur de 600 mm ou plus, zingués électrolytiquement",5.0,18.0,26.58
7225920000,"-- Produits laminés plats en autres aciers alliés (sauf aciers au silicium), larg. de 600mm ou plus, zingués autrement qu'électrolytiquement",5.0,18.0,26.58
7225990000,"-- Autres produits laminés plats en autres aciers alliés, d'une largeur de 600 mm ou plus, du n° 72.25",5.0,18.0,26.58
7226110000,"-- Produits laminés plats en aciers au silicium dits «magnétiques», d'une largeur inférieure à 600 mm, à grains orientés",5.0,18.0,26.58
7226190000,"-- Produits laminés plats en aciers au silicium dits «magnétiques», d'une largeur inférieure à 600 mm, autres qu'à grains orientés",5.0,18.0,26.58
7226200000,"- Produits laminés plats en aciers à coupe rapide, d'une largeur inférieure à 600 mm",5.0,18.0,26.58
7226910000,"-- Produits laminés plats en aut. aciers alliés (sauf aciers au silicium ou à coupe rapide),larg. inférieure à 600mm, simpl. laminés à chaud",5.0,18.0,26.58
7226920000,"-- Produits laminés plats en aut. aciers alliés (sauf aciers au silicium ou à coupe rapide),larg. inférieure à 600mm, simpl. laminés à froid",5.0,18.0,26.58
7226990000,"-- Autres produits laminés plats en autres aciers alliés, d'une largeur inférieure à 600 mm, du n° 72.26",5.0,18.0,26.58
7227100000,- Fil machine en autres aciers à coupe rapide,5.0,18.0,26.58
7227200000,- Fil machine en aciers silico-manganeux,5.0,18.0,26.58
7227900000,"- Fil machine en autres aciers alliés, du n°72.27",5.0,18.0,26.58
7228100000,- Barres en aciers à coupe rapide,20.0,18.0,44.28
7228200000,- Barres en aciers silico-manganeux,20.0,18.0,44.28
7228300000,"- Barres en autres aciers alliés (sauf en aciers à coupe rapide ou silico-manganeux), simplement laminées ou filées à chaud",20.0,18.0,44.28
7228400000,"- Barres en autres aciers alliés (sauf en aciers à coupe rapide ou silico-manganeux), simplement forgées",20.0,18.0,44.28
7228500000,"- Barres en autres aciers alliés (sauf en aciers à coupe rapide ou silico-manganeux), simplement obtenues ou parachevées à froid",20.0,18.0,44.28
7228600000,"- Autres barres en autres aciers alliés, du n° 72.28",20.0,18.0,44.28
7228700000,- Profilés en autres aciers alliés,20.0,18.0,44.28
7228800000,"- Barres creuses pour le forage, en aciers alliés ou non alliés",20.0,18.0,44.28
7229200000,- Fils en aciers silico-manganeux,10.0,18.0,32.48
7229900000,- Fils en autres aciers alliés autres qu'en aciers silico-manganeux,10.0,18.0,32.48
7301100000,"- Palplanches en fer ou en acier, même percées ou faites d'éléments assemblés",10.0,18.0,32.48
7301200000,"- Profilés obtenus par soudage, en fer ou en acier",20.0,18.0,44.28
7302100000,"- Rails en fonte, fer ou acier",5.0,18.0,26.58
8306290000,"-- Statuettes et autres objets d'ornement, en métaux communs autres qu'argentés, dorés ou platinés",20.0,18.0,44.28
8306300000,"- Cadres pour photographies, gravures ou similaires en métaux communs ; miroirs en métaux communs",20.0,18.0,44.28
8307101000,-- Gaines pour câble en fer ou en acier,20.0,18.0,44.28
8307109000,"-- Tuyaux flexibles en fer ou en acier, même avec leurs accessoires autres que les gaines pour câble",20.0,18.0,44.28
8307900000,"- Tuyaux flexibles, même avec leurs accessoires, en autres métaux communs autres qu'en fer ou en acier",20.0,18.0,44.28
8308100000,"- Agrafes, crochets et ?œillets pour vêtements, chaussures, bâches, maroquinerie, ou pr toutes confections ou équipements, en métaux communs",10.0,18.0,32.48
8308200000,"- Rivets tubulaires ou à tige fendue, en métaux communs",10.0,18.0,32.48
8308900000,"- Fermoirs, montures-fermoirs, boucles, boucles-fermoirs… perles et ..., y compris les parties des ouvrages du n°83.08, en métaux communs",10.0,18.0,32.48
8309101000,"-- Bouchons-couronnes destinés à l'?industrie pharmaceutique, en métaux communs",10.0,18.0,32.48
8309109000,"-- Bouchons-couronnes autres que ceux destinés à l'industrie pharmaceutique, en métaux communs",10.0,18.0,32.48
8309901000,"-- Bouchons (sauf bouchons-couronnes), couvercles... autres accessoires pr l'emballage, en métaux communs, pour l?'industrie pharmaceutique",10.0,18.0,32.48
8309909000,"-- Bouchons (sauf bouchons-couronnes), couvercles... aut. accessoires pr l'emballage, en métaux communs, aut. que pr industrie pharmaceutiq.",10.0,18.0,32.48
8310000000,"Plaques indicatrices, plaques-enseignes..et similaires, chiffres, lettres et enseignes diverses, en métaux communs, sauf ceux du n° 94.05.",20.0,18.0,44.28
8311100000,"- Electrodes enrobées pour le soudage à l'arc, en métaux communs",20.0,18.0,44.28
8311200000,"- Fils fourrés pour le soudage à l'arc, en métaux communs",20.0,18.0,44.28
8311300000,"- Baguettes enrobées et fils fourrés pour le brasage ou le soudage à la flamme, en métaux communs",20.0,18.0,44.28
8311900000,"- Autres ouvrages en métaux communs, du n° 83.11",20.0,18.0,44.28
8401100000,- Réacteurs nucléaires,5.0,18.0,26.58
8401200000,"- Machines et appareils pour la séparation isotopique, et leurs  parties",5.0,18.0,26.58
8401300000,- Eléments combustibles (cartouches) non irradiés pour réacteurs nucléaires,5.0,18.0,26.58
8401400000,- Parties de réacteurs nucléaires,5.0,18.0,26.58
8402110000,-- Chaudières à vapeur aquatubulaires d'une production horaire de vapeur excédant 45 tonnes,5.0,18.0,26.58
8402120000,-- Chaudières à vapeur aquatubulaires d'une production horaire de vapeur n'excédant pas 45 tonnes,5.0,18.0,26.58
8402190000,"-- Autres chaudières à vapeur, y compris les chaudières mixtes, du n° 84.02",5.0,18.0,26.58
8402200000,- Chaudières dites «à eau surchauffée»,5.0,18.0,26.58
8402900000,- Parties des chaudières à vapeur et de chaudière dite «à eau surchauffée»,5.0,18.0,26.58
8403100000,- Chaudières pour le chauffage central autres que celles du n° 84.02,5.0,18.0,26.58
8465950000,"-- Machines à percer ou à mortaiser le bois, le liège, l'os, le caoutchouc durci, les matières plastiques dures ou matières dures similaires",5.0,18.0,26.58
8465960000,"-- Machines à fendre, à trancher ou à dérouler les bois, liège, os, caoutchouc durci, matières plastiques dures ou matières dures similaires",5.0,18.0,26.58
8465990000,"-- Autres machines-outils (…) pour travail des bois, liège, os, caoutchouc durci, matières plastiques dures ou matières dures... du N°84.65",5.0,18.0,26.58
8466100000,- Porte-outils et filières à déclenchement automatique,5.0,18.0,26.58
8466200000,- Porte-pièces,5.0,18.0,26.58
8466300000,- Dispositifs diviseurs et autres dispositifs spéciaux se montant sur machines-outils,5.0,18.0,26.58
8466910000,-- Autres parties et accessoires pour machines du n° 84.64,5.0,18.0,26.58
8466920000,-- Autres parties et accessoires pour machines du n° 84.65,5.0,18.0,26.58
8466930000,-- Autres parties et accessoires pour machines des n°s 84.56 à 84.61,5.0,18.0,26.58
8466940000,-- Autres parties et accessoires pour machines des n°s 84.62 ou 84.63,5.0,18.0,26.58
8467110000,"-- Outils pneumatiques rotatifs (même à percussion), pour emploi à la main",5.0,18.0,26.58
8467190000,"-- Outils pneumatiques autres que rotatifs (même à percussion), pour emploi à la main",5.0,18.0,26.58
8467210000,"-- Perceuses de tous genres, y compris les perforatrices rotatives, à moteur électrique incorporé, pour emploi à la main",5.0,18.0,26.58
8467220000,"-- Scies et tronçonneuses, à moteur électrique incorporé, pour emploi à la main",5.0,18.0,26.58
8467290000,"-- Autres outils à moteur électrique incorporé, pour emploi à la main du n° 84.67",5.0,18.0,26.58
8467810000,"-- Tronçonneuses à chaîne, à moteur non électrique incorporé, pour emploi à la main",5.0,18.0,26.58
8467890000,"-- Outils hydrauliques et autres outils à moteur non électrique incorporé, pour emploi à la main",5.0,18.0,26.58
8467910000,"-- Parties de tronçonneuses à chaîne, à moteur non électrique incorporé, pour emploi à la main",5.0,18.0,26.58
8467920000,"-- Parties d'outils pneumatiques, pour emploi à la main",5.0,18.0,26.58
8467990000,"-- Parties des outils hydrauliques et d'autres outils à moteur (électrique ou non électrique) incorporé, pour emploi à la main, du n° 84.67",5.0,18.0,26.58
8468100000,- Chalumeaux guidés à la main,5.0,18.0,26.58
8468200000,"- Machines et appareils aux gaz, à l'exclusion des chalumeaux guidés à la main",5.0,18.0,26.58
8468800000,"- Machines et appareils, autres qu'aux gaz, pour le brasage ou le soudage, même pouvant couper, autres que ceux du n° 85.15",5.0,18.0,26.58
8468900000,- Parties des machines et appareils du n° 84.68,5.0,18.0,26.58
8470100000,"- Calculatrices électroniques ... et machines de poche avec une fonction de calcul, enregistrant, reproduisant et affichant des informations",20.0,18.0,44.28
8470210000,-- Autres machines à calculer électroniques comportant un organe imprimant,20.0,18.0,44.28
8470290000,-- Autres machines à calculer électroniques du n° 84.70,20.0,18.0,44.28
8470300000,- Machines à calculer autres qu'électroniques,20.0,18.0,44.28
8470500000,- Caisses enregistreuses,20.0,18.0,44.28
6802100000,"- Carreaux, cubes, dés et similaires …dans un carré dont le côté est inférieur à 7 cm; granulés, éclats et poudres, colorés artificiellement",20.0,18.0,44.28
6802210000,"-- Marbre, travertin, albâtre et ouvrages simplement taillés ou sciés et à surface plane ou unie",20.0,18.0,44.28
6802230000,-- Granit et ouvragessimplement taillés ou sciés et à surface plane ou unie,20.0,18.0,44.28
6802290000,"-- Pierre de taille ou de construction et ouvrages, sauf marbre, travertin, albâtre et granit, ... taillée ou sciée, à surface plane ou unie",20.0,18.0,44.28
6802910000,"-- Marbre, travertin et albâtre et ouvrages, autres que ceux simplement taillés ou sciés et à surface plane ou unie",20.0,18.0,44.28
6802920000,"-- Pierres calcaires et ouvrages, aut. que ... taillés ou sciés et à surface plane ou unie, à l'exclusion des marbre, travertin et albâtre",20.0,18.0,44.28
6802930000,"-- Granit et ouvrages, autres que simplement taillés ou sciés et à surface plane ou unie",20.0,18.0,44.28
6802991000,"--- Stéatite naturelle et ouvrages, autres que simplement taillés ou sciés et à surface plane ou unie",20.0,18.0,44.28
6802999000,--- Autres pierres de taille ou de construction et ouvrages en ces pierres du n° 68.02,20.0,18.0,44.28
6803000000,Ardoise naturelle travaillée et ouvrages en ardoise naturelle ou agglomérée (ardoisine).,20.0,18.0,44.28
6804100000,"- Meules à moudre ou à défibrer, sans bâtis, et parties, en pierres naturelles ... ou en céramique, même avec parties en autres matières",10.0,18.0,32.48
6804210000,"-- Meules et art. simil., sans bâtis, et parties, à broyer... en diamant naturel ou synthétiq., aggloméré, même avec parties en autres mat.",10.0,18.0,32.48
6804220000,"-- Meules et art. simil., sans bâtis, et parties, à broyer...en autres abrasifs agglomérés ou en céramique, même avec parties en autres mat.",10.0,18.0,32.48
6804230000,"-- Meules et articles similaires, sans bâtis, et parties, à broyer, aiguiser... en pierres naturelles, même avec parties en autres matières",10.0,18.0,32.48
6804300000,"- Pierres à aiguiser ou à polir à la main, et leurs parties, en pierres naturelles, en abrasifs naturels..., même avec parties en aut. mat.",10.0,18.0,32.48
6805100000,"- Abrasifs naturels ou artificiels en poudre ou en grains, appliqués sur tissus en matière textile, même découpés, cousus ou autr. assemblés",10.0,18.0,32.48
6805200000,"- Abrasifs naturels ou artificiels en poudre ou en grains, appliqués sur papier ou carton seulement, même découpés, cousus ou aut. assemblés",10.0,18.0,32.48
6805300000,"- Abrasifs naturels ou artificiels en poudre ou en grains, appliqués sur des matières aut. que textile, papier, carton, même… aut. assemblés",10.0,18.0,32.48
6806100000,"- Laines de laitier, de scories, de roche et laines minérales similaires, même mélangées entre elles, en masses, feuilles ou rouleaux",10.0,18.0,32.48
6806200000,"- Vermiculite expansée, argiles expansées, mousse de scories et produits minéraux similaires expansés, même mélangés entre eux",10.0,18.0,32.48
6806900000,"- Mélanges et ouvrages en matières minérales à usages d'isolant thermiq... pour l'absorb. du son, à l'exclu. des n° 68.11, 68.12 ou Chap. 69",20.0,18.0,44.28
6807100000,"- Ouvrages en asphalte ou en produits similaires (poix de pétrole, brais, par exemple), en rouleaux",20.0,18.0,44.28
7302300000,"- Aiguilles, pointes de c?ur, tringles d'aiguillage et autres éléments de croisement ou de changement de voies, en fonte, fer ou acier",5.0,18.0,26.58
7302400000,"- Eclisses et selles d'assise, en fonte, fer ou acier",5.0,18.0,26.58
7302900000,"- Autres éléments de voies ferrées, en fonte, fer ou acier, du n° 73.02",5.0,18.0,26.58
7303001000,"- Tubes, tuyaux et profilés creux, en fonte, des types utilisés pour canalisation sous pression",10.0,18.0,32.48
7303009000,"- Tubes, tuyaux et profilés creux, en fonte autres que des types utilisés pour canalisation sous pression",20.0,18.0,44.28
7304110000,"-- Tubes et tuyaux, sans soudure, en aciers inoxydables, des types utilisés pour oléoducs ou gazoducs",5.0,18.0,26.58
7304190000,"-- Tubes et tuyaux, sans soudure, en fer ou en acier (autres qu'en aciers inoxydables), des types utilisés pour oléoducs ou gazoducs",5.0,18.0,26.58
7304220000,"-- Tiges de forage, sans soudure,en aciers inoxydables, des types utilisés pour l'extraction du pétrole ou de gaz",5.0,18.0,26.58
7304230000,"-- Tiges de forage, sans soudure, en fer ou en acier (sauf en aciers inoxydables) des types utilisés pour l'extraction du pétrole ou de gaz",5.0,18.0,26.58
7304240000,"-- Tubes et tuyaux de cuvelage ou de production, sans soudure, en aciers inoxydables, types utilisés pour l'extraction du pétrole ou de gaz",5.0,18.0,26.58
7304290000,"-- Tubes et tuyaux de cuvelage ou de production, sans soudure, en fer ou en acier (sauf en aciers inox.), pr extraction du pétrole ou de gaz",5.0,18.0,26.58
7304311000,"--- Tubes, tuyaux et profilés creux, sans soudure, section circulaire, en fer ou acier non allié, étirés...à froid...pr canal. sous pression",10.0,18.0,32.48
7304312000,"--- Tubes, tuyaux et profilés creux, sans soudure, section circul., en fer ou acier non allié, étirés...à froid, pr industrie ... motocycles",5.0,18.0,26.58
7304319000,"--- Tubes, tuyaux et profilés creux, sans soudure, section circulaire, en fer ou en aciers non alliés, étirés ou laminés à froid, du n°73.04",20.0,18.0,44.28
7304391000,"--- Tubes, tuyaux et profilés creux, sans soudure, section circul., en fer ou aciers non alliés, non étirés ni...à froid, pour canalisation…",10.0,18.0,32.48
7304392000,"--- Tubes, tuyaux et profilés creux, sans soudure, section circul., en fer ou aciers non alliés, non étirés ni...à froid, pr cadres...moto.",5.0,18.0,26.58
7304399000,"--- Autres tubes, tuyaux et profilés creux, sans soudure, de section circulaire, en fer ou aciers non alliés, du n° 73.04",20.0,18.0,44.28
7304411000,"--- Tubes, tuyaux et profilés creux, sans soudure, de section circulaire, en aciers inox., étirés...à froid, pour canalisation sous pression",10.0,18.0,32.48
7304419000,"--- Tubes, tuyaux et profilés creux, sans soudure, section circul., en acier inox., étirés...à froid, aut. que pr canalisation sous pression",20.0,18.0,44.28
7304491000,"--- Tubes, tuyaux et profilés creux, sans soudure, section circulaire, en aciers inox., non étirés ni…à froid, pr canalisation sous pression",10.0,18.0,32.48
7304499000,"--- Tubes, tuyaux et profilés creux, sans soudure, section circul., en aciers inox., non étirés ni...à froid, aut. que pr canalisation sous…",20.0,18.0,44.28
7304511000,"--- Tubes, tuyaux et profilés creux, sans soudure, section circul.,en aut. aciers alliés, étirés ou...à froid, pr canalisation sous pression",10.0,18.0,32.48
8403900000,- Parties des chaudières pour le chauffage central autres que celles du n° 84.02,5.0,18.0,26.58
8404100000,"- Appareils auxiliaires pour chaudières des n° 84.02 ou 84.03 (économiseurs, surchauffeurs, appareils de ramonage ou de récupération ...)",5.0,18.0,26.58
8404200000,- Condenseurs pour machines à vapeur,5.0,18.0,26.58
8404900000,- Parties des appareils auxiliaires du n° 84.04,5.0,18.0,26.58
8405100000,"- Générateurs de gaz à l'air ou de gaz à l'eau ...; générateurs d'acétylène et générateurs similaires de gaz, par procédé à l'eau ...",5.0,18.0,26.58
8405900000,"- Parties de générateurs de gaz à l'air ou à l'eau … , et de générateurs d'acétylène et générateurs similaires de gaz, par procédé à l'eau …",5.0,18.0,26.58
8406100000,- Turbines à vapeur pour la propulsion de bateaux,5.0,18.0,26.58
8406810000,-- Turbines à vapeur (autres que pour la propulsion de bateaux) d'une puissance excédant 40 MW,5.0,18.0,26.58
8406820000,-- Turbines à vapeur (autres que pour la propulsion de bateaux) d'une puissance n'excédant pas 40 MW,5.0,18.0,26.58
8406900000,- Parties des turbines à vapeur,5.0,18.0,26.58
8407100000,- Moteurs pour l'aviation,10.0,18.0,32.48
8407210000,-- Moteurs pour la propulsion de bateaux du type hors-bord,5.0,18.0,26.58
8407290000,-- Moteurs pour la propulsion de bateaux autres que du type hors-bord,10.0,18.0,32.48
8407311000,"--- Moteurs à piston alternatif pour la propulsion des véhicules du Chap. 87, cylindrée n'excédant pas 50 cm3 pour l'industrie du montage",5.0,18.0,26.58
8407319000,"--- Moteurs à piston alternatif pour propulsion des véhicules du Chap.87, cylindrée n'excède pas 50cm3 aut. que pour l'industrie du montage",10.0,18.0,32.48
8407321000,"--- Moteurs à piston alternatif pour propulsion de véhicules du Chap.87, cylindrée excède  50 cm3 mais pas 250cm3 pour industrie du montage",5.0,18.0,26.58
8407329000,"--- Moteur à piston alternatif pr propulsion de véhicules du Chap.87, cylindrée excède  50cm3 mais pas 250cm3 aut. que pr indus. du montage",10.0,18.0,32.48
8407330000,"-- Moteurs à piston alternatif pour la propulsion des véhicules du Chap. 87, cylindrée excédant  250 cm3  mais n'excédant pas 1.000 cm³",10.0,18.0,32.48
8407340000,-- Moteurs à piston alternatif des types utilisés pour la propulsion des véhicules du chapitre 87 d'une cylindrée excédant 1.000 cm³,10.0,18.0,32.48
8407900000,"- Autres moteurs à piston alternatif ou rotatif, à allumage par étincelles (moteurs à explosion), du n° 84.07",10.0,18.0,32.48
8408100000,"- Moteurs à piston, à allumage par compression (moteur diesel ou semi-diesel) pour la propulsion de bateaux",10.0,18.0,32.48
8408200000,"- Moteurs à piston, à allumage par compression (moteur diesel ou semi-diesel) des types utilisés pour la propulsion de véhicules du Chap. 87",10.0,18.0,32.48
8408900000,"- Autres moteurs à piston, à allumage par compression (moteur diesel ou semi-diesel), du n° 84.08",10.0,18.0,32.48
8409100000,- Parties de moteurs pour l'aviation,10.0,18.0,32.48
8409910000,-- Parties reconnaissables comme étant exclusivement ou principalement destinées aux moteurs à piston à allumage par étincelles,10.0,18.0,32.48
8470900000,"- Machines comptables, machines à affranchir, à établir les tickets et les machines similaires, comportant un dispositif de calcul",20.0,18.0,44.28
8471301000,"-- Machines automatiques de traitement de l'information portatives, n'excédant pas 10kg ... démonté ou non monté pour l'industrie du montage",5.0,18.0,26.58
8471309000,"-- Machines automatiques de traitement de l'information portatives, poids n'excédant pas 10kg, autres que pour l'industrie du montage",5.0,18.0,26.58
8471411000,"--- Autres machines automatiques de traitement de l'information, au moins une unité centrale et une unité ...  pour l'industrie du montage",5.0,18.0,26.58
8471419000,"--- Autres machines automatiques de traitement de l'informat.,au moins une unité centrale et une unité ... aut. que pr industrie du montage",5.0,18.0,26.58
8471491000,"--- Autres machines automatiques de traitement de l'information,  sous forme de systèmes … démonté ou non monté, pour l'industrie du montage",5.0,18.0,26.58
8471499000,"--- Autres machines automatiques de traitement de l'information, sous forme de systèmes, autres que pour l'industrie du montage",5.0,18.0,26.58
8471501000,"-- Unités de traitement autres que celles des n°s8471.41 ou 8471.49, avec une ou deux des unités (mémoire, …)  pour l'industrie du montage",5.0,18.0,26.58
8471509000,"-- Unité de traitement aut. que celles des N°8471.41 ou 8471.49, avec une ou deux des unités (mémoire, …), aut. que pr industrie du montage",5.0,18.0,26.58
8471601000,"-- Unités d'entrée ou de sortie pouvant comporter, sous la même enveloppe, des unités de mémoire ... non monté pour l'industrie du montage",5.0,18.0,26.58
8471609000,"-- Unités d'entrée ou de sortie pouvant comporter, sous la même enveloppe, des unités de mémoire, autres que pour l'industrie du montage",5.0,18.0,26.58
8471701000,-- Unités de mémoire présentées entièrement à l'?état démonté ou non monté importées pour l'?industrie du montage,5.0,18.0,26.58
8471709000,-- Unités de mémoire autres que pour l'?industrie du montage,5.0,18.0,26.58
8471801000,"-- Autres unités de machines automatiques de traitement de l'information, présentées ... démonté ou non monté pour l'?industrie du montage",5.0,18.0,26.58
8471809000,"-- Autres unités de machines automatiques de traitement de l'information,  autres que pour l'industrie du montage",5.0,18.0,26.58
8471900000,"- Lecteurs magnétiques ou optiques, machines de mise d'informations sur support sous forme codée et de traitement de ces informations, NDCA",5.0,18.0,26.58
8472100000,- Duplicateurs hectographiques ou  stencils,20.0,18.0,44.28
8472300000,"- Machine pour le triage, pliage, mise sous envelop ..., à ouvrir, fermer ou sceller la correspondance, à apposer ou à oblitérer les timbres",20.0,18.0,44.28
8472900000,"- Autres machines et appareils de bureau ( à imprimer les adresses,  distributeur automatique de billets de banque ...) du n° 84.72",20.0,18.0,44.28
8473210000,"-- Parties et accessoires (autres que coffret, housse et similaires) des machines à calculer électroniq. des n°s 8470.10, 8470.21 ou 8470.29",10.0,18.0,32.48
8473290000,"-- Parties et accessoires (autres que les coffrets, housses et similaires) des machines du n° 84.70, à l'exclusion de ceux du n°8473.21",10.0,18.0,32.48
8473300000,"- Parties et accessoires (autres que les coffrets, housses et similaires) des machines du n° 84.71",5.0,18.0,26.58
8473400000,"- Parties et accessoires (autres que les coffrets, housses et similaires) des machines du n° 84.72",10.0,18.0,32.48
6807900000,"- Ouvrages en asphalte ou en produits similaires (poix de pétrole, brais, par exemple), autres qu'en rouleaux",20.0,18.0,44.28
6808000000,"Panneaux, planches, carreaux, blocs et articles simil., en fibre végétale...ou aut. déchets de bois, agglo. avec du ciment… liants minéraux.",20.0,18.0,44.28
6809110000,"-- Planches, plaques, panneaux, carreaux et articles simil., non ornementés, en plâtre ou..., revêtus ou renforcés de papier ou de carton …",20.0,18.0,44.28
6809190000,"-- Planches, plaques, panneaux, carreaux et articles similaires, non ornementés, en plâtre ou..., autres que ceux du n° 6809.11",20.0,18.0,44.28
6809900000,"- Autres ouvrages en plâtre ou en compositions à base de plâtre aut. que planche, plaque, panneau, carreau et article simil., non ornementés",20.0,18.0,44.28
6810110000,"-- Blocs et briques en ciment, en béton ou en pierre artificielle, même armés, pour la construction",20.0,18.0,44.28
6810190000,"-- Tuiles, carreaux, dalles,articles similaires, en ciment, béton ou pierre artificielle, même armés, sauf blocs et briques pr construction",20.0,18.0,44.28
6810910000,"-- Eléments préfabriqués pour le bâtiment ou le génie civil en ciment, en béton ou en pierre artificielle, même armés.",20.0,18.0,44.28
6810990000,"-- Autres ouvrages en ciment, en béton ou en pierre artificielle, même armés du n° 68.10",20.0,18.0,44.28
6811401000,"-- Tuyaux, gaines et accessoires de tuyauterie en amiante-ciment pour canalisation d'eau, contenant de l'amiante",5.0,18.0,44.28
6811409000,"-- Ouvrages contenant de l'amiante à l'exclusion des tuyaux, gaines et accessoires de tuyauterie pour canalisation d'eau",20.0,18.0,44.28
6811810000,-- Plaques ondulées ne contenant pas d'amiante,20.0,18.0,44.28
6811820000,"-- Plaques autres qu'ondulées, panneaux, carreaux, tuiles et articles similaires, ne contenant pas d'amiante",20.0,18.0,44.28
6811891000,"--- Tuyaux, gaines et accessoires de tuyauterie en cellulose-ciment ou similaires, pour canalisation d'eau, ne contenant pas d'amiante",5.0,18.0,26.58
6811899000,"--- Autres ouvrages ne contenant pas d'amiante, du n° 68.11",20.0,18.0,26.58
6812800000,"- Ouvrages en crocidolite (fils, tissus, vêtements, coiffures, chaussures, joints par ex.), même armés, aut. que ceux des n°s 68.11 ou 68.13",20.0,18.0,44.28
6812910000,"-- Vêtements et accessoires, chaussures et coiffures en amiante  ... autres qu'en crocidolite, même armés, sauf ceux des n°s 68.11 ou 68.13",20.0,18.0,44.28
6812920000,"-- Papiers, cartons et feutres en amiante ou en mélange à base d'amiante, aut. qu'en crocidolite, même armés,sauf ceux des n°s68.11 ou 68.13",20.0,18.0,44.28
6812930000,"-- Feuilles en amiante et élastomère comprimé, pour joints, même en rouleaux ou armés, aut. qu'en crocidolite et ceux des n°s 68.11 ou 68.13",20.0,18.0,44.28
6812990000,"-- Amiante travaillé, en fibres; mélanges à base d'amiante ou à base d'amiante et de carbonate de magnésium; autres ouvrages du n°68.12",20.0,18.0,44.28
6813200000,"- Garnitures de friction (...), non montées, pour organes de frottement, contenant de l'amiante … même combinés avec d'autres matières",10.0,18.0,32.48
6813810000,"-- Garnitures de freins ne contenant pas d'amiante, non montées, pour organes de frottement,… même combinés avec d'autres matières",10.0,18.0,32.48
6813890000,"-- Autres garnitures de friction pour organes de frottement ne contenant pas d'amiante, du n° 68.13",10.0,18.0,32.48
7304519000,"--- Tubes, tuyaux et profilés creux, sans soudure, sect. circul., en aut. aciers alliés, étirés ou...à froid, aut. que pr canalisation sous…",20.0,18.0,44.28
7304591000,"--- Tubes, tuyaux et profilés creux, sans soudure, section circul., en aut. aciers alliés, non étirés ni...à froid, pr canalisation sous...",10.0,18.0,32.48
7304599000,"--- Tubes, tuyaux et profilés creux, sans soudure, section circul., en aut. aciers alliés, non étirés ni...à froid, aut. que pr canal. sous…",20.0,18.0,44.28
7304900000,"- Autres tubes, tuyaux et profilés creux, sans soudure, en fer ou en acier, du n° 73.04",20.0,18.0,44.28
7305110000,"-- Tubes et tuyaux soudés longitudinalement à l'arc immergé, section circulaire, diamètre excédant 406,4mm, pr oléoducs..., en fer ou acier",10.0,18.0,26.58
7305120000,"-- Tubes et tuyaux soudés longitudinalement aut. qu'à l'arc immergé, sect. circul., diamètre excéd. 406,4mm, pr oléoducs...,en fer ou acier",5.0,18.0,26.58
7305190000,"-- Tubes et tuyaux autres que soudés longitudinalement, section circulaire, diamètre excédant 406,4mm, pour oléoducs ou...,en fer ou acier",5.0,18.0,26.58
7305200000,"- Tubes et tuyaux de cuvelage, section circulaire, diamètre extérieur excédant 406,4mm, en fer ou acier, pr extraction du pétrole ou du gaz",5.0,18.0,26.58
7305311000,"--- Tubes et tuyaux soudés longitudinalement, section circulaire, diamètre excédant 406,4mm, en fer ou acier, pr canalisation sous pression",10.0,18.0,32.48
7305319000,"--- Autres tubes et tuyaux soudés longitudinalement, de section circulaire, d'un diamètre excédant 406,4mm, en fer ou en acier, du n°73.05",20.0,18.0,44.28
7305391000,"--- Tubes et tuyaux soudés autr. que longitudinalement, sect. circul., diamètre excéd. 406,4mm, en fer ou acier, pr canalisat. sous pression",10.0,18.0,32.48
7305399000,"--- Autres tubes et tuyaux soudés autr. que longitudinalement, section circulaire, diamètre excédant 406,4mm, en fer ou acier, du n°73.05",20.0,18.0,44.28
7305901000,"-- Tubes et tuyaux autres que soudés, de section circulaire, diamètre excédant 406,4mm, en fer ou en acier, pour canalisation sous pression",10.0,18.0,32.48
7305909000,"-- Autres tubes et tuyaux autres que soudés, de section circulaire, d'un diamètre excédant 406,4mm, en fer ou en acier, du n° 73.05",20.0,18.0,44.28
7306110000,"-- Tubes et tuyaux soudés, en aciers inoxydables, des types utilisés pour oléoducs ou gazoducs",5.0,18.0,26.58
7306190000,"-- Tubes et tuyaux en fer ou en acier (sauf ceux soudés, en aciers inoxydables), des types utilisés pour oléoducs ou gazoducs",5.0,18.0,26.58
7306210000,"-- Tubes et tuyaux de cuvelage ou de production, soudés, en aciers inoxydables, des types utilisés pour l'extraction du pétrole ou de gaz",5.0,18.0,32.48
7306290000,"-- Tubes et tuyaux de cuvelage ou de production, en fer ou acier (sauf ceux soudés, en aciers inoxydables), pr extraction du pétrole ou gaz",5.0,18.0,44.28
7306301000,"-- Tubes, tuyaux et profilés creux, soudés, de section circulaire, en fer ou en aciers non alliés, pour canalisation sous pression",10.0,18.0,32.48
7306309000,"-- Tubes, tuyaux et profilés creux, soudés, de section circulaire, en fer ou en aciers non alliés aut. que pour canalisation sous pression",20.0,18.0,44.28
7306401000,"-- Tubes, tuyaux et profilés creux, soudés, de section circulaire, en aciers inoxydables, des types utilisés pour canalisation sous pression",10.0,18.0,32.48
8409990000,-- Autres parties reconnaissables comme étant exclusivement ou principalement destinées aux moteurs des n°s 84.07 ou 84.08,10.0,18.0,32.48
8410110000,-- Turbines et roues hydrauliques d'une puissance n'excédant pas 1.000 kW,5.0,18.0,26.58
8410120000,-- Turbines et roues hydrauliques d'une puissance excédant 1.000 kW mais n'excédant pas 10.000 kW,5.0,18.0,26.58
8410130000,-- Turbines et roues hydrauliques d'une puissance excédant 10.000 kW,5.0,18.0,26.58
8410900000,"- Parties des turbines hydrauliques et roues hydrauliques, y compris les régulateurs, du n° 84.10",5.0,18.0,26.58
8411110000,-- Turboréacteurs d'une poussée n'excédant pas 25 kN,5.0,18.0,26.58
8411120000,-- Turboréacteurs d'une poussée excédant 25 kN,5.0,18.0,26.58
8411210000,-- Turbopropulseurs d'une puissance n'excédant pas 1.100 kW,5.0,18.0,26.58
8411220000,-- Turbopropulseurs d'une puissance excédant 1.100 kW,5.0,18.0,26.58
8411810000,"-- Turbines à gaz, autres que les turboréacteurs et les turbopropulseurs, d'une puissance n'excédant pas 5.000 kW",5.0,18.0,26.58
8411820000,"-- Turbines à gaz, autres que les turboréacteurs et les turbopropulseurs, d'une puissance excédant 5.000 kW",5.0,18.0,26.58
8411910000,-- Parties de turboréacteurs ou de turbopropulseurs,5.0,18.0,26.58
8411990000,"-- Parties des turbines à gaz, autres que celles des turboréacteurs et turbopropulseurs",5.0,18.0,26.58
8412100000,- Propulseurs à réaction autres que les turboréacteurs,5.0,18.0,26.58
8412210000,-- Moteurs hydrauliques à mouvement rectiligne (cylindres),5.0,18.0,26.58
8412290000,-- Moteurs hydrauliques autres qu'à mouvement rectiligne (cylindres),5.0,18.0,26.58
8412310000,-- Moteurs pneumatiques à mouvement rectiligne (cylindres),5.0,18.0,26.58
8412390000,-- Moteurs pneumatiques autres qu'à mouvement rectiligne (cylindres),5.0,18.0,26.58
8412800000,"- Autres moteurs et machines motrices, à l'exclusion des moteurs hydrauliques ou pneumatiques, du n° 84.12",5.0,18.0,26.58
8412900000,"- Parties d'autres moteurs et machines motrices, du n° 84.12",5.0,18.0,26.58
8413110000,"-- Pompes pour la distribution de carburants ou de lubrifiants, des types utilisés dans les stations-service ou les garages",10.0,18.0,44.28
8413190000,"-- Pompes comportant  un dispositif mesureur ou conçues pour comporter un tel dispositif, autres que celles du n° 8413.11",10.0,18.0,44.28
8413200000,"- Pompes actionnées à la main, autres que celles des n°s 8413.11 ou 8413.19",5.0,18.0,7.5
8413300000,"- Pompes à carburant, à huile ou à liquide de refroidissement pour moteurs à allumage par étincelles ou par compression",10.0,18.0,32.48
8413400000,- Pompes à béton,5.0,18.0,26.58
8413500000,- Autres pompes volumétriques alternatives,5.0,18.0,26.58
8413600000,- Autres pompes volumétriques rotatives,5.0,18.0,26.58
8413700000,- Autres pompes centrifuges,5.0,18.0,26.58
8413810000,-- Autres pompes du n° 84.13,5.0,18.0,26.58
8473500000,- Parties et accessoires ( … ) qui peuvent être utilisés indifféremment avec les machines ou appareils de plusieurs des n°s 84.70 à 84.72,10.0,18.0,32.48
8474100000,"- Machines et appareils à trier, cribler, séparer ou laver les terres, pierres, minérais ou autres matières minérales solides (...)",5.0,18.0,26.58
8474200000,"- Machines et appareils à concasser, broyer ou pulvériser les terres, pierres, minérais ou autres matières minérales solides (...)",5.0,18.0,26.58
8474310000,--   Bétonnières et appareils à gâcher le ciment,5.0,18.0,26.58
8474320000,-- Machines à mélanger les matières minérales au bitume,5.0,18.0,26.58
8474390000,"-- Autres machines et appareils à mélanger ou à malaxer  les terres, pierres, minérais ou autres matières minérales solides (...)",5.0,18.0,26.58
8474800000,"- Machines et appareils à agglomérer, former, mouler ... en poudre ou en pâte; machines à former les moules de  fonderies en sable",5.0,18.0,26.58
8474900000,- Parties de machines et appareils du n° 84.74,5.0,18.0,26.58
8475100000,"- Machines pr assemblage de lampes,tubes ou valves électriques ou électroniques ou lampes pr production lumière-éclair, comportant… en verre",5.0,18.0,26.58
8475210000,-- Machines pour la fabrication des fibres optiques et de leurs ébauches,5.0,18.0,26.58
8475290000,"-- Machines pour la fabrication ou le travail à chaud du  verre ou des ouvrages en verre, à l'exclusion des fibres optiq. et leurs ébauches",5.0,18.0,26.58
8475900000,- Parties des machines et appareils du N° 84.75,5.0,18.0,26.58
8476210000,-- Machines automatiques de vente de boissons comportant un dispositif de chauffage ou de réfrigération,5.0,18.0,26.58
8476290000,-- Machines automatiques de vente de boissons autres que celles comportant un dispositif de chauffage ou de réfrigération,5.0,18.0,26.58
8476810000,-- Machines automatiques de vente de produits (autres que boissons) comportant un dispositif de chauffage ou de réfrigération,5.0,18.0,26.58
8476890000,"-- Machines automatiques de vente de produits (sauf boissons) sans dispositif de chauffage ou de réfrigération, y cpris … changer la monnaie",5.0,18.0,26.58
8476900000,"- Parties des machines automatiques de vente de produits (… ), y compris celles des machines pour changer la monnaie",5.0,18.0,26.58
8477100000,- Machines à mouler par injection le caoutchouc ou les matières plastiques,5.0,18.0,26.58
8477200000,- Extrudeuses,5.0,18.0,26.58
8477300000,- Machines à mouler par soufflage le caoutchouc ou les matières plastiques,5.0,18.0,26.58
8477400000,- Machines à mouler sous vide et autres machines à thermoformer le caoutchouc ou les matières plastiques,5.0,18.0,26.58
8477510000,-- Machines et appareils à mouler ou à rechaper les pneumatiques ou à mouler ou à former les chambres à air,5.0,18.0,26.58
8477590000,"-- Machines et appareils à mouler ou à former  le caoutchouc ou les matières plastiques, autres que ceux du n° 8477.51",5.0,18.0,26.58
8477800000,"- Autres machines et appareils pour le travail du caoutchouc ou des matières plastiques ou ... produits en ces mat., NDCA dans le Chap. 84",5.0,18.0,26.58
8477900000,- Parties des machines et appareils du n° 84.77,5.0,18.0,26.58
8478100000,"- Machines et appareils pour la préparation ou la transformation du tabac, non dénommés ni compris ailleurs dans le présent Chapitre",5.0,18.0,26.58
6814100000,"- Plaques, feuilles et bandes en mica aggloméré ou reconstitué, même sur support",20.0,18.0,44.28
6814900000,"- Mica travaillé, y compris le mica aggloméré ou constitué, et autres ouvrages en mica, même sur support en autres matières",20.0,18.0,44.28
6815100000,"- Ouvrages en graphite ou en autre carbone, pour usages autres qu'électriques",20.0,18.0,44.28
6815200000,- Ouvrages en tourbe,20.0,18.0,44.28
6815910000,"-- Ouvrages en pierres ou en autres matières minérales contenant de la magnésite, de la dolomie ou de la chromite",20.0,18.0,44.28
6815990000,-- Autres ouvrages en pierre ou en autres matières minérales  non dénommés ni compris ailleurs,20.0,18.0,44.28
6901000000,"Briques, dalles, carreaux et autres pièces céramiques en farines siliceuses fossiles (kieselguhr,...) ou en terres siliceuses analogues.",20.0,18.0,44.28
6902100000,"- Briques, dalles, carreaux et pièces céramiques..., réfractaires, aut. que ceux du n°69.01,contenant en poids plus de 50 % en Mg, Ca ou Cr…",20.0,18.0,44.28
6902200000,"- Briques, dalles, carreaux et pièces céramiques.., réfractaires, aut. que ceux du n°69.01, contenant en poids plus de 50% d'alumine,silice…",20.0,18.0,44.28
6902900000,"- Briques, dalles, carreaux et pièces céramiques analogues de construction...réfractaires, autres que ceux des n°s 69.01, 6902.10 et 6902.20",20.0,18.0,44.28
6903100000,"- Articles céramiques réfractaires (cornues...), aut. que ceux des n°s 69.01, 69.02 ...contenant en poids plus de 50% de graphite, carbone,…",20.0,18.0,44.28
6903200000,"- Articles céramiques réfractaires (cornues…) aut. que des n°s 69.01, 69.02...contenant en poids plus de 50% d'alumine(...) ou...silice(...)",20.0,18.0,44.28
6903900000,"- Articles céramiques réfractaires aut. que des n°s 69.01, 69.02 ou ceux contenant plus de 50% de graphite, ... carbone, d'alumine de silice",20.0,18.0,44.28
6904100000,- Briques de construction en céramique autres que celles des n°69.01 et 69.02,20.0,18.0,44.28
6904900000,"- Hourdis, cache-poutrelles et articles similaires, en céramique",20.0,18.0,44.28
6905100000,- Tuiles en céramique,20.0,18.0,44.28
6905900000,"- Eléments de cheminée, conduits de fumée, ornements architectoniques, en céramique, et autres poteries de bâtiment",20.0,18.0,44.28
6906000000,"Tuyaux, gouttières et accessoires de tuyauterie, en céramique.",20.0,18.0,44.28
6907210000,"-- Carreaux et dalles de pavement ou de revêtement, sauf ceux des N°s 6907.30 et 6907.40, d'un coefficient ... ou égal à 0,5%, en céramique",20.0,18.0,44.28
6907220000,"-- Carreaux et dalles de pavement ou de revêtement, sauf ceux des N°s 6907.30 et 6907.40, d'un coefficient ... ou égal à 10%, en céramique",20.0,18.0,44.28
6907230000,"-- Carreaux et dalles de pavement ou de revêtement, sauf ceux des N°s 6907.30 et 6907.40, d'un coefficient ... superieur à 10%, en céramique",20.0,18.0,44.28
6907300000,"- Cubes, dés et articles similaires pour mosaïques, autres que ceux du n° 6907.40, en céramique, même sur un support",20.0,18.0,44.28
6907400000,- Pièces de finition en céramique,20.0,18.0,44.28
6909110000,"-- Appareils et articles pour usages chimiques ou autres usages techniques, en porcelaine",5.0,18.0,26.58
7306409000,"-- Tubes, tuyaux et profilés creux, soudés, de section circulaire, en aciers inoxydables, autres que pour canalisation sous pression",20.0,18.0,44.28
7306501000,"-- Tubes, tuyaux et profilés creux, soudés, section circulaire, en autres aciers alliés, des types utilisés pour canalisation sous pression",10.0,18.0,32.48
7306509000,"-- Tubes, tuyaux et profilés creux, soudés, de section circulaire, en autres aciers alliés, autres que pour canalisation sous pression",20.0,18.0,44.28
7306610000,"-- Tubes, tuyaux et profilés creux, de section carrée ou rectangulaire, en fer ou en acier",20.0,18.0,44.28
7306690000,"-- Tubes, tuyaux et profilés creux, de section non circulaire, autre que carrée ou rectangulaire, en fer ou en acier",20.0,18.0,44.28
7306900000,"- Autres tubes, tuyaux et profilés creux, en fer ou en acier, du n° 73.06",20.0,18.0,44.28
7307111000,"--- Accessoires de tuyauterie, moulés, en fonte non malléable, des types utilisés pour canalisation sous pression",10.0,18.0,32.48
7307119000,"--- Accessoires de tuyauterie, moulés, en fonte non malléable, autres que des types utilisés pour canalisation sous pression",20.0,18.0,44.28
7307190000,"-- Accessoires de tuyauterie, moulés, en fonte ( sauf non malléable), fer ou acier",20.0,18.0,44.28
7307210000,-- Brides en aciers inoxydables,20.0,18.0,44.28
7307220000,"-- Coudes, courbes et manchons, filetés, en aciers inoxydables",20.0,18.0,44.28
7307230000,"-- Accessoires de tuyauterie à souder bout à bout, en aciers inoxydables",20.0,18.0,44.28
7307290000,"-- Autre accessoires de tuyauterie, en aciers inoxydables, du n° 73.07",20.0,18.0,44.28
7307910000,"-- Brides en fonte, fer ou acier (autres qu'en aciers inoxydables)",20.0,18.0,44.28
7307920000,"-- Coudes, courbes et manchons, filetés, en fonte, fer ou acier (autres qu'en aciers inoxydables)",20.0,18.0,44.28
7307930000,"-- Accessoires de tuyauterie à souder bout à bout, en fonte, fer ou acier (autres qu'en aciers inoxydables)",20.0,18.0,44.28
7307990000,"-- Autres accessoires de tuyauterie, en fonte, fer ou acier, du n° 73.07",20.0,18.0,44.28
7308100000,"- Ponts et éléments de ponts, en fonte, fer ou acier",5.0,18.0,26.58
7308201000,"-- Tours et pylônes en fonte, fer ou acier, des types utilisés pour le transport de l'énergie électrique",5.0,18.0,26.58
7308209000,"-- Tours et pylônes en fonte, fer ou acier autres que ceux des types utilisés pour le transport de l'énergie électrique",5.0,18.0,26.58
7308300000,"- Portes, fenêtres et leurs cadres et chambranles et seuils, en fonte, fer ou acier",20.0,18.0,44.28
7308400000,"- Matériel d'échafaudage, de coffrage, d'étançonnement ou d'étayage, en fonte, fer ou acier",5.0,18.0,26.58
7308901000,"-- Poteaux d'éclairage d'une hauteur de feu égale ou supérieure à 8 m, en fonte, fer ou acier",5.0,18.0,26.58
7308909100,"--- Buses métalliques, en fonte, fer ou acier",20.0,18.0,44.28
7308909900,"--- Autres constructions et parties de construct., articles préparés pour utilisation dans la construct., en fonte, fer ou acier, du n°73.08",5.0,18.0,26.58
7309001000,"- Réservoirs, silos, bacs, pour toutes matières (sauf gaz), en fonte, fer ou acier, d'une capacité minimale de 50 000 l sans dispositifs...",10.0,18.0,32.48
8413820000,-- Elévateurs à liquides,5.0,18.0,26.58
8413911000,--- Parties de pompes pour tous véhicules automobiles,5.0,18.0,26.58
8413912000,--- Parties de pompes à mains,5.0,18.0,7.5
8413919000,--- Parties de pompes autres que celles destinées aux véhicules et  celles à mains,5.0,18.0,26.58
8413920000,-- Parties d'élévateurs à liquides,5.0,18.0,26.58
8414100000,- Pompes à vide,5.0,18.0,26.58
8414201000,"-- Pompes à air, à main ou à pied pour gonfler les pneumatiques",20.0,18.0,44.28
8414209000,"-- Pompes à air, à main ou à pied, autres  que pour gonfler les pneumatiques",20.0,18.0,44.28
8414301000,-- Compresseurs des types utilisés dans les équipements frigorifiques destinés aux industries du  montage,5.0,18.0,26.58
8414309000,"-- Compresseurs des types utilisés dans les équipements frigorifiques, autres que ceux destinés aux industries du  montage",10.0,18.0,32.48
8414400000,- Compresseurs d'air montés sur châssis à roues et remorquables,10.0,18.0,32.48
8414510000,"-- Ventilateurs de table,sol, muraux, plafonniers, toitures ou de fenêtres, à moteur électrique incorporé, puissance n'excédant pas 125 W",20.0,18.0,44.28
8414590000,"-- Ventilateurs autres que de table, sol, muraux, plafonniers,  toitures ou fenêtres, à moteur électrique incorporé, puissance excédant 125W",20.0,18.0,44.28
8414600000,- Hottes dont le plus grand côté horizontal n'excède pas 120 cm,20.0,18.0,44.28
8414801000,-- Compresseurs d'air industriels,5.0,18.0,44.28
8414809000,-- Autres articles du n° 84.14,20.0,18.0,44.28
8414901000,-- Parties des articles relevant des n s° 8414.20 à 8414.51,10.0,18.0,32.48
8414909000,-- Autres parties des  articles du n° 84.14,10.0,18.0,32.48
8415101000,"-- Machines et appareils pour le conditionnement de l'air ...  mural ou fenêtres, ... «split-system» ... non monté pour industrie du montage",5.0,18.0,44.28
8415109000,"-- Machines et appareils pr conditionnement d'air ...  mural ou fenêtre, ... «split-system» ... non monté autres que pr industrie du montage",20.0,18.0,44.28
8415200000,- Machines et appareils pour le conditionnement de l'air  utilisés pour le confort des personnes dans les véhicules automobiles,20.0,18.0,44.28
8415810000,-- Autres machines et appareils pour conditionnement d'air avec dispositif de réfrigération et soupape d'inversion du cycle thermique (...),20.0,18.0,44.28
8415820000,"-- Autres machines et appareils du n° 84.15, avec dispositif de réfrigération sans soupape d'inversion du cycle thermique (...)",20.0,18.0,44.28
8415830000,"-- Autres machines et appareils du n° 84.15, sans dispositif de réfrigération",20.0,18.0,44.28
8415901000,"-- Parties de machines et appareils du n° 84.15, destinées aux industries du montage",5.0,18.0,26.58
8415909000,"-- Parties de machines et appareils du n° 84.15, autres que celles destinées aux industries du montage",10.0,18.0,32.48
8416100000,- Brûleurs  pour l'alimentation des foyers à combustibles liquides,5.0,18.0,26.58
8416200000,"- Brûleurs pour l'alimentation des foyers, à combustibles solides pulvérisés ou à gaz y compris les brûleurs mixtes",5.0,18.0,26.58
8478900000,"- Parties des machines et appareils pour la préparation ou la transformation du tabac, non dénommés ni compris ailleurs dans le Chapitre 84",5.0,18.0,26.58
8479100000,"- Machines et appareils mécaniques pour les travaux publics, le bâtiment ou les travaux analogues",5.0,18.0,26.58
8479200000,- Machines et appareils mécaniques pour l'extraction ou la préparation des huiles ou graisses végétales fixes ou animales,5.0,18.0,26.58
8479300000,- Presses pr fabrication de panneaux de particules ou de fibres de bois … et autres machine et appareil pr le traitement du bois ou du liège,5.0,18.0,26.58
8479400000,- Machines mécaniques de corderie ou de câblerie,5.0,18.0,26.58
8479500000,"- Robots industriels, non dénommés ni compris ailleurs",5.0,18.0,26.58
8479600000,- Appareils mécaniques à évaporation pour le rafraîchissement de l'air,5.0,18.0,26.58
8479710000,-- Passerelles d'embarquement pour passagers des types utilisés dans les aéroports,5.0,18.0,26.58
8479790000,-- Passerelles d'embarquement pour passagers autres que des types utilisés dans les aéroports,5.0,18.0,26.58
8479810000,"-- Machines et appareils mécaniques pour le traitement des métaux, y compris les bobineuses pour enroulements électriques",5.0,18.0,26.58
8479820000,"-- Machines et appareils mécaniques à mélanger, malaxer, concasser, broyer, cribler, tamiser, homogénéiser, émulsionner ou brasser",5.0,18.0,26.58
8479890000,-- Autres machines et appareils mécaniques ayant une fonction propre non dénommés ni compris ailleurs dans le chapitre 84,5.0,18.0,26.58
8479900000,- Parties des machines et appareils mécaniques du n° 84.79,5.0,18.0,26.58
8480100000,- Châssis de fonderie,5.0,18.0,26.58
8480200000,- Plaques de fond pour moules,5.0,18.0,26.58
8480300000,- Modèles pour moules,5.0,18.0,26.58
8480410000,-- Moules pour les métaux (autres que les lingotières) ou les carbures métalliques pour le moulage par injection ou par compression,5.0,18.0,26.58
8480490000,-- Moules pour les métaux (autres que les lingotières) ou les carbures métalliques autres que pour moulage par injection ou par compression,5.0,18.0,26.58
8480500000,- Moules pour le verre,5.0,18.0,26.58
8480600000,- Moules pour les matières minérales,5.0,18.0,26.58
8480710000,-- Moules pour le caoutchouc ou les matières plastiques pour le moulage par injection ou par compression,5.0,18.0,26.58
8480790000,-- Moules pour le caoutchouc ou les matières plastiques autres que pour le moulage par injection ou par                        compression,5.0,18.0,26.58
8481100000,- Détendeurs,10.0,18.0,32.48
8481200000,- Valves pour transmissions oléohydrauliques ou pneumatiques,5.0,18.0,26.58
8481300000,- Clapets et soupapes de retenue,10.0,18.0,32.48
8481400000,- Soupapes de trop-plein ou de sûreté,10.0,18.0,32.48
8481800000,"- Autres articles de robinetterie et organes similaires, du n° 84.81",10.0,18.0,32.48
8481900000,"- Parties des articles de robineterie et organes simmilaires pour tuyauterie, chaudière, reservoire, contenant similaire ... du n° 84.81",10.0,18.0,32.48
6909120000,"-- Art. pr usages chimiq. ou aut. usages techniq., dureté équivalente à 9 ou plus sur l'échelle de Mohs, en céramiq. aut. que porcelaine",5.0,18.0,26.58
6909190000,"-- Appareils et articles pour usages chimiques ou autres usages techniques, en céramique, autres que ceux des n°s 6909.11 et 6909.12",5.0,18.0,26.58
6909900000,"- Auges, bacs et récipients similaires pour l'économie rurale, cruchons et récipients similaires de transport ou d'emballage, en céramique",5.0,18.0,26.58
6910100000,"- Eviers, lavabos, colonnes de lavabos, baignoires, bidets, cuvettes d'aisance, réservoirs de chasse, urinoir et appareils ...,en porcelaine",20.0,18.0,44.28
6910900000,"- Eviers, lavabos, colonnes de lavabos, baignoires, bidets, cuvettes d'aisance, réservoirs ...similaires, en céramiq., aut. qu'en porcelaine",20.0,18.0,44.28
6911100000,"- Articles pour le service de la table ou de la cuisine, en porcelaine",20.0,18.0,44.28
6911900000,"- Autres articles de ménage ou d'économie domestique et articles d'hygiène ou de toilette, en porcelaine",20.0,18.0,44.28
6912001000,"- Articles pour le service de la table ou de la cuisine, en céramique, autres qu'en porcelaine",20.0,18.0,44.28
6912009000,"- Autres articles de ménage ou d'économie domestique et articles d'hygiène ou de toilette, en céramique, autres qu'en porcelaine",20.0,18.0,44.28
6913100000,"- Statuettes et autres objets d'ornementation, en porcelaine",20.0,18.0,44.28
6913900000,"- Statuettes et autres objets d'ornementation, en céramique, autres qu'en porcelaine",20.0,18.0,44.28
6914100000,- Autres ouvrages en porcelaine,20.0,18.0,44.28
6914900000,"- Autres ouvrages en céramique, autres qu'en porcelaine",20.0,18.0,44.28
7001000000,Calcin et autres déchets et débris de verre; verre en masse.,10.0,18.0,32.48
7002100000,"- Verre en billes (autres que les microsphères du n° 70.18), non travaillé",10.0,18.0,32.48
7002200000,"- Verre en barres ou baguettes, non travaillé",10.0,18.0,32.48
7002310000,"-- Verre en tubes non travaillé, en quartz ou en autre silice fondus",20.0,18.0,44.28
7002320000,"-- Verre en tubes non travaillé (sauf ceux du n° 7002.31), coeff. de dilatation linéaire n'excéd. pas 5 x 10-6 par Kelvin entre 0°C et 300°C",20.0,18.0,44.28
7002390000,-- Verre en tubes non travaillé autre qu'en quartz ou autre silice fondus ou verre d'un coeff. dilatation n'excéd. pas 5x10-6 par Kelvin…,20.0,18.0,44.28
7003120000,"-- Verre dit «coulé» en plaques et feuilles, non armées  colorées dans la masse, opacifiées... ou à couche absorbante...non autr. travaillé",20.0,18.0,44.28
7003190000,"-- Verre dit «coulé» en plaques et feuilles non armées, mais non autrement travaillé, à l'exclusion du n° 7003.12",20.0,18.0,44.28
7003200000,"- Verre dit «coulé» en plaques et feuilles, armées, même à couche absorbante, réfléchissante ou non, mais non autrement travaillé",20.0,18.0,44.28
7003300000,"- Verre dit «coulé» en profilés, même à couche absorbante, réfléchissante ou non réfléchissante, mais non autrement travaillé",20.0,18.0,44.28
7004200000,"- Verre étiré ou soufflé en feuilles, coloré dans la masse, opacifié, plaqué (doublé) ou à couche absorbante ...mais non autrement travaillé",20.0,18.0,44.28
7004900000,"- Verre étiré ou soufflé en feuilles, mais non autrement travaillé, à l'exclusion du n° 7004.20",20.0,18.0,44.28
7309009000,"- Autres récipients pour toutes matières (sauf gaz), en fonte, fer ou acier, d'une contenance excédant 300 l, du n°73.09",10.0,18.0,32.48
7310100000,"- Réservoirs, fûts, tambours, bidons...similaires pour toutes matières (sauf gaz), en fonte, fer ou acier, d'une contenance de 50 l à 300 l…",20.0,18.0,44.28
7310210000,"-- Boîtes à fermer par soudage ou sertissage, en fonte, fer ou acier, d'une contenance de moins de 50 l, sans dispositifs mécaniques ou…",20.0,18.0,44.28
7310290000,"-- Autres récipients pour toutes matières (sauf gaz), en fonte, fer ou acier, d'une contenance de moins de 50 l, du n° 73.10",20.0,18.0,44.28
7311000000,"Récipients pour gaz comprimés ou liquéfiés, en fonte, fer ou acier.",20.0,18.0,44.28
7312101000,"-- Câbles de freins et de dérailleur pour cycles et motocycles, en fer ou en acier, non isolés pour l'électricité",10.0,18.0,32.48
7312109100,"--- Câbles en acier galvanisé, non isolés pour l'électricité",10.0,18.0,32.48
7312109900,"--- Torons et câbles (autres cables des n°s 7312.10.10 et 7312.10.91), en fer ou en acier, non isolés pour l'électricité",20.0,18.0,44.28
7312900000,"- Tresses, élingues et articles similaires, en fer ou en acier, non isolés pour l'électricité",20.0,18.0,44.28
7313000000,"Ronces artificielles en fer ou acier; torsades, barbelées ou non, en fils ou feuillard de fer ou acier, des types utilisés pour les clôtures",20.0,18.0,44.28
7314120000,"-- Toiles métalliques tissées, continues ou sans fin, pour machines, en aciers inoxydables",20.0,18.0,44.28
7314140000,"-- Toiles métalliques tissées (à l'exclusion des toiles métalliques continues ou sans fin, pour machines), en aciers inoxydables",20.0,18.0,44.28
7314190000,-- Toiles métalliques tissées en fer ou en acier (autres qu'en aciers inoxydables),20.0,18.0,44.28
7314200000,"- Grillages et treillis, soudés aux points de rencontre, en fils de fer ou acier dont…au moins 3mm et la surf. des mailles a au moins 100cm²",20.0,18.0,44.28
7314310000,"-- Grillages et treillis, soudés aux points de rencontre (autres que du n°7314.20) en fils de fer ou d'acier, zingués",20.0,18.0,44.28
7314390000,"-- Autres grillages et treillis, soudés aux points de rencontre, en fils de fer ou d'acier, du n° 73.14",20.0,18.0,44.28
7314410000,"-- Toiles métalliques, grillages et treillis (autres que des n°s 7314.12 à 7314.39), en fils de fer ou d'acier, zingués",20.0,18.0,44.28
7314420000,"-- Toiles métalliques, grillages et treillis (aut. que des n°s 7314.12 à 7314.39),en fils de fer ou d'acier, recouverts de matières plastiq.",20.0,18.0,44.28
7314490000,"-- Autres toiles métalliques, grillages et treillis, en fils de fer ou d'acier, du n°73.14",20.0,18.0,44.28
7314500000,"- Tôles et bandes déployées, en fer ou en acier",20.0,18.0,44.28
7315111000,"--- Chaînes à rouleaux en fonte, fer ou acier, pour cycles et motocycles",10.0,18.0,32.48
7315119000,"--- Chaînes à rouleaux en fonte, fer ou acier autres que pour cycles et motocycles",20.0,18.0,44.28
7315120000,"-- Chaînes à maillons articulés en fonte, fer ou acier, autres que les chaînes à rouleaux",20.0,18.0,44.28
7315191000,"--- Manilles, en fonte, fer ou acier",10.0,18.0,32.48
7315199000,"--- Parties de chaînes à maillons articulés, en fonte, fer ou acier autres que les manilles",10.0,18.0,32.48
8716392200,"---- Remorques et semi-remorques (…) à benne basculante capacité inférieure ou égale à 6 m³, d'un poids inférieur à 1600 kg",10.0,18.0,32.48
8716392300,---- Remorques et semi-remorques pour le transport de marchandises à benne basculante d'une capacité supérieure à 6 m³,10.0,18.0,32.48
8716399000,--- Remorques et semi-remorques pour le transport de machandises autres qu'à benne basculante,10.0,18.0,32.48
8716400000,"- Autres remorques et semi-remorques, du n° 87.16",10.0,18.0,32.48
8716801000,"-- Véhicules non automobiles, à traction animale",10.0,18.0,32.48
8716802100,--- Brouettes,20.0,18.0,44.28
8716802900,"--- Véhicules non automobiles, dirigés à la main, autres que les brouettes",20.0,18.0,44.28
8716809000,-- Autres véhicules non automobiles du n° 87.16,20.0,18.0,44.28
8716901000,"-- Parties de remorques et semi-remorques, pour tous véhicules",5.0,18.0,26.58
8716902000,-- Parties de véhicules à traction animale,5.0,18.0,26.58
8716909000,"-- Parties des autres véhicules non automobiles, du n° 87.16",10.0,18.0,44.28
8801000000,"Ballons et dirigeables; planeurs, ailes volantes et autres véhicules aériens, non conçus pour la propulsion à moteur.",5.0,18.0,26.58
8802110000,-- Hélicoptères d'un poids à vide n'excédant pas 2.000 kg,5.0,18.0,26.58
8802120000,-- Hélicoptères d'un poids à vide excédant 2.000 kg,5.0,18.0,26.58
8802200000,"- Avions et autres véhicules aériens, d'un poids à vide n'excédant pas 2.000 kg",5.0,18.0,26.58
8802300000,"- Avions et autres véhicules aériens, d'un poids à vide excédant 2.000 kg mais n'excédant pas 15.000 kg",5.0,18.0,26.58
8802400000,"- Avions et autres véhicules aériens, d'un poids à vide excédant 15.000 kg",5.0,18.0,26.58
8802600000,- Véhicules spatiaux (y compris les satellites) et leurs véhicules lanceurs et véhicules sous-orbitaux,5.0,18.0,26.58
8803100000,"- Hélices et rotors, et leurs parties, des appareils des n°s 88.01 ou 88.02",5.0,18.0,26.58
8803200000,"- Trains d'atterrissage et leurs parties, des appareils des n°s 88.01 ou 88.02",5.0,18.0,26.58
8803300000,- Autres parties d'avions ou d'hélicoptères,5.0,18.0,26.58
8803900000,"- Parties des appareils des n°s 88.01 ou 88.02, à l'exclusion des n°s 8803.10, 8803.20 et 8803.30",5.0,18.0,26.58
8804000000,Parachutes (y compris les parachutes dirigeables et les parapentes) et rotochutes; leurs parties et accessoires.,5.0,18.0,26.58
8805100000,- Appareils et dispositifs pour le lancement ou l'appontage de véhicules aériens et appareils et dispositifs similaires; leurs parties,5.0,18.0,26.58
8805210000,-- Simulateurs de combat aérien et leurs parties,5.0,18.0,26.58
8805290000,--  Appareils au sol d'entrainement au vol et leurs parties autres que les simulateurs de combats aériens et leurs parties,5.0,18.0,26.58
8901101100,"--- Bateaux pour la navig. intérieure à propulsion mécaniq. pr  transport de personnes, d'une jauge brute inférieure ou égale à 500 tonneaux",5.0,18.0,7.5
8901109000,"--  Paquebots, autres bateaux de croisière et bateaux similaires principalement conçus pour le transport de personnes; transbordeurs",5.0,18.0,26.58
8901200000,- Bateaux-citernes,5.0,18.0,7.5
8901300000,- Bateaux frigorifiques autres que ceux du n° 8901.20,5.0,18.0,7.5
8901901100,--- Bateaux pr la navig. intérieure à propulsion mécaniq. pr le transport de marchandise d'une jauge brute inférieure ou égale 500 tonneaux,5.0,18.0,26.58
8901901200,--- Bateaux pour la navigation intérieure à propulsion mécaniq pour le transport de marchandises d'une jauge brute supérieure à 500 tonneaux,5.0,18.0,26.58
8901909000,"-- Autres bateaux pour le transport de marchandises, autres bateaux conçus à la fois pour le transport de personnes et de marchandises",5.0,18.0,26.58
8903100000,- Bateaux gonflables,20.0,18.0,44.28
8903910000,"-- Bateaux à voile, même avec moteur auxiliaire",20.0,18.0,44.28
8903920000,"-- Bateaux à moteur, autres qu'à moteur hors-bord",20.0,18.0,44.28
8903990000,"-- Autres bateaux, embarcations de plaisance ou de sport, bateaux à rames et canoës",20.0,18.0,44.28
8904000000,Remorqueurs et bateaux-pousseurs.,5.0,18.0,26.58
8905100000,- Bateaux-dragueurs,5.0,18.0,26.58
8905200000,"- Plates-formes de forage ou d'exploitation, flottantes ou submersibles",5.0,18.0,26.58
8905900000,"- Bateaux-phares, bateaux-pompes, pontons-grues et autres bateaux pour lesquels la navigation n'est qu'accessoire par ...; docks flottants",5.0,18.0,26.58
8906100000,- Navires de guerre,10.0,18.0,32.48
8906900000,- Autres bateaux y compris les bateaux de sauvetage autres qu'à rames,10.0,18.0,32.48
8907100000,- Radeaux gonflables,5.0,18.0,26.58
8907900000,"- Autres engins flottants (radeaux, réservoirs, caissons, coffres d'amarrage, bouées et balises par ex.), autres que les radeaux gonflables",10.0,18.0,32.48
8908000000,Bateaux et autres engins flottants à dépecer.,5.0,18.0,26.58
9001100000,- Fibres optiques et faisceaux de fibres optiques; câbles de fibres optiques autres que ceux du n° 85.44,5.0,18.0,26.58
9001200000,- Matières polarisantes en feuilles ou en plaques,10.0,18.0,32.48
8527199000,"--- Autres appareils récepteurs de radiodiffusion pouvant fonctionner sans source d'energie extérieure, du n° 85.27",20.0,18.0,44.28
8527210000,"-- Appareil récepteur de radiodiffusion à énergie extérieure, combiné à un appareil d'enregistr. ou de reprod. du son, pour véhicule auto.",20.0,18.0,44.28
8527290000,"-- Appareil récepteur de radiodiffusion à énergie extérieure, non combiné à un appareil d'enregistr. ou de reprod. du son, pr véhicule auto.",20.0,18.0,44.28
8527910000,"-- Appareil récepteur de radiodiffusion à énergie extérieure, combiné à un appareil d'enregistrement ...du son, autre que pr véhicule auto.",20.0,18.0,44.28
8527920000,"-- Autres appareils récepteurs de radiodiffusion à énergie extérieure, combinés uniquement à un appareil d'horlogerie",20.0,18.0,44.28
8527990000,"-- Autres appareils récepteurs de radiodiffusion, du n° 85.27",20.0,18.0,44.28
8528420000,"-- Moniteurs à tube cathodique, aptes à être connectés directement à une machine ... du n° 84.71 et conçus pour être utilisés avec celle-ci",5.0,18.0,44.28
8528490000,-- Moniteurs à tube cathodique...aut. que ceux utilisés exclusiv. ou principal. dans un syst. automatiq. de traitement de l'info.du n°84.71,20.0,18.0,44.28
8528520000,"-- Moniteurs autre qu'à tube cathodique, aptes à être connectés directement à une machine ... du n° 84.71 ... pr être utilisés avec celle-ci",5.0,18.0,44.28
8528590000,"-- Moniteurs autres qu'à tube cathodique ..., à l'exclusion de ceux du n° 8528.52",20.0,18.0,44.28
8528620000,-- Projecteurs aptes à être connectés directement à une machine automatique ... du n° 84.71 et conçus pour être utilisés avec celle-ci,5.0,18.0,44.28
8528690000,-- Projecteurs ... autres que ceux du n° 8528.62,20.0,18.0,44.28
8528711000,"--- Appareils récepteurs de télévision, … non conçus pr incorporer un dispositif d'affichage ou un écran vidéo ... pr l'industrie du montage",5.0,18.0,26.58
8528719000,--- Appareils récepteurs de télévision … non conçus pr incorporer dispositif d'affichage ou écran vidéo ... aut. que pr industrie du montage,20.0,18.0,44.28
8528721000,"--- Appareils récepteurs de télévision, … en couleurs présentés entièrement … ou non monté importés pour l'?industrie du montage",5.0,18.0,26.58
8528729000,"--- Appareils récepteurs de télévision, … en couleurs  importés autres que pour l?'industrie du montage",20.0,18.0,44.28
8528731000,"--- Appareils récepteurs de télévision, ... en monochromes, présentés entièrement ... ou non monté importés pour l?'industrie du montage",5.0,18.0,26.58
8528739000,"--- Appareils récepteurs de télévision, … en monochromes  importés autres que pour l?'industrie du montage",20.0,18.0,44.28
8529100000,- Antennes et réflecteurs d?'antennes de tous types; parties reconnaissables comme étant utilisées conjointement avec ces articles,20.0,18.0,44.28
8529900000,"- Autres parties reconnaisables comme étant exclusivement ou principalement destinées aux appareils des n°s 85.25 à 85.28, du n° 85.29",10.0,18.0,32.48
8530100000,"- Appareils électriques de signalisation (...), de sécurité, de contrôle ou de commande pour voies ferrées ou similaires",5.0,18.0,26.58
8530800000,"- Appareils électriques de signalisation (...), sécurité, contrôle ou commande pr voies routières ou fluviales, aires... ou aérodromes (...)",5.0,18.0,26.58
8530900000,"- Parties des appareils électriques de signalisation (...), de sécurité, de contrôle ou de commande, du n° 85.30",5.0,18.0,26.58
8901101200,"--- Bateaux pour la navigation intérieure à propulsion mécanique pour le transport de personnes, d'une jauge brute supérieure à 500 tonneaux",5.0,18.0,7.5
9401300000,"- Sièges (à l'exclusion de ceux du n° 94.02), même transformables en lits, pivotants, ajustables en hauteur",20.0,18.0,44.28
9401400000,"- Sièges (à l'exclusion de ceux du n° 94.02), autres que le matériel de camping ou de jardin, transformables en lits",20.0,18.0,44.28
9401520000,-- Sièges en bambou,20.0,18.0,44.28
9401530000,-- Sièges en rotin,20.0,18.0,44.28
9401590000,"-- Sièges (à l'exclusion de ceux du n° 94.02), même transformables en lits, en osier ou en matières similaires (sauf en bambou ou en rotin)",20.0,18.0,44.28
9401610000,"-- Sièges (à l'exclusion de ceux du n° 94.02), même transformables en lits, avec bâtis en bois, rembourrés",20.0,18.0,44.28
9401690000,"-- Sièges (à l'exclusion de ceux du n° 94.02), même transformables en lits, avec bâtis en bois, autres que rembourrés",20.0,18.0,44.28
9401710000,"-- Sièges (à l'exclusion de ceux du n° 94.02), même transformables en lits, avec bâtis en métal, rembourrés",20.0,18.0,44.28
9401790000,"-- Sièges (à l'exclusion de ceux du n° 94.02), même transformables en lits, avec bâtis en métal, autres que rembourrés",20.0,18.0,44.28
9401800000,"- Autres sièges (à l'exclusion de ceux du n° 94.02), même transformables en lits, du n° 94.01",20.0,18.0,44.28
9401901000,"-- Parties de sièges (à l'exclusion de ceux du n° 94.02), rembourrées, du n° 94.01",10.0,18.0,32.48
9401909000,"-- Parties de sièges (à l'exclusion de ceux du n° 94.02), non rembourrées, du n° 94.01",10.0,18.0,32.48
9402101000,-- Fauteuils de dentistes et leurs parties,5.0,18.0,26.58
9402109000,"-- Fauteuils pour salon de coiffure et fauteuils similaires, avec dispositif à la fois d'orientation et d'élévation et leurs parties",20.0,18.0,44.28
9402900000,"- Mobilier pour la médecine, chirurgie, l'art dentaire (sauf fauteuils de dentistes et leurs parties) ou l'art vétérinaire, et leurs parties",5.0,18.0,26.58
9403100000,- Meubles en métal des types utilisés dans les bureaux,20.0,18.0,44.28
9403200000,- Meubles en métal autres que des types utilisés dans les bureaux,20.0,18.0,44.28
9403300000,- Meubles en bois des types utilisés dans les bureaux,20.0,18.0,44.28
9403400000,- Meubles en bois des types utilisés dans les cuisines,20.0,18.0,44.28
9403500000,- Meubles en bois des types utilisés dans les chambres à coucher,20.0,18.0,44.28
9403600000,"- Autres meubles en bois, du n° 94.03",20.0,18.0,44.28
9403701000,-- Trotte-bébé en matières plastiques,20.0,18.0,44.28
9403709000,-- Meubles en matières plastiques autres que trotte-bébé,20.0,18.0,44.28
9403820000,-- Meubles en bambou,20.0,18.0,44.28
9403830000,-- Meubles en rotin,20.0,18.0,44.28
9403890000,"-- Meubles en autres matières y compris l'osier et matières similaires, autres que bambou ou rotin, du n° 94.03",20.0,18.0,44.28
9403900000,- Parties des meubles du n° 94.03,10.0,18.0,32.48
9404100000,- Sommiers,20.0,18.0,44.28
9404210000,"-- Matelas en caoutchouc alvéolaire ou en matières plastiques alvéolaires, recouverts ou non",20.0,18.0,44.28
9001300000,"- Verres de contact non montés, autres que ceux en verre non travaillé optiquement",5.0,18.0,26.58
9001401000,"-- Verres de lunetterie en verre, médicaux, non montés, autres que ceux en verre non travaillé optiquement",5.0,18.0,26.58
9001409000,"-- Verres de lunetterie en verre, non médicaux, non montés, autres que ceux en verre non travaillé optiquement",10.0,18.0,32.48
9001501000,"-- Verres de lunetterie autres qu'en verre, médicaux, non montés, autres que ceux en verre non travaillé optiquement",5.0,18.0,26.58
9001509000,"-- Verres de lunetterie autres qu'en verre, non médicaux, non montés, autres que ceux en verre non travaillé optiquement",10.0,18.0,32.48
9001900000,"- Autres lentilles, prismes, miroirs et aut. éléments d'optique en toutes mat., non montés, aut. que ceux en verre non travaillé optiquement",10.0,18.0,32.48
9002110000,"-- Objectifs en toutes matières, montés, pour appareil de prise de vue, projecteur ou appareil photo. ou cinématographiq. d'agrandissement…",20.0,18.0,44.28
9002190000,"-- Objectifs en toutes matières, montés, pour instruments ou appareils, autres que ceux en verre non travaillé optiquement et du n° 9002.11",20.0,18.0,44.28
9002200000,"- Filtres (élément d'optique) en toutes matières, montés, pour instruments ou appareils, autres que ceux en verre non travaillé optiquement",20.0,18.0,44.28
9002900000,"- Lentille, prisme,miroir et aut. élément d'optique en toute matière, monté pr instrument, aut. que ceux en verre non travaillé optiquement",20.0,18.0,44.28
9003110000,"-- Montures de lunettes ou d'articles similaires, en matières plastiques",10.0,18.0,32.48
9003190000,"-- Montures de lunettes ou d'articles similaires, autres qu'en matières plastiques",10.0,18.0,32.48
9003900000,- Parties de montures de lunettes ou d'articles similaires,5.0,18.0,26.58
9004100000,- Lunettes solaires,10.0,18.0,32.48
9004901000,-- Lunettes correctrices,5.0,18.0,26.58
9004909000,-- Lunettes et articles similaires autres que solaires et correctrices,10.0,18.0,32.48
9005100000,- Jumelles,20.0,18.0,44.28
9005800000,"- Longue-vue, lunettes astronomiques, télescopes optiques,  autres instruments d'astronomie à l'exclusion des appareils de radio astronomie",20.0,18.0,44.28
9005900000,- Parties et accessoires des instruments du n° 90.05 (y compris les bâtis),10.0,18.0,32.48
9006300000,"- Appareils photographiques pr photographie sous-marine ou aérienne, examen médical d'organes internes ou laboratoires de médecine légale...",20.0,18.0,44.28
9006400000,- Appareils photographiques à développement et tirage instantanés,20.0,18.0,44.28
9006510000,"-- Appareils photographiques à visée à travers l'objectif, pour pellicules en rouleaux d'une largeur n'excédant pas 35 mm",20.0,18.0,44.28
9006520000,"-- Appareils photographiques autres qu'à visée à travers l'objectif, pour pellicules en rouleaux d'une largeur inférieure à 35 mm",20.0,18.0,44.28
9006530000,"-- Appareils photographiques autres qu'à visée à travers l'objectif, pour pellicules en rouleaux d'une largeur de 35 mm",20.0,18.0,44.28
9006590000,"-- Autres appareils photographiques, du n° 90.06",20.0,18.0,44.28
9006610000,-- Appareils à tube à décharge pour la production de la lumière-éclair (dits «flashes électroniques»),20.0,18.0,44.28
9006690000,"-- Appareils et dispositifs, y compris les lampes et tubes (autres qu'appareils à tube à décharge), pour la production de la lumière-éclair",20.0,18.0,44.28
8531100000,"- Avertisseurs électriques pour la protection contre le vol ou l'incendie et appareils similaires, autres que ceux des n°s 85.12 ou 85.30",5.0,18.0,26.58
8531200000,- Panneaux indicateurs incorporant des dispositifs à cristaux liquides (LCD) ou à diodes émettrices de lumière (LED),10.0,18.0,32.48
8531800000,"- Autres appareils électriques de signalisation acoustique ou visuelle (...), autres que ceux des n°s 85.12 ou 85.30, du n° 85.31",10.0,18.0,32.48
8531900000,"- Parties des appareils électriques de signalisation acoustique ou visuelle, du n° 85.31",5.0,18.0,26.58
8532100000,"- Condensateur électrique, fixe pr réseaux de 50/60Hz capables d?'absorber une puissance réactive de 0,5kvar et plus (condens. de puissance)",5.0,18.0,26.58
8532210000,-- Condensateurs électriques fixes au tantale,5.0,18.0,26.58
8532220000,"-- Condensateurs électriques, fixes electrolytiques à l'aluminium",5.0,18.0,26.58
8532230000,"-- Condensateurs électriques, fixes à diélectrique en céramique, à une seule couche",5.0,18.0,26.58
8532240000,"-- Condensateurs électriques, fixes à diélectrique en céramique, multicouches",5.0,18.0,26.58
8532250000,-- Condensateurs électriques fixes à diélectrique en papier ou en matières plastiques,5.0,18.0,26.58
8532290000,"-- Autres condensateurs électriques fixes, du n° 85.32",5.0,18.0,26.58
8532300000,"- Condensateurs électriques, variables ou ajustables",5.0,18.0,26.58
8532900000,"- Parties des condensateurs électriques, fixes, variables ou ajustables",5.0,18.0,26.58
8533100000,"- Résistances électriques non chauffantes, fixes au carbone, agglomérées ou à couche",5.0,18.0,26.58
8533210000,"-- Résistances électriques non chauffantes, fixes pour une puissance n'excédant pas 20 W",5.0,18.0,26.58
8533290000,"-- Résistances électriques non chauffantes, fixes, autres que pour une puissance n'excédant pas 20 W",5.0,18.0,26.58
8533310000,"-- Résistances électriques non chauffantes,variables (y compris les rhéostats et les potentiomètres) bobinées,  puissance n'excédant pas 20W",5.0,18.0,26.58
8533390000,"-- Résistances électriques non chauffantes, variables (y compris rhéostat et potentiomètre) bobinées, sauf pr puissance n'excédant pas  20 W",5.0,18.0,26.58
8533400000,"- Résistances électriques non chauffantes, variables (y compris les rhéostats et les potentiomètres), autres que bobinées",5.0,18.0,26.58
8533900000,- Parties des résistances électriques non chauffantes (y compris les rhéostats et les potentiomètres),5.0,18.0,26.58
8534000000,Circuits imprimés.,5.0,18.0,26.58
8535100000,- Fusibles et coupe-circuit à fusibles pour une tension excédant 1000 volts,10.0,18.0,32.48
8535210000,"-- Dijonteurs pour une tension excédant 1.000 volts et inférieure à 72,5 kV",10.0,18.0,32.48
8535290000,"-- Dijonteurs pour une tension supérieure ou égale à 72,5 kV",10.0,18.0,32.48
8535300000,"- Sectionneurs et interrupteurs, pour une tensions excédant 1.000 volts",10.0,18.0,32.48
8535400000,"- Parafoudres, limiteurs de tension et parasurtenseurs, pour une tensions excédant 1.000 volts",10.0,18.0,32.48
8535900000,"- Autres appareils pr coupure, sectionnement, protection, ... ou connexion des circuits électriq. (...), pr une tension excédant 1.000 volts",10.0,18.0,32.48
9404290000,"-- Matelas autres qu'en caoutchouc alvéolaire ou en matières plastiques alvéolaires, recouverts ou non",20.0,18.0,44.28
9404300000,- Sacs de couchage,20.0,18.0,44.28
9404900000,"- Autres articles de literie et similaires comportant des ressorts ou bien rembourrés, garnis intérieurement de toutes matières, du n° 94.04",20.0,18.0,44.28
9405100000,- Lustres et aut. appareils d'éclairage électriq. à suspendre (…) à l'exclusion de ceux utilisés pr l'éclairage des espaces ou voies publiq.,20.0,18.0,44.28
9405200000,"- Lampes de chevet, lampes de bureau et lampadaires d'intérieur, électriques",20.0,18.0,44.28
9405300000,- Guirlandes électriques des types utilisés pour les arbres de Noël,20.0,18.0,44.28
9405400000,"- Autres appareils d'éclairage électriques (y compris les projecteurs), du n° 94.05",20.0,18.0,44.28
9405501000,-- Lampes-tempêtes,20.0,18.0,44.28
9405502000,-- Lanternes à pression de pétrole,20.0,18.0,44.28
9405509000,"-- Autres appareils d'éclairage non électriques, du n° 94.05",20.0,18.0,44.28
9405600000,"- Lampes-réclames, enseignes lumineuses, plaques indicatrices lumineuses et similaires, possédant une source d'éclairage fixée à demeure",20.0,18.0,44.28
9405910000,-- Parties d'appareils d'éclairage en verre,10.0,18.0,32.48
9405920000,-- Parties d'appareils d'éclairage en matières plastiques,10.0,18.0,32.48
9405990000,"-- Parties des appareils d'éclairage du n° 94.05, non dénommées ni comprises ailleurs",10.0,18.0,32.48
9406100000,- Constructions préfabriquées en bois,20.0,18.0,44.28
9406900000,"- Constructions préfabriquées, autres qu'en bois",20.0,18.0,44.28
9503000000,"Tricycles, trottinettes, autos à pédales...similaires; landaus et poussettes pour poupées; poupées; aut. jouets; modèles réduits...; puzzles",20.0,18.0,44.28
9504200000,- Billards de tout genre et leurs accessoires,20.0,18.0,44.28
9504400000,- Cartes à jouer,20.0,18.0,44.28
9504500000,"- Consoles et machines de jeux vidéo, autres que celles du  n° 9504.30",20.0,18.0,44.28
9504900000,"- Articles pr jeux de société, jeux à moteur ou à mouvement, tables spéciales pr jeux de casino et les jeux de quilles automatiq.(bowlings)",20.0,18.0,44.28
9505100000,- Articles pour fêtes de Noël,20.0,18.0,44.28
9505900000,"- Articles pour fêtes (autres que Noël), carnaval ou autres divertissements y compris les articles de magie et articles-surprises",20.0,18.0,44.28
9506110000,-- Skis de neige,20.0,18.0,44.28
9506120000,-- Fixations pour skis de neige,20.0,18.0,44.28
9506190000,-- Matériel pour la pratique du skis de neige à l'exclusion des skis et fixations pour skis,20.0,18.0,44.28
9506210000,-- Planches à voile pour la pratique des sports nautiques,20.0,18.0,44.28
9506290000,"-- Skis nautiques, aquaplanes et autre matériel pour la pratique des sports nautiques à l'exclusion des planches à voile",20.0,18.0,44.28
9506310000,-- Clubs complets pour le golf,20.0,18.0,22.5
9006910000,-- Parties et accessoires d'appareils photographiques,10.0,18.0,32.48
9006990000,-- Parties et accessoires des autres appareils et dispositifs du n° 90.06,10.0,18.0,32.48
9007100000,"- Caméras cinématographiques, même incorporant des appareils d'enregistrement ou de reproduction du son",20.0,18.0,44.28
9007200000,"- Projecteurs  cinématographiques, même incorporant des appareils d'enregistrement ou de reproduction du son",20.0,18.0,44.28
9007910000,-- Parties et accessoires de caméras cinématographiques,10.0,18.0,32.48
9007920000,-- Parties et accessoires de projecteurs cinématographiques,10.0,18.0,32.48
9008500000,- Projecteurs d'images fixes et appareils photographiques d'agrandissement ou de réduction,20.0,18.0,44.28
9008900000,- Parties et accessoires de projecteurs d'images fixes et d'appareils photographiques d'agrandissement ou de réduction,10.0,18.0,32.48
9010100000,"- Appareil et matériel pour le développ. automatique de pellicule photograph., film cinématograph. ou du papier photographique en rouleaux …",20.0,18.0,44.28
9010500000,"- Autres appareils et matériel pour laboratoires photographiques ou cinématographiques; négatoscopes, NDCA dans le présent Chapitre",20.0,18.0,44.28
9010600000,- Ecrans pour projections,20.0,18.0,44.28
9010900000,- Parties et accessoires des appareils et matériels du n° 90.10,10.0,18.0,32.48
9013100000,"- Lunettes de visée pour armes; périscopes; lunettes pour machines, appareils ou instruments du présent Chapitre ou de la Section XVI",20.0,18.0,44.28
9013200000,"- Lasers, autres que les diodes laser",5.0,18.0,26.58
9013800000,"- Autres dispositifs, appareils et instruments d'optiques, du n° 90.13",10.0,18.0,32.48
9013900000,"- Parties et accessoires des dispositifs, appreils et intruments, du n° 90.13",5.0,18.0,26.58
9014100000,"- Boussoles, y compris les compas de navigation",5.0,18.0,26.58
9014200000,- Instruments et appareils pour la navigation aérienne ou spatiale (autres que les boussoles),5.0,18.0,26.58
9014800000,"- Autres instruments et appareils de navigation, du n° 90.14",5.0,18.0,26.58
9014900000,- Parties et accessoires des instruments et appreils de navigation,5.0,18.0,26.58
9015100000,- Télémètres,5.0,18.0,26.58
9015200000,- Théodolites et tachéomètres,5.0,18.0,26.58
9015300000,- Niveaux,5.0,18.0,26.58
9015400000,- Instruments et appareils de photogrammétrie,5.0,18.0,26.58
8536100000,"- Fusibles et coupe-circuit à fusibles, pour une tension n'excédant pas 1.000 volts",20.0,18.0,44.28
8536200000,"- Disjoncteurs, pour une tension n'excédant pas 1.000 volts",20.0,18.0,44.28
8536300000,"- Autres appareils pour la protection des circuits électriques, pour une tension n'excédant pas 1.000 volts, du n° 85.36",20.0,18.0,44.28
8536410000,-- Relais pour une tension n'excédant pas 60 V,20.0,18.0,44.28
8536490000,-- Relais pour une tension excédant 60 V mais n'excédant pas 1.000 volts,20.0,18.0,44.28
8536500000,"- Autres interrupteurs, sectionneurs et commutateurs, n'excédant pas 1.000 volts",20.0,18.0,44.28
8536610000,"-- Douilles pour lampes, pour une tension n'excédant pas 1.000 volts",20.0,18.0,44.28
8536690000,"-- Fiches et prises de courant, pour une tension n'excédant pas 1.000 volts",20.0,18.0,44.28
8536700000,"- Connecteurs pour fibres optiques, faisceaux ou câbles de fibres optiques",20.0,18.0,44.28
8536900000,"- Autres appareils pr coupure, sectionnement, protection, ...ou connexion des circuits électriq. (...), tension n'excédant pas 1.000 volts",20.0,18.0,44.28
8537100000,"- Tableau, panneau, console, pupitre, armoire, aut. support comportant des appareils des n°s8535 ou 8536…pr une tension n'excédant pas 1000V",5.0,18.0,26.58
8537200000,"- Tableau, panneau, console, pupitre, armoire, autr. support comportant des appareils des n°8535 ou 8536 … pr une tension excédant 1000V",5.0,18.0,26.58
8538100000,"- Tableaux, panneaux, consoles, pupitres, armoires et autres supports du n° 85.37, dépourvus de leurs appareils",5.0,18.0,26.58
8538900000,"- Parties reconnaissables comme étant exclusivement ... destinées aux appareils des n°s 85.35, 85.36 ou 85.37, autres que celles du 8538.10",5.0,18.0,26.58
8539100000,- Articles dits «phares et projecteurs scellés»,20.0,18.0,44.28
8539210000,"-- Lampes et tubes à incadescence à l'exclusion de ceux à rayons ultraviolets ou infrarouges halogènes, au tungstène",20.0,18.0,44.28
8539220000,"-- Lampes et tubes à incadescence, puissance n?'excédant pas 200W et tension excédant 100V, sauf ceux à rayons ultraviolets ou infrarouges",20.0,18.0,44.28
8539290000,"-- Autres lampes et tubes à incadescence à l'exclusion de ceux à rayons ultraviolets ou infrarouges, du n° 85.39",20.0,18.0,44.28
8539311000,--- Lampes fluorescentes compactes (Lampe à Basse Consommation d'énergie « LBC »),20.0,18.0,44.28
8539319000,"--- Autres lampes et tubes à décharge, autres qu'à rayons ultraviolets fluorescents, à cathodes chaudes, du n° 85.39",20.0,18.0,44.28
8539320000,-- Lampes à vapeur de mercure ou de sodium; lampes à halogénure métallique,20.0,18.0,44.28
8539390000,"-- Autres lampes et tubes à décharge, autres qu'à rayons ultraviolets, du n° 85.39",20.0,18.0,44.28
8539410000,-- Lampes à arc,20.0,18.0,44.28
8539490000,-- Lampes et tubes à rayons ultraviolets ou infrarouges,20.0,18.0,44.28
8539500000,- Lampes et tubes à diodes émettrices de lumière (LED),20.0,18.0,32.48
8539900000,- Parties des appareils du n° 85.39,10.0,18.0,32.48
8540110000,"-- Tubes cathodiques pour récepturs de télévision, y compris les tubes pour moniteurs vidéo en couleurs",10.0,18.0,32.48
9506320000,-- Balles pour le golf,20.0,18.0,22.5
9506390000,-- Matériel pour le golf à l'exclusion des clubs complets et des  balles,20.0,18.0,22.5
9506400000,- Articles et matériel pour le tennis de table,20.0,18.0,44.28
9506510000,"-- Raquettes de tennis, même non cordées",20.0,18.0,44.28
9506590000,"-- Raquettes de badminton ou similaires (autres que de tennis), même non cordées",20.0,18.0,44.28
9506610000,-- Balles de tennis autres que de tennis de table,20.0,18.0,44.28
9506620000,-- Ballons et balles gonflables autres que les balles de golf ou de tennis de table,20.0,18.0,44.28
9506690000,-- Ballons et balles (autres que gonflables) à l'exclusion des balles de tennis et de golf,20.0,18.0,44.28
9506700000,"- Patins à glace et patins à roulettes, y compris les chaussures auxquelles sont fixés des patins",20.0,18.0,44.28
9506910000,"-- Articles et matériel pour la culture physique, la gymnastique ou l'athlétisme",20.0,18.0,44.28
9506990000,"-- Autres articles pour les autres sports, les jeux de plein air, NDCA dans le présent Chapitre; piscines et pataugeoires",20.0,18.0,44.28
9507100000,- Cannes à pêche,5.0,18.0,26.58
9507200000,"- Hameçons, même montés sur avançons, pour la pêche à la ligne",5.0,18.0,26.58
9507300000,- Moulinets pour la pêche,5.0,18.0,26.58
9507900000,- Autre article pr la pêche à la ligne; épuisette pr tout usage; leurres (aut. que ceux des n°92.08 ou 97.05) et article de chasse similaire,5.0,18.0,26.58
9508100000,- Cirques ambulants et ménageries ambulantes,20.0,18.0,44.28
9508900000,"- Manèges, balançoires, stands de tir et autres attractions foraines; théatres ambulants",20.0,18.0,44.28
9601100000,- Ivoire travaillé et ouvrages en ivoire,20.0,18.0,44.28
9601900000,"- Os, écaille de tortue, corne, bois d'animaux, corail, nacre, autres matières animales à tailler, travaillés et ouvrages en ces matières…",20.0,18.0,44.28
9602000000,"Matière végétale ou minérale à tailler, travaillée et ouvrage; ouvrages moulés ou taillés...NDCA; gélatine non durcie travaillée, aut. que …",20.0,18.0,44.28
9603100000,"- Balais et balayettes consistant en brindilles ou autres matières végétales en bottes liées, emmanchés ou non",20.0,18.0,44.28
9603210000,"-- Brosses à dents, y compris les brosses à dentiers",20.0,18.0,44.28
9603290000,"-- Brosses et pinceaux à barbe, à cheveux, à cils, à ongles, autres brosses pour la toilette des personnes y compris les parties d'appareils",20.0,18.0,44.28
9603301000,-- Pinceaux et brosses pour artitstes et pinceaux à écrire,20.0,18.0,44.28
9603309000,"-- Autres pinceaux pour l'application des produits cosmétiques, du n° 96.03",20.0,18.0,44.28
9603400000,"- Brosses et pinceaux à peindre, à badigeonner, à vernir ou similaires (autres que les pinceaux du n°9603.30); tampons et rouleaux à peindre",20.0,18.0,44.28
9603500000,"- Autres brosses constituant des parties de machines, d'appareils ou de véhicules",20.0,18.0,44.28
9603900000,"- Balais mécaniq. pr emploi à la main, aut. qu'à moteur, plumeaux; têtes préparées pr art. de brosserie; raclette en caoutchouc ou analogue",20.0,18.0,44.28
9604000000,"Tamis et cribles, à main.",20.0,18.0,44.28
9015800000,- Autres instruments et appareils du n° 90.15,5.0,18.0,26.58
9015900000,- Parties et accessoires des instruments et appareils du n° 90.15,5.0,18.0,26.58
9016000000,"Balances sensibles à un poids de 5 cg ou moins, avec ou sans poids.",5.0,18.0,26.58
9017100000,"- Tables et machines à dessiner, même automatiques",5.0,18.0,26.58
9017200000,"- Autres instruments de dessin, de traçage ou de calcul (…), du n° 90.17",5.0,18.0,26.58
9017300000,"- Micromètres, pieds à coulisse, calibres et jauges",5.0,18.0,26.58
9017800000,"- Autres instruments de mesure de longueurs, pour emploi à la main, non dénommés ni compris ailleurs dans le présent Chapitre",5.0,18.0,26.58
9017900000,- Parties et accessoires des instruments du n° 90.17,5.0,18.0,26.58
9019101000,-- « Jacuzzi » et appareils d'?hydromassage similaires,5.0,18.0,26.58
9019109000,"-- Appareils de mécanothérapie, appareils de psychotechnie et appareils de massage",5.0,18.0,26.58
9019200000,"- Appareil d'ozonothérapie, oxygénothérapie, aérosolthérapie, appareil respiratoire de réanimation et autre appareil de thérapie respiratoir",5.0,18.0,26.58
9020000000,"Autres appareil respiratoire et masque à gaz, à l'exclusion des masques de protection dépourvus de mécanisme et d'élément filtrant amovible.",5.0,18.0,26.58
8540120000,"-- Tubes cathodiques pour récepturs de télévision, y compris les tubes pour moniteurs vidéo en monochromes",10.0,18.0,32.48
8540200000,- Tubes pour caméras de télévision; tubes convertisseurs ou intensificateurs d'images; autres tubes à photocathode,5.0,18.0,26.58
8540400000,"- Tubes de visualisation des données graphiques en monochromes ou couleurs avec un écran phosphoriq. d'espacement à points inférieur à 0,4mm",10.0,18.0,32.48
8540600000,"- Autres tubes cathodiques, du n° 85.40",10.0,18.0,32.48
8540710000,--  Magnétrons,10.0,18.0,32.48
8540790000,"-- Tubes pour hyperfréquences (…), à l'exclusion des tubes commandés par grille et des magnétrons",10.0,18.0,32.48
8540810000,-- Tubes de réception ou d'amplification,10.0,18.0,32.48
8540890000,"-- Lampes, tubes et valves, autres que les tubes de réception ou d'amplification",10.0,18.0,32.48
8540910000,-- Parties des tubes cathodiques,5.0,18.0,26.58
8540990000,"-- Parties des articles du n° 85.40, à l'exclusuion de celles des tubes cathodiques",5.0,18.0,32.48
8541100000,"- Diodes, autres que les photodiodes et les diodes émettrices de lumière",10.0,18.0,32.48
8541210000,"-- Transistors, autres que les phototransistors, à pouvoir de dissipation inférieur à 1 W",10.0,18.0,32.48
8541290000,"-- Transistors, autres que les phototransistors à l'exclusion de ceux à pouvoir de dissipation inférieur à 1 W",10.0,18.0,32.48
8541300000,"- Thyristors, diacs et triacs, autres que les dispositifs photosensibles",10.0,18.0,32.48
8541401000,"-- Cellules solaires même assemblées en modules ou non, ou constituées en panneaux",0.0,18.0,20.68
8541409000,-- Dispositifs photosensibles à semi-conducteurs (à l'exclusion des cellules solaires); diodes émettrices de lumière,0.0,18.0,20.68
8541500000,"- Autres dispositifs à semi-conducteurs, du n° 85.41",10.0,18.0,32.48
8541600000,- Cristaux piézo-électriques montés,10.0,18.0,32.48
8541900000,- Parties des articles du n° 85.41,5.0,18.0,26.58
8542310000,"-- Processeurs et contrôleurs, même combinés avec des mémoires, des convertisseurs, ... des circuits de synchronisation ou d'autres circuits",10.0,18.0,32.48
8542320000,-- Mémoires (circuits intégrés électroniques),10.0,18.0,32.48
8542330000,-- Amplificateurs (circuits intégrés électroniques),10.0,18.0,32.48
8542390000,"-- Autres circuits  intégrés électroniques, du n° 85.42",10.0,18.0,32.48
8542900000,- Parties des circuits  intégrés électroniques du n° 85.42,5.0,18.0,26.58
8543100000,- Accélérateurs électriques de particules,10.0,18.0,32.48
8543200000,- Générateurs électriques de signaux,10.0,18.0,32.48
8543300000,"- Machines et appareils électriques de galvanoplastie, électrolyse ou électrophorèse",10.0,18.0,32.48
8543700000,- Autres machines et appareils électriques ayant une fonction propre non dénommés ni compris ailleurs dans le Chapitre 85,10.0,18.0,32.48
8543900000,"- Parties des machines et appareils électriques, du n° 85.43",5.0,18.0,26.58
8544110000,-- Fils pour bobinage en cuivre,10.0,18.0,32.48
9605000000,"Assortiments de voyage pour la toilette des personnes, la couture ou le nettoyage des chaussures ou des vêtements.",20.0,18.0,44.28
9606100000,- Boutons-pression et leurs parties,20.0,18.0,44.28
9606210000,"-- Boutons en matières plastiques, non recouverts de matières textiles",20.0,18.0,44.28
9606220000,"-- Boutons en métaux communs, non recouverts de matières textiles",20.0,18.0,44.28
9606290000,"-- Autres boutons, du n° 96.06",20.0,18.0,44.28
9606300000,- Formes pour boutons et autres parties de boutons; ébauches de boutons,20.0,18.0,44.28
9607110000,-- Fermettures à glissière avec agrafes en métaux communs,20.0,18.0,44.28
9607190000,-- Fermettures à glissière autres qu'avec agrafes en métaux communs,20.0,18.0,44.28
9607200000,- Parties de fermettures à glissière,10.0,18.0,32.48
9608100000,- Stylos et crayons à bille,20.0,18.0,44.28
9608200000,- Stylos et marqueurs à mèche feutre ou à autres pointes poreuses,20.0,18.0,44.28
9608300000,- Stylos à plume et autres stylos,20.0,18.0,44.28
9608400000,- Porte-mine,20.0,18.0,44.28
9608500000,- Assortiments d'articles relevant d'au moins deux des sous-positions des n°s 9608.10 à 9608.40,20.0,18.0,44.28
9608600000,"- Cartouches de rechange pour stylos ou crayons à bille, associées à leur pointe",20.0,18.0,44.28
9608910000,-- Plumes à écrire et becs pour plumes,10.0,18.0,44.28
9608991000,--- Têtes à bille,5.0,18.0,26.58
9608999000,"--- Stylets pour duplicateurs, porte-plume, porte-crayon et articles similaires; parties des articles du n° 96.08",20.0,18.0,44.28
9609100000,"- Crayons (autres que les crayons du n° 96.08), à gaine",20.0,18.0,44.28
9609200000,- Mines pour crayons ou porte-mine,20.0,18.0,44.28
9609900000,"- Crayons (autres que les crayons du n° 96.08 et ceux à gaine), pastels, fusains, craies à écrire ou à dessiner et craies de tailleur",20.0,18.0,44.28
9610000000,"Ardoises et tableaux pour l'écriture ou le dessin, même encadrés.",20.0,18.0,44.28
9611000000,"Dateurs, cachets, numéroteurs, timbres et articles similaires (...), à main; composteurs et imprimeries comportant des composteurs, à main",20.0,18.0,44.28
9612100000,"- Rubans encreurs pour machines à écrire et similaires, encrés ou autrement préparés en vue de laisser des empreintes, même ...en cartouches",20.0,18.0,44.28
9612200000,"- Tampons encreurs, même imprégnés, avec ou sans boîte",20.0,18.0,44.28
9613100000,"- Briquets de poche, à gaz, non rechargeables",20.0,18.0,44.28
9613200000,"- Briquets de poche, à gaz, rechargeables",20.0,18.0,44.28
9613800000,"- Briquets (autres que de poche, à gaz) et allumeurs (à l'exclusion des allumeurs du n° 36.03), même mécaniques ou électriques",20.0,18.0,44.28
9613900000,"- Parties de briquets et allumeurs, du n° 96.13",20.0,18.0,44.28
9614000000,"Pipes (y compris les têtes de pipes), fume-cigare et fume-cigarette, et leurs parties.",20.0,18.0,44.28
9021400000,"- Appareils pour faciliter l'audition aux sourds, à l'exclusion des parties et accessoires",0.0,18.0,2.5
9022190000,"-- Appareils à rayons X, y cpris les appareils de radiophotographie ou de radiothérapie, pr usages aut. que ceux des n°s 9022.12 à 9022.14",5.0,18.0,26.58
9022290000,"-- Appareils utilisant des radiations alpha, beta ou gamma, y cpris les app. de radiophotog. ou de radiothérapie aut. que ceux du n°9022.21",5.0,18.0,26.58
9023000000,"Instruments, appareils et modèles conçus pr la démonstration (dans l'enseignement ou les expositions...), non susceptibles d'autres emplois.",5.0,18.0,26.58
9024100000,"- Machines et appareils d'essais des métaux de dureté, de traction, de compression, d'élasticité ou d'aut. propriétés mécaniques des métaux",5.0,18.0,26.58
9024800000,- Machines et appareils d'essais des propriétés mécaniques des matériaux autres que les métaux,5.0,18.0,26.58
9024900000,- Parties et accessoires des machines et appareils d'essais des propriétés mécaniques des matériaux,5.0,18.0,26.58
9025190000,"-- Thermomètres et pyromètres, non combinés à d'autres instruments autres qu'à liquide, à lecture directe",5.0,18.0,26.58
9025800000,"- Densimètres, aréomètres, pèse-liquides et instruments flottants similaires, baromètres,hygromètres et psychromètres, enregistreurs ou non…",5.0,18.0,26.58
9025900000,- Parties et accessoires des instruments du n° 90.25,5.0,18.0,26.58
9026100000,"- Instruments et appareils pour la mesure ou le contrôle du débit ou du niveau des liquides, sauf ceux des n°s 90.14, 90.15, 90.28 ou 90.32",5.0,18.0,26.58
9026200000,"- Instruments et appareils pr la mesure ou le contrôle de la pression des liquides et des gaz, sauf ceux des n°s90.14, 90.15,90.28 ou 90.32",5.0,18.0,26.58
9026800000,"- Autres instruments et appareils pour la mesure ou le contrôle des caractéristiques variables des liquides ou des gaz, du n° 90.26",5.0,18.0,26.58
9026900000,- Parties et accessoires des instruments et appareils du n° 90.26,5.0,18.0,26.58
9027100000,- Analyseurs de gaz ou de fumées,5.0,18.0,26.58
9027200000,- Chromatographes et appareils d'électrophorèse,5.0,18.0,26.58
9027300000,"- Spectromètres, spectrophotomètres et spectrographes utilisant les rayonnements optiques (UV, visibles, IR)",5.0,18.0,26.58
8544190000,-- Fils pour bobinage autres qu'en cuivre,10.0,18.0,32.48
8544200000,- Câbles coaxiaux et autres conducteurs électriques coaxiaux,20.0,18.0,44.28
8544300000,- Jeux de fils pour bougies d'allumage et autres jeux de fils des types utilisés dans les moyens de transport,20.0,18.0,44.28
8544420000,"-- Autres conducteurs électriques, pour tension n'excédant pas 1000 V munis de pièces de connexion",20.0,18.0,44.28
8544491000,"--- Autoporteurs en almelec isolés dont la partie métalliq... 7brins nus de diamètre cpris entre 3,15 et 3,55mm,tension n'excédant pas 1000V",10.0,18.0,32.48
8544499000,"--- Autres conducteurs électriques, pour tension n'excédant pas 1000 V , du n° 85.44",20.0,18.0,44.28
8544600000,"- Autres conducteurs électriques, pour tensions excédant 1.000 V",10.0,18.0,32.48
8544700000,"- Câbles de fibres optiques, constitués de fibres gainées individuellement, même comportant des conducteurs électriques ou munis de …",5.0,18.0,26.58
8545110000,"-- Electrodes en charbon, des types utilisés pour fours, avec ou sans métal, pour usages électriques",10.0,18.0,32.48
8545190000,"-- Electrodes en charbon, autres que ceux des types utilisés pour fours, avec ou sans métal, pour usages électriques",10.0,18.0,32.48
8545200000,"- Balais en charbon, avec ou sans métal, pour usages électriques",10.0,18.0,32.48
8545901000,"-- Charbons pour piles et autres articles en graphite ou en autre carbone ... pr l'industrie de fabrication des piles, pr usages électriques",5.0,18.0,26.58
8545909000,-- Autres articles du n° 85.45,10.0,18.0,32.48
8546100000,- Isolateurs en verre pour l'électricité,10.0,18.0,32.48
8546200000,- Isolateurs en céramique pour l'électricité,10.0,18.0,32.48
8546900000,"- Isolateurs en toutes matières autres qu'en verre ou en céramique, pour l'électricité",10.0,18.0,32.48
8547100000,"- Pièces isolantes en céramique, noyées dans la masse, pr machines, appareils ou installations électriq., aut. que les isolateurs du n°85.46",10.0,18.0,32.48
8547200000,"- Pièces isolantes en mat. plastiq., noyées dans la masse, pr machines, app. ou installations électriq., aut. que les isolateurs du n°85.46",10.0,18.0,32.48
8547900000,"- Tubes isolateurs et leurs pièces de raccordement, en métaux communs, isolés intérieurement",10.0,18.0,32.48
8548100000,"- Déchet et débris de pile, batterie de pile ...; pile et batterie de pile électrique hors d'usage, accumulateur électrique hors d'usage",20.0,18.0,44.28
8548900000,- Parties électriques de machines ou d'appareils non dénommés ni compris ailleurs du n° 85.48,10.0,18.0,32.48
8601100000,"- Locomotives et locotracteurs, à source extérieure d'électricité",5.0,18.0,26.58
8601200000,"- Locomotives et locotracteurs, à accumulateurs électriques",5.0,18.0,26.58
8602100000,- Locomotives diesel-électriques,5.0,18.0,26.58
8602900000,- Autres locomotives et locotracteurs; tendeurs,5.0,18.0,26.58
8603100000,"- Automotrices et autorails, autres que ceux du 86.04, à source extérieure d'électricité",5.0,18.0,26.58
8603900000,"- Automotrices et autorails (à l'exclusion de ceux à source extérieure d'électricité), autres que ceux du 86.04",5.0,18.0,26.58
9615110000,"-- Peignes à coiffer, peignes de coiffure, barettes et articles similaires en caoutchouc durci ou en matières plastiques",20.0,18.0,44.28
9615190000,"-- Peignes à coiffer, peignes de coiffure, barettes et articles similaires autres qu'en caoutchouc durci ou en matières plastiques",20.0,18.0,44.28
9615900000,"- Epingle à cheveux, pince-guiche, ondulateur, bigoudis et articles similaires pour la coiffure autres que ceux du n° 85.16 et leurs parties",20.0,18.0,44.28
9616100000,"- Vaporisateurs de toilette, leurs montures et têtes de montures",20.0,18.0,44.28
9616200000,- Houppes et houppettes à poudre ou pour l'application d'autres cosmétiques ou produits de toilette,20.0,18.0,44.28
9617000000,"Bouteilles isolantes et autres récipients isothermiq. montés, dont isolation assurée par le vide, et leurs parties (sauf ampoules en verre)",20.0,18.0,44.28
9618000000,Mannequins et articles similaires; automates et scènes animées pour étalages.,20.0,18.0,44.28
9619001000,"- Serviettes et tampons hygiéniques, y compris les articles similaires, en toutes matières",20.0,18.0,44.28
9619002100,"-- Couches et langes pour bébés, en toutes matières",20.0,18.0,44.28
9619002200,"-- Couches pour adultes, en toutes matières",20.0,18.0,44.28
9619002900,-- Autres couches et langes du n° 96.19,20.0,18.0,44.28
9620000000,"Monopodes, les bipieds, les trépieds et articles similaires",20.0,18.0,44.28
9701100000,"- Tableaux, peintures et dessins, faits entièrement à la main, sauf les dessins du n°49.06 et les articles manufacturés décorés à la main",20.0,18.0,44.28
9701900000,- Collages et tableautins similaires,20.0,18.0,44.28
9702000000,"Gravures, estampes et lithographies originales.",20.0,18.0,44.28
9703000000,"Productions originales de l'art statuaire ou de la sculpture, en toutes matières.",20.0,18.0,44.28
9704000000,"Timbres-poste ou fiscaux, marques postales, enveloppes premier jour, entiers postaux et...oblitérés ou non, aut. que les articles du n°49.07",20.0,18.0,22.5
9705000000,"Collections et spécimens pour collections de zoologie, botanique...ou présentant un intérêt historique, archéologique, ...ou numismatique",20.0,18.0,44.28
9706000000,Objets d'antiquité ayant plus de 100 ans d'âge,20.0,18.0,44.28
9027500000,"- Autres instruments et appareils utilisant les rayonnements optiques (UV, visibles, IR)",5.0,18.0,26.58
9027800000,"- Autres instruments et appareils du n° 90.27, à l'exclusion des microtomes",5.0,18.0,26.58
9027900000,- Microtomes; parties et accessoires des instruments et appareils du n° 90.27,5.0,18.0,26.58
9028100000,"- Compteurs de gaz, y compris les compteurs pour leur étalonnage",10.0,18.0,32.48
9028200000,"- Compteurs de liquides, y compris les compteurs pour leur étalonnage",10.0,18.0,32.48
9028300000,"- Compteurs d'électricité, y compris les compteurs pour leur étalonnage",10.0,18.0,32.48
9028900000,"- Parties et accessoires de compteurs de gaz, de liquides ou d'électricité, y compris les compteurs pour leur étalonnage",5.0,18.0,26.58
9029100000,"- Compteurs de tours ou de production, taximètres, totalisateurs de chemin parcouru, podomètres et compteurs similaires",10.0,18.0,32.48
9029200000,- Indicateurs de vitesse et tachymètres autres que ceux du 90.14 ou 90.15; stroboscopes,10.0,18.0,32.48
9029900000,- Parties et accessoires des articles du n° 90.29,5.0,18.0,26.58
9030100000,- Instruments et appareils pour la mesure ou la détection des radiations ionisantes,10.0,18.0,32.48
9030200000,- Oscilloscopes et oscillographes,10.0,18.0,32.48
9030310000,"-- Multimètres, sans dispositif enregistreur",10.0,18.0,32.48
9030320000,"-- Multimètres, avec dispositif enregistreur",10.0,18.0,32.48
9030330000,"-- Autres instruments et appareils pr la mesure ou le contrôle de la tension, de l'intensité...sans dispositif enregistreur, sauf multimètre",10.0,18.0,32.48
9030390000,"-- Autres instruments et appareils pour la mesure ou le contrôle de la tension, de l'intensité…avec dispositif enregistreur, sauf multimètre",10.0,18.0,32.48
9030400000,"- Autres instruments et appareils spécialement conçus pour les techniques de la télécommunication (hypsomètres, kerdomètres,... par exemple)",10.0,18.0,32.48
9030820000,-- Autres instruments et appareils pour la mesure ou le contrôle des disques ou des dispositifs à semi-conducteur,10.0,18.0,32.48
9030840000,"-- Autres instruments et appareils pour la mesure ou le contrôle de grandeurs électriques, avec dispositif     enregistreur",10.0,18.0,32.48
9030890000,"-- Autres instruments et appareils pour la mesure ou le contrôle de grandeurs électriques, du n° 90.30",10.0,18.0,32.48
9030900000,- Parties et accessoires autres instruments et appareils du n° 90.30,5.0,18.0,26.58
9031100000,- Machines à équilibrer les pièces mécaniques,10.0,18.0,32.48
9031200000,- Bancs d'essai,5.0,18.0,26.58
9031410000,"-- Autres instruments et appareils optiques pour le contrôle des disques, des dispositifs à semi-conducteur, des masques ou des réticules …",10.0,18.0,32.48
9031490000,-- Autres instruments et appareils optiques'  l'exclusion de ceux du n° 90.31,10.0,18.0,32.48
9031800000,"- Autres instruments, appareils et machines de mesure ou de contrôle, non dénommés ni compris ailleurs; projecteurs de profils",10.0,18.0,32.48
9031900000,"- Parties et accessoires des instruments, appareils et machines du n° 90.31",5.0,18.0,26.58
9032100000,- Thermostats,10.0,18.0,32.48
8604000000,"Véhicules pour l'entretien ou le service des voies ferrées ou similaire, même autopropulsé (wagons-ateliers, wagons-grues, wagons ...).",5.0,18.0,26.58
8605000000,"Voitures à voyageurs, fourgons à bagages, voitures postales et aut. voitures spéciales, pour voies ferrées ou similaires ( sauf…du n°86.04).",5.0,18.0,26.58
8606100000,"- Wagons-citernes et similaires, pour le transport sur rail de marchandises",5.0,18.0,26.58
8606300000,"- Wagons à déchargement automatique, autres que ceux du n° 8606.10, pour le transport sur rail de marchandises",5.0,18.0,26.58
8606910000,"-- Wagons pour le transport sur rail de marchandises, couverts et fermés",5.0,18.0,26.58
8606920000,"-- Wagons pour le transport sur rail de marchandises ouverts, à parois non amovibles d'une hauteur excédant 60 cm (tombereaux)",5.0,18.0,26.58
8606990000,-- Autres wagons pour le transport sur rail de marchandises du n° 86.06,5.0,18.0,26.58
8607110000,-- Bogies et bissels de traction,5.0,18.0,26.58
8607120000,-- Bogies et bissels autres que de traction,5.0,18.0,26.58
8607190000,"-- Essieux et roues; parties des bogies, bissels, essieux et roues, de véhicules pour voies ferrées ou similaires",5.0,18.0,26.58
8607210000,-- Freins à air comprimé et leurs parties,5.0,18.0,26.58
8607290000,-- Freins et leurs parties autres que les freins à air comprimé et leurs parties,5.0,18.0,26.58
8607300000,"- Crochets et autres systèmes d'attelage, tampons de chocs, et leurs parties",5.0,18.0,26.58
8607910000,-- Autres parties de locomotives ou de locotracteurs,5.0,18.0,26.58
8607990000,"-- Autres parties de véhicules pour voies ferrées ou similaires, du n° 86.07",5.0,18.0,26.58
8608000000,"Matériel fixe de voie ferrée ou similaire; appareil mécaniq. (...) de signalisation,... routière ou fluviale, aire …aérodrome; leurs parties",5.0,18.0,26.58
8609000000,Cadres et conteneurs (y compris conteneurs-citernes et conteneurs-réservoirs) conçus et équipés pour un ou plusieurs modes de transport.,5.0,18.0,26.58
8701100000,- Motoculteurs,5.0,18.0,26.58
8701201000,"-- Tracteurs routiers pour semi-remorques, neufs",5.0,18.0,26.58
8701202000,"-- Tracteurs routiers pour semi-remorques, usagés",5.0,18.0,26.58
8701301000,-- Tracteurs à chenilles neufs (à l'exclusion des chariots-tracteurs du n° 87.09),5.0,18.0,26.58
8701302000,-- Tracteurs à chenilles usagés (à l'exclusion des chariots-tracteurs du n° 87.09),5.0,18.0,26.58
8701911100,"---- Tracteurs (sauf ceux des n° 8701.10 à 8701.30), puissance de moteur n'excédant pas 18 KW neufs, ...non montés pour industrie du montage",5.0,18.0,26.58
8701911900,"---- Tracteurs (sauf ceux des n° 8701.10 à 8701.30), puissance de moteur n'excédant pas 18 KW, neufs, non destinés à l'industrie du montage",5.0,18.0,26.58
8701919000,"--- Tracteurs (sauf ceux des n° 8701.10 à 8701.30), d'une puissance de moteur n'excédant pas 18 KW, usagés",5.0,18.0,26.58
8701921100,"---- Tracteurs (sauf ceux des n° 8701.10 à 8701.30), puissance de moteur excédant 18 KW mais pas 37 KW, neufs, ...non montés pour... montage",5.0,18.0,26.58
9032200000,- Manostats (pressostats),10.0,18.0,32.48
9032810000,"-- Autres instruments et appareils pour la régulation ou le contrôle automatiques, hydrauliques ou pneumatiques",10.0,18.0,32.48
9032890000,"-- Autres instruments et appareils pour la régulation ou le contrôle automatiques, autres qu'hydrauliques ou pneumatiques",10.0,18.0,32.48
9032900000,- Parties et accessoires des instruments et appareils du n° 90.32,5.0,18.0,26.58
9033000000,"Parties et accessoires non dénommés ni compris ailleurs dans le Chapitre 90, pour machines, appareils, instruments ou articles du Chap. 90.",5.0,18.0,26.58
9101110000,"-- Montres bracelets, fonctionnant électriquement...avec boîte en métaux précieux ou en plaqués ou doublés…, à affichage mécanique seulement",20.0,18.0,44.28
9101190000,"-- Montres bracelets, fonctionnant électriquement…avec boîte en métaux précieux ou en plaqués…, autres qu'à affichage mécanique seulement",20.0,18.0,44.28
9101210000,"-- Montres bracelets, fonctionnant électriquement...avec boîte en métaux précieux ou en plaqués ou doublés…, à remontage automatique",20.0,18.0,44.28
9101290000,"-- Montres bracelets, fonctionnant électriquement...avec boîte en métaux précieux ou en plaqués ou doublés…, aut. qu'à remontage automatique",20.0,18.0,44.28
9101910000,"-- Montres de poches et montres similaires (y cpris les compteurs de temps...), avec boîte en métaux précieux…, fonctionnant électriquement",20.0,18.0,44.28
9101990000,"-- Montres de poches et montres similaires (y cpris les compteurs...), avec boîte en métaux précieux…, aut. que fonctionnant électriquement",20.0,18.0,44.28
9102110000,"-- Montres-bracelets, fonctionnant électriquement, même incorporant un compteur..., à affichage mécanique seulement, sauf celles du n°91.01",20.0,18.0,44.28
9102120000,"-- Montres-bracelets, fonctionnant électriquement, même incorporant un …, à affichage optoélectronique seulement, sauf celles du n° 91.01",20.0,18.0,44.28
9102190000,"-- Autres montres-bracelets, fonctionnant électriquement, même incorporant un compteur de temps, du n° 91.02",20.0,18.0,44.28
9102210000,"-- Montres-bracelets, même incorporant un compteur de temps, à remontage automatique, sauf celles du n° 91.01",20.0,18.0,44.28
9102290000,"-- Autres montres-bracelets, ne fonctionnant pas électriquement, même incorporant…, autres qu'à remontage automatique et celles du n°91.01",20.0,18.0,44.28
9102910000,"-- Montres de poche et similaires, y compris les compteurs de temps des mêmes types fonctionnant électriquement, sauf celles du n° 91.01",20.0,18.0,44.28
9102990000,"-- Montres de poche et similaire, y cpris les compteurs de temps des mêmes types, ne fonctionnant pas électriquement, sauf celles du n°91.01",20.0,18.0,44.28
9103100000,"- Reveils et pendules, à mouvements de montre fonctionnant électriquement",20.0,18.0,44.28
9103900000,"- Reveils et pendules, à mouvements de montre ne fonctionnant pas électriquement",20.0,18.0,44.28
9104000000,"Montres de tableaux de bord et montres similaires, pour automobiles, véhicules aériens, bateaux ou autres véhicules.",20.0,18.0,44.28
9105110000,"-- Reveils à mouvement autre que de montre, fonctionnant électriquement",20.0,18.0,44.28
9105190000,"-- Reveils à mouvement autre que de montre, ne fonctionnant pas électriquement",20.0,18.0,44.28
8701921900,"---- Tracteurs (sauf ceux des n° 8701.10 à 8701.30), puissance de moteur excédant 18 KW mais pas 37 KW, neufs, non destinés à ... montage",5.0,18.0,26.58
8701929000,"--- Tracteurs (sauf ceux des n° 8701.10 à 8701.30), d'une puissance de moteur excédant 18 KW mais n'excédant pas 37 KW, usagés",5.0,18.0,26.58
8701931100,"---- Tracteurs (sauf ceux des n° 8701.10 à 8701.30), puissance de moteur excédant 37 KW mais pas 75 KW, neufs, ...non montés pour... montage",5.0,18.0,26.58
8701931900,"---- Tracteurs (sauf ceux des n° 8701.10 à 8701.30), puissance de moteur excédant 37 KW mais pas 75 KW, neufs, non destinés à ... montage",5.0,18.0,26.58
8701939000,"--- Tracteurs (sauf ceux des n° 8701.10 à 8701.30), d'une puissance de moteur excédant 37 KW mais n'excédant pas 75 KW, usagés",5.0,18.0,26.58
8701941100,"---- Tracteurs (sauf ceux des n° 8701.10 à 8701.30), puissance de moteur excédant 75 KW mais pas 130 KW, neufs,...non montés pour... montage",5.0,18.0,26.58
8701941900,"---- Tracteurs (sauf ceux des n° 8701.10 à 8701.30), puissance de moteur excédant 75 KW mais pas 130 KW, neufs, non destinés à ... montage",5.0,18.0,26.58
8701949000,"--- Tracteurs (sauf ceux des n° 8701.10 à 8701.30), d'une puissance de moteur excédant 75 KW mais n'excédant pas 130 KW, usagés",5.0,18.0,26.58
8701951100,"---- Tracteurs (sauf ceux des n° 8701.10 à 8701.30), puissance de moteur excédant 130 KW, neufs,...non montés pour l'industrie du montage",5.0,18.0,26.58
8701951900,"---- Tracteurs (sauf ceux des n° 8701.10 à 8701.30), puissance de moteur excédant 130 KW, neufs, non destinés à l'insdustrie du montage",5.0,18.0,26.58
8701959000,"--- Tracteurs (sauf ceux des n° 8701.10 à 8701.30), d'une puissance de moteur excédant 130 KW, usagés",5.0,18.0,26.58
8702101110,"---- Véhicule automobile, neuf,10 à 22 places assises à moteur à piston à allumage par compression (...), non monté pr industrie du montage",5.0,18.0,32.48
8702101190,"---- Véhicule automobile neuf,10 à 22 places assises à moteur à piston à allumage par compression (...), autre que pr industrie du montage",10.0,18.0,32.48
8702101210,"---- Véhicule auto. neuf, 23 à 30  places assises à moteur à piston à allumage par compression (...), non monté pr industrie du montage",5.0,18.0,32.48
8702101290,"----  Véhicule auto. neuf, 23 à 30  places assises à moteur à piston à allumage par compression (...), autre que pr industrie du montage",10.0,18.0,32.48
8702101310,"---- Véhicule auto. neuf, plus de 30 places assises à moteur à piston à allumage par compression (...), non monté  pr ?industrie du montage",5.0,18.0,32.48
8702101390,"---- Véhicule auto. neuf, plus de 30 places assises à moteur à piston à allumage par compression (...), autre que pr ?industrie du montage",10.0,18.0,32.48
8702102100,"---- Véhicule automobile, uniquement à moteur à piston à allumage par compression, usagé,comportant 10 à 22 places assises, chauffeur inclus",10.0,18.0,32.48
8702102200,"---- Véhicule automobile, uniquement à moteur à piston à allumage par compression, usagé,comportant 23 à 30 places assises, chauffeur inclus",10.0,18.0,32.48
8702102300,"---- Véhicule automobile, uniquement à moteur à piston à allumage par compression, usagé, plus de 30 places assises, chauffeur inclus",10.0,18.0,32.48
8702201110,"---- Véhicules automobiles, moteur à allumage par compression et moteur électrique, neufs, 10 à 22 places assises, pr industrie du montage",5.0,18.0,32.48
9105210000,"-- Pendules et horloges, murales, à mouvement autre que de montre, fonctionnant électriquement",20.0,18.0,44.28
9105290000,"-- Pendules et horloges, murales, à mouvement autre que de montre, ne fonctionnant pas électriquement",20.0,18.0,44.28
9105910000,"-- Autres appareils d'horlogerie à mouvements autres que de montres, fonctionnant électriquement",20.0,18.0,44.28
9105990000,-- Autres appareils d'horlogerie à mouvements autres que de montres ne fonctionnant pas électriquement,20.0,18.0,44.28
9106100000,- Horloges de pointage; horodateurs et horocompteurs,20.0,18.0,44.28
9106900000,- Autres appareils de contrôle du temps et compteur de temps à mouvement d'horlogerie ou à moteur synchrone,20.0,18.0,44.28
9107000000,"Interrupteurs horaires et autres appareils pour déclencher un mécanisme à temps donné, munis d'un mvt. d'horlogerie ou d'un moteur synchrone",20.0,18.0,44.28
9108110000,"-- Mouvements de montres, complets et assemblés, fonctionnant électriquement, à affichage mécanique seulement ou avec un dispositif…mécaniq.",20.0,18.0,44.28
9108120000,"-- Mouvements de montres, complets et assemblés fonctionnant électriquement, à affichage optoélectronique seulement",20.0,18.0,44.28
9108190000,"-- Autres mouvements de montres, complets et assemblés, fonctionnant électriquement",20.0,18.0,44.28
9108200000,"- Mouvements de montres, complets et assemblés, à remontage automatique",20.0,18.0,44.28
9108900000,"- Autres mouvements de montres, complets et assemblés, ne fonctionnant pas électriquement, autres qu'à remontage automatique",20.0,18.0,44.28
9109100000,"- Mouvements d'horlogerie, complets et assemblés, autres que de montres, fonctionnant électriquement",20.0,18.0,44.28
9109900000,"- Mouvements d'horlogerie, complets et assemblés, autres que de montres, ne fonctionnant pas électriquement",20.0,18.0,44.28
9110110000,"-- Mouvements de montres complets, non assemblés ou partiellement assemblés (chablons)",20.0,18.0,44.28
9110120000,"-- Mouvements de montres incomplets, assemblés",20.0,18.0,44.28
9110190000,-- Ebauches de mouvements de montres,10.0,18.0,44.28
9110900000,"- Mouvements d'horlogerie complets ou non, assemblés ou non, partiellement assemblés (chablons), autres que de montres; leurs ébauches",20.0,18.0,44.28
9111100000,- Boîtes de montres en métaux précieux ou en plaqués ou doublés de métaux précieux,20.0,18.0,44.28
9111200000,"- Boîtes de montres en métaux communs, même dorés ou argentés",20.0,18.0,44.28
9111800000,"- Boîtes de montres, du n° 91.02, autres qu'en métaux",20.0,18.0,44.28
9111900000,- Parties des boîtes de montres des n°s 91.01 ou 91.02,10.0,18.0,32.48
9112200000,- Cages et cabinets d'appareils d'horlogerie,20.0,18.0,44.28
9112900000,- Parties de cages et cabinets d'appareils d'horlogerie,10.0,18.0,32.48
9113100000,- Bracelets de montres et leurs parties en métaux précieux ou en plaqués ou doublés de métaux précieux,20.0,18.0,44.28
9113200000,"- Bracelets de montres et leurs parties en métaux communs, même dorés ou argentés",20.0,18.0,44.28
8702201190,"---- Véhicules auto, moteur à allumage par compression et moteur électrique, neufs, 10 à 22 places assises, autr que pr industrie du montage",10.0,18.0,32.48
8702201210,"---- Véhicules automobiles, moteur à allumage par compression et moteur électrique, neufs, 23 à 30 places assises, pr industrie du montage",5.0,18.0,32.48
8702201290,"---- Véhicules auto, moteur à allumage par compression et moteur électrique, neufs, 23 à 30 places assises, autr que pr industrie du montage",10.0,18.0,32.48
8702201310,"---- Véhicules auto, moteur à allumage par compression et moteur électrique, neufs, plus de 30 places assises, pr industrie du montage",5.0,18.0,32.48
8702201390,"---- Véhicules auto, moteur à allumage par compression et moteur électriq, neufs, plus de 30 places assises, autr que pr industr. du montage",10.0,18.0,32.48
8702202100,"---- Véhicules automobiles, moteur à allumage par compression et moteur électrique, usagés, 10 à 22 places assises, chauffeur inclus",10.0,18.0,32.48
8702202200,"---- Véhicules automobiles, moteur à allumage par compression et moteur électrique, usagés, 23 à 30 places assises, chauffeur inclus",10.0,18.0,32.48
8702202300,"---- Véhicules automobiles, moteur à allumage par compression et moteur électrique, usagés, plus de 30 places assises, chauffeur inclus",10.0,18.0,32.48
8702301110,"---- Véhicules automobiles, moteur à allumage par étincelle et moteur électrique, neufs, 10 à 22 places assises, pr industrie du montage",5.0,18.0,32.48
8702301190,"---- Véhicules auto, moteur à allumage par étincelle et moteur électrique, neufs, 10 à 22 places assises, autr que pr industrie du montage",10.0,18.0,32.48
8702301210,"---- Véhicules automobiles, moteur à allumage par étincelle et moteur électrique, neufs, 23 à 30 places assises, pr industrie du montage",5.0,18.0,32.48
8702301290,"---- Véhicules auto, moteur à allumage par étincelle et moteur électrique, neufs, 23 à 30 places assises, autres que pr industrie du montage",10.0,18.0,32.48
8702301310,"---- Véhicules auto, moteur à allumage par étincelle et moteur électrique, neufs, plus de 30 places assises, pr industrie du montage",5.0,18.0,32.48
8702301390,"---- Véhicules auto, moteur à allumage par étincelle et moteur électrique, neufs, plus de 30 places assises, autr que pr industr. du montage",10.0,18.0,32.48
8702302100,"---- Véhicules automobiles, moteur à allumage par étincelle et moteur électrique, usagés, 10 à 22 places assises, chauffeur inclus",10.0,18.0,32.48
8702302200,"---- Véhicules automobiles, moteur à allumage par étincelle et moteur électrique, usagés, 23 à 30 places assises, chauffeur inclus",10.0,18.0,32.48
8702302300,"---- Véhicules automobiles, moteur à allumage par étincelle et moteur électrique, usagés, plus de 30 places assises, chauffeur inclus",10.0,18.0,32.48
8702401110,"---- Véhicules automobiles, uniquement à moteur électrique pour la propulsion, neufs, 10 à 22 places assises, pour l'industrie du montage",5.0,18.0,32.48
8702401190,"---- Véhicules auto, uniquement à moteur électrique pour la propulsion, neufs, 10 à 22 places assises, autr que pr industrie du montage",10.0,18.0,32.48
8702401210,"---- Véhicules automobiles, uniquement à moteur électrique pour la propulsion, neufs, 23 à 30 places assises, pour l'industrie du montage",5.0,18.0,32.48
8702401290,"---- Véhicules auto, uniquement à moteur électrique pour la propulsion, neufs, 23 à 30 places assises, autr que pour industrie du montage",10.0,18.0,32.48
9113900000,"- Bracelets de montres et leurs parties, autres qu'en métaux",20.0,18.0,44.28
9114100000,"- Ressorts, y compris les spiraux",20.0,18.0,44.28
9114300000,- Cadrans d'horlogerie,20.0,18.0,44.28
9114400000,- Platines et ponts d'horlogerie,20.0,18.0,44.28
9114900000,"- Autres fournitures d'horlogerie, à l'exclusion des ressorts, spiraux, cadrans, platines et ponts",20.0,18.0,44.28
9201100000,"- Pianos droits, même automatiques",10.0,18.0,32.48
9201200000,"- Pianos à queue, même automatiques",10.0,18.0,32.48
9201900000,- Autres pianos même automatiques; clavecins et autres instruments à corde à clavier,10.0,18.0,32.48
9202100000,- Instruments de musique à cordes frottées à l'aide d'un archet,10.0,18.0,32.48
9202900000,- Autres instruments de musique à cordes du n° 92.02,10.0,18.0,32.48
9205100000,"- Instruments de musique à vent dits «cuivres», autres que les orchestrions et les orgues de Barbarie",10.0,18.0,32.48
9205900000,"- Instruments de musique à vent (à l'exclusion des instruments  dits «cuivres»), autres que les orchestrions et les orgues de Barbarie",10.0,18.0,32.48
9206000000,"Instruments de musique à percussion (tambours, caisses, xylophones, cymbales, castagnettes, maracas, par exemple).",10.0,18.0,32.48
9207100000,"- Instruments de musique à clavier dont le son est produit ou doit être amplifié par des moyens électriques, autres que les accordéons",10.0,18.0,32.48
9207900000,"- Instruments de musique (y compris les accordéons) dont le son est produit ou amplifié par des moyens électriques, sauf ceux à clavier",10.0,18.0,32.48
9208100000,- Boîtes à musique,10.0,18.0,32.48
9208900000,"- Orchestrions, orgues de Barbarie … Chapitre; appeaux de tous types; siflets, cornes d'appel et autres instruments d'appel … bouche",10.0,18.0,32.48
9209300000,- Cordes harmoniques d'instruments de musique,10.0,18.0,32.48
9209910000,-- Parties et accessoires de pianos,10.0,18.0,32.48
9209920000,-- Parties et accessoires des instruments de musique du n° 92.02,10.0,18.0,32.48
9209940000,-- Parties et accessoires des instruments de musique du n° 92.07,10.0,18.0,32.48
9209990000,-- Autres parties et accessoires d'instruments de musique; métronomes et diapasons de tous types,10.0,18.0,32.48
9301100000,"- Pièces d'artillerie (canons, obusiers et mortiers, par exemple)",20.0,18.0,44.28
9301200000,- Tubes lance-missiles; lance-flammes; lance-grenades; lance-torpilles et lanceurs similaires,20.0,18.0,44.28
9301901100,"--- Fusils et carabines comportant au moins un canon lisse, entièrement automatiques",20.0,18.0,44.28
9301901200,--- Fusils et carabines à culasse,20.0,18.0,44.28
9301901300,--- Fusils et carabines semi-automatiques,20.0,18.0,44.28
9301901900,--- Autres fusils et carabines,20.0,18.0,44.28
9301902000,-- Mitrailleuses,20.0,18.0,44.28
9301903100,--- Pistolets mitrailleurs (mitraillettes) entièrement automatiques,20.0,18.0,44.28
9301903900,--- Pistolets mitrailleurs (mitraillettes) autres qu'entièrement automatiques,20.0,18.0,44.28
8702401310,"---- Véhicules automobiles, uniquement à moteur électrique pour la propulsion, neufs, plus de 30 places assises, pour industrie du montage",5.0,18.0,32.48
8702401390,"---- Véhicules auto, uniquement à moteur électrique pour la propulsion, neufs, plus de 30 places assises, autres que pr industrie du montage",10.0,18.0,32.48
8702402100,"---- Véhicules automobiles, uniquement à moteur électrique pour la propulsion, usagés, 10 à 22 places assises, chauffeur inclus",10.0,18.0,32.48
8702402200,"---- Véhicules automobiles, uniquement à moteur électrique pour la propulsion, usagés, 23 à 30 places assises, chauffeur inclus",10.0,18.0,32.48
8702402300,"---- Véhicules automobiles, uniquement à moteur électrique pour la propulsion, usagés, plus de 30 places assises, chauffeur inclus",10.0,18.0,32.48
8702901110,"---- Véhicule automobile neuf,10 à 22 places assises,non monté pr industrie du montage, aut. qu'à moteur à piston à allumage par compression",5.0,18.0,32.48
8702901190,"---- Véhicule automobile neuf,10 à 22 places assises autres que pr industrie du montage,aut. qu'à moteur à piston à allumage par compression",10.0,18.0,32.48
8702901210,"---- Véhicule automobile neuf,23 à 30 places assises, non monté pr industrie du montage,aut. qu'à moteur à piston à allumage par compression",5.0,18.0,32.48
8702901290,"---- Véhicule automobile neuf,23 à 30 places assises, aut. que pr industrie du montage, aut. qu'à moteur à piston à allumage par compression",10.0,18.0,32.48
8702901310,"---- Véhicule auto. neuf, plus de 30 places assises, non monté pr industrie du montage, aut. qu'à moteur à piston à allumage par compression",5.0,18.0,32.48
8702901390,"---- Véhicule auto. neuf, plus de 30 places assises, autres que pr industrie du montage,aut. qu'à moteur à piston à allumage par compression",10.0,18.0,32.48
8702902100,"---- Véhicules automobiles, autres que des N° 8702.10 à 8702.40, usagés, comportant 10 à 22 places assises, chauffeur inclus",10.0,18.0,32.48
8702902200,"---- Véhicules automobiles, autres que des N° 8702.10 à 8702.40, usagés, comportant 23 à 30 places assises, chauffeur inclus",10.0,18.0,32.48
8702902300,"---- Véhicules automobiles, autres que des N° 8702.10 à 8702.40, usagés, comportant plus de 30 places assises, chauffeur inclus",10.0,18.0,32.48
8703100000,"- Véhicules spéciaux conçus pour se déplacer sur la neige,  pour le transport de personnes sur les terrains de golf ou véhicules similaires",20.0,18.0,44.28
8703211100,"---- Véhicules pour le transport de moins de 10 pers., neufs, à allumage par étincelles... n'excéd. pas 1.000cm³, ...pr industrie du montage",5.0,18.0,44.28
8703211900,"---- Véhicules pour le transport de moins de 10 pers., neufs, à allumage par étincel... n'excéd. pas 1.000cm³,…aut. que pr indus. du montage",20.0,18.0,44.28
8703212000,"--- Véhicules pour le transport de moins de 10 personnes, usagés, à allumage par étincelles, d'une cylindrée n'excédant pas 1.000 cm³",20.0,18.0,44.28
8703221100,"---- Véhicules pr le transport de moins de 10 pers.,neufs, à allumage par étincel...excéd.1.000cm³ mais pas 1500cm³, ...pr indus. du montage",5.0,18.0,44.28
8703221900,"---- Véhicules pr transport de moins de 10pers.,neufs, à allumage par étincel...excéd.1.000cm³ mais pas 1500cm³, … aut. que pr l'industrie …",20.0,18.0,44.28
8703222000,"--- Véhicules pr le transport de moins de 10 personnes, usagés, à allumage par étincelles, d'une cylindée excédant 1.000cm³ mais pas 1500cm³",20.0,18.0,44.28
9301909000,"-- Autres armes de guerre, du n° 90.01",20.0,18.0,44.28
9302001000,- Revolvers autres que ceux des n°s 93.03 ou 93.04,20.0,18.0,44.28
9302002100,"-- Pistolets, à canon simple, semi-automatiques, autres que ceux des n°s 93.03 ou 93.04",20.0,18.0,44.28
9302002900,"-- Pistolets, à canon simple (à l'exclusion des semi-automatiques), autres que ceux des n°s 93.03 ou 93.04",20.0,18.0,44.28
9302003000,"- Pistolets, à plusieurs canons, autres que ceux des n°s 93.03 ou 93.04",20.0,18.0,44.28
9303100000,- Armes à feu ne pouvant être chargées que par le canon,20.0,18.0,44.28
9303201100,"--- Fusils et carabines de chasse ou de tirs sportifs, à canon lisse, simple, à pompe",20.0,18.0,44.28
9303201200,"--- Fusils et carabines de chasse ou de tirs sportifs, à canon lisse, simple, semi-automatiques",20.0,18.0,44.28
9303201900,"--- Autres fusils et carabines de chasse ou de tirs sportifs, à canon lisse, simple, autres qu'à pompe ou semi-automatiques",20.0,18.0,44.28
9303202000,"-- Fusils et carabines, à plusieurs canons comportant au moins un canon lisse, y compris les fusils-combinés",20.0,18.0,44.28
9303301000,"-- Fusils et carabines de chasse ou de tirs sportifs ne comportant pas de canon lisse, à culasse à un coup",20.0,18.0,44.28
9303302000,"-- Fusils et carabines de chasse ou de tirs sportifs ne comportant pas de canon lisse, semi-automatiques",20.0,18.0,44.28
9303309000,"-- Autres fusils et carabines de chasse ou de tirs sportifs ne comportant pas de canon lisse, aut. qu'à culasse à un coup ou semi-automatiq.",20.0,18.0,44.28
9303900000,"- Autres armes à feu et engins similaires utilisant la déflagration de la poudre, du n° 93.03",20.0,18.0,44.28
9304000000,"Autres armes (fusils, carabines et pistolets à ressort, à air comprimé ou à gaz, matraques, par exemple), à l'exclusion de celles du n°93.07",20.0,18.0,44.28
9305101000,-- Mécanismes de mise à feu de révolvers ou pistolets,10.0,18.0,32.48
9305102000,-- Carcasses de révolvers ou pistolets,10.0,18.0,32.48
9305103000,-- Canons de révolvers ou pistolets,10.0,18.0,32.48
9305104000,"-- Pistons, crochets de verrouillage et amortisseurs à gaz, de révolvers ou pistolets",10.0,18.0,32.48
9305105000,"-- Chargeurs et leurs parties, de révolvers ou pistolets",10.0,18.0,32.48
9305106000,"-- Silencieux (dispositifs amortisseurs du bruit de la détonation) et leurs parties, de révolvers ou pistolets",10.0,18.0,32.48
9305107000,"-- Crosses, plaquettes de crosse et plaques de couche, de révolvers ou pistolets",10.0,18.0,32.48
9305108000,-- Coulisses (pour les pistolets) et barillets (pour les révolvers),10.0,18.0,32.48
9305109000,-- Autres parties et accessoires de révolvers ou pistolets,10.0,18.0,32.48
9305201000,"-- Mécanismes de mise à feu, de fusils ou carabines du n° 93.03",10.0,18.0,32.48
9305202000,-- Carcasses de fusils ou carabines du n° 93.03,10.0,18.0,32.48
9305203000,-- Canons rayés de fusils ou carabines du n° 93.03,10.0,18.0,32.48
9305204000,"-- Pistons, tenons de verrouillage et amortisseurs à gaz, de fusils ou carabines du n° 93.03",10.0,18.0,32.48
8703231100,"---- Véhicules pr le transport de moins de 10 pers.,neufs, à allumage par étincel...excéd.1.500cm³ mais pas 3000cm³, ...pr indus. du montage",5.0,18.0,44.28
8703231900,"---- Véhicules pr transport de moins de 10pers.,neufs, à allumage par étincel...excéd.1.500cm³ mais pas 3000cm³, … aut. que pr l'industrie …",20.0,18.0,44.28
8703232000,"--- Véhicules pr le transport de moins de 10 personnes, usagés, à allumage par étincelles, d'une cylindée excédant 1.500cm³ mais pas 3000cm³",20.0,18.0,44.28
8703241100,"---- Véhicules pour le transport de moins de 10 pers., neufs, à allumage par étincelles... excédant 3.000 cm³, ...pour industrie du montage",5.0,18.0,44.28
8703241900,"---- Véhicules pr le transport de moins de 10 pers., neufs, à allumage par étincelles... excéd. 3.000 cm³, …aut. que pr industrie du montage",20.0,18.0,44.28
8703242000,"--- Véhicules pour le transport de moins de 10 personnes, usagés, à allumage par étincelles, d'une cylindrée excédant 3.000 cm³",20.0,18.0,44.28
8703311100,"---- Véhicules pour le transport de moins de 10 pers., neufs, à allumage par compression... n'excéd. pas 1.500cm³,...pr industrie du montage",5.0,18.0,44.28
8703311900,"---- Véhicules pour le transport de moins de 10 pers., neufs, à allumage par compression... n'excéd. pas 1.500cm³,…aut. que pr industrie ...",20.0,18.0,44.28
8703312000,"--- Véhicules pour le transport de moins de 10 personnes, usagés, à allumage par compression, d'une cylindrée n'excédant pas 1.500cm³",20.0,18.0,44.28
8703321100,"---- Véhicules pr transport de moins de 10 pers.,neufs, à allumage par compression...excéd.1500cm³ mais pas 2500cm³, ...pr indus. du montage",5.0,18.0,44.28
8703321900,"----  Véhicules pr transport de moins de 10 pers.,neufs, allumage par compression...excéd.1500cm³ mais pas 2500cm³, …aut. que pr industrie …",20.0,18.0,44.28
8703322000,"--- Véhicules pr le transport de moins de 10personnes, usagés, à allumage par compression, d'une cylindrée excédant 1500cm³ mais pas 2500cm³",20.0,18.0,44.28
8703331100,"---- Véhicules pour le transport de moins de 10 pers., neufs, à allumage par compression... excédant 2.500cm³,...pr industrie du montage",5.0,18.0,44.28
8703331900,"---- Véhicules pr transport de moins de 10 pers., neufs, à allumage par compression... excédant 2.500cm³,… aut. que pr industrie du montage",20.0,18.0,44.28
8703332000,"--- Véhicules pour le transport de moins de 10 personnes, usagés, à allumage par compression, d'une cylindrée excédant 2.500 cm³",20.0,18.0,44.28
8703401100,"--- Véhicules auto pr trport de personnes (autr que N° 87.02), allumage par étincelles et électrique sans..., neufs, pr indust. du montage",5.0,18.0,44.28
8703401900,"--- Véhicules auto pr trport de personnes (autr que N°87.02), allumage par étincelles et électriq sans...,neufs, autr que pr ind. du montage",20.0,18.0,44.28
8703402000,"--- Véhicules automobiles pour le transport de personnes (autres que  N° 87.02), allumage par étincelles et électrique sans ..., usagés",20.0,18.0,44.28
8703501100,"--- Véhicules auto pr trport de personnes (autr que N° 87.02), allumage par compression et électrique sans ..., neufs, pr indust. du montage",5.0,18.0,44.28
8703501900,"--- Véhicules auto pr trport de personnes (autr que N°87.02), allumage par compression et électriq sans...,neufs,autr que pr ind. du montage",20.0,18.0,44.28
8703502000,"--- Véhicules automobiles pour le transport de personnes (autres que  N° 87.02), allumage par compression et électrique sans ...,usagés",20.0,18.0,44.28
9305205000,"-- Chargeurs et leurs parties, de fusils ou carabines du n° 93.03",10.0,18.0,32.48
9305206000,"-- Silencieux (Dispositifs amortisseurs du bruit de la détonation) et leur partie, de fusils ou carabines du n° 93.03",10.0,18.0,32.48
9305207000,"-- Dispositifs anti-lueur et leurs parties, de fusils ou carabines du n° 93.03",10.0,18.0,32.48
9305208000,"-- Culasses, verrous (platines) et boîtes de culasse, de fusils ou carabines du n° 93.03",10.0,18.0,32.48
9305209000,-- Autres parties et accessoires de fusils ou carabines du n° 93.03,10.0,18.0,32.48
9305911100,"---- Mécanismes de mise à feu de mitrailleuses, de pistolets-mitrailleurs (mitraillettes), de fusils ou de carabines, du n° 93.01",10.0,18.0,32.48
9305911200,"---- Carcasses de mitrailleuses, de pistolets-mitrailleurs (mitraillettes), de fusils ou de carabines, du n° 93.01",10.0,18.0,32.48
9305911300,"---- Canons de mitrailleuses, de pistolets-mitrailleurs (mitraillettes), de fusils ou de carabines, du n° 93.01",10.0,18.0,32.48
9305911400,"---- Piston, tenons de verrouillage et amortisseurs à gaz, de mitrailleuses, pistolets-mitrailleurs (...), fusils ou carabines, du n° 93.01",10.0,18.0,32.48
9305911500,"---- Chargeurs et leurs parties, de mitrailleuses, de pistolets-mitrailleurs (mitraillettes), de fusils ou de carabines, du n° 93.01",10.0,18.0,32.48
9305911600,"---- Silencieux (...) et leurs parties de mitrailleuses, de pistolets-mitrailleurs (mitraillettes), de fusils ou de carabines, du n° 93.01",10.0,18.0,32.48
9305911700,"---- Dispositifs anti-lueur et leurs parties, de mitrailleuses, pistolets-mitrailleurs (mitraillettes), fusils ou carabines, du n° 93.01",10.0,18.0,32.48
9305911800,"---- Culasses, verrous (platines) et boîtes de culasse, de mitrailleuses, pistolets-mitrailleurs (...), fusils ou carabines, du n° 93.01",10.0,18.0,32.48
9305911900,"---- Autres parties et accessoires de mitrailleuses, pistolets mitrailleurs (mitraillettes), de fusils ou de carabines, du n° 93.01",10.0,18.0,32.48
9305919000,"--- Parties et accessoires des autres armes de guerre, du n° 93.01",10.0,18.0,32.48
9305990000,-- Autres parties et accessoires des articles du n° 93.03; parties et accessoires des articles du n° 93.04,10.0,18.0,32.48
9306210000,-- Cartouches pour fusils ou carabines à canon lisse,20.0,18.0,44.28
9306291000,--- Parties de cartouche pour fusils ou carabines à canon lisse,10.0,18.0,26.58
9306299000,--- Plombs pour carabines à air comprimé,20.0,18.0,44.28
9306301000,-- Cartouches autres que pour fusils ou carabines à canon lisse,20.0,18.0,44.28
9306309000,-- Parties de cartouches autres que pour fusils ou carabines à canon lisse,10.0,18.0,26.58
9306900000,"- Bombes, grenades, torpilles, mines, missiles et autres munitions, projectiles, et leurs parties",20.0,18.0,44.28
9307000000,"Sabres, épées, baïonnettes, lances et autres armes blanches, leurs parties et leurs fourreaux.",20.0,18.0,44.28
9401100000,"- Sièges (à l'exclusion de ceux du n° 94.02), même transformables en lits, des types utilisés pour véhicules aériens",20.0,18.0,44.28
9401200000,"- Sièges (à l'exclusion de ceux du n° 94.02), même transformables en lits, des types utilisés pour véhicules automobiles",20.0,18.0,44.28
8703601100,"--- Véhicules auto pr trport de personnes (autr que N° 87.02), allumage par étincelles et électrique avec..., neufs, pr indust. du montage",5.0,18.0,44.28
8703601900,"--- Véhicules auto pr trport de personnes (autr que N°87.02), allumage par étincelles et électriq avec...,neufs, autr que pr ind. du montage",20.0,18.0,44.28
8703602000,"--- Véhicules automobiles pour le transport de personnes (autres que  N° 87.02), allumage par étincelles et électrique avec ..., usagés",20.0,18.0,44.28
8703701100,"--- Véhicules auto pr trport de personnes (autr que N° 87.02), allumage par compression et électrique avec..., neufs, pr indust. du montage",5.0,18.0,44.28
8703701900,"--- Véhicules auto pr trport de personnes (autr que N°87.02), allumage par compression et électriq avec..,neufs, autr que pr ind. du montage",20.0,18.0,44.28
8703702000,"--- Véhicules automobiles pour le transport de personnes (autres que  N° 87.02), allumage par compression et électrique avec ..., usagés",20.0,18.0,44.28
8703801100,"--- Véhicules auto pour le transport de personnes (autr que N° 87.02), uniquement à moteur électrique, neufs, pour industrie du montage",5.0,18.0,44.28
8703801900,"--- Véhicules auto pour le transport de personnes (autr que N° 87.02), uniquement à moteur électriq., neufs, autres que pour ind. du montage",20.0,18.0,44.28
8703802000,"--- Véhicules automobiles pour le transport de personnes (autr que N° 87.02), uniquement à moteur électrique, usagés",20.0,18.0,44.28
8703900000,"- Autres véhicules  pour le transport de moins de 10 personnes, du n° 87.03",20.0,18.0,44.28
8704101000,-- Tomberaux automoteurs conçus pour être utilisés en dehors du réseau routier...à l?'état démonté ou non monté pour l'?industrie du montage,5.0,18.0,32.48
8704109000,"-- Tomberaux automoteurs conçus pour être utilisés en dehors du réseau routier, autres que pour l'?industrie du montage",10.0,18.0,32.48
8704211110,"----- Véhicules auto. pour transport de marchandises, neufs, allumage par compression, à benne-basculante...maximal de 5t...pr industrie...",5.0,18.0,32.48
8704211190,"----- Véhicules auto. pr transport de marchandises, neufs, allumage par compression,à benne-basculante...max. de 5t…aut. que pr industrie...",10.0,18.0,32.48
8704211910,"----- Véhicules auto. pour transport de marchandises, neufs, allumage par compression...max.de 5t...pr industrie…, aut.qu'à benne-basculante",5.0,18.0,32.48
8704211990,"----- Véhicules auto. pr transport de marchandises, neufs, allum. par compression...max. de 5t…aut. qu'à benne-basculante et l'industrie...",10.0,18.0,32.48
8704212000,"--- Véhicules automobile pour le transport de marchandises, usagés, à moteur à piston à allumage par compression,  n'excédant pas 5t",10.0,18.0,32.48
8704221110,"----- Véhicules auto. pr transport de marchandises,neufs, allumage par compression,à benne-basculante…excéd. 5t mais pas 20t...pr industrie…",5.0,18.0,32.48
8704221190,"----- Véhicules auto. pour marchandises, neufs, allumage par compression, à benne-basculante…excéd. 5t mais pas 20t… aut. que pr industrie…",10.0,18.0,32.48
8704221910,"----- Véhicules auto. pour marchandises,neufs, allumage par compression…excéd. 5t mais pas 20t…pr industrie…aut. qu' à benne-basculante",5.0,18.0,32.48
8704221990,"----- Véhicules auto. pour marchandises,neufs, allumage par compression…excéd. 5t mais pas 20t… aut. qu' à benne-basculante et l'industrie…",10.0,18.0,32.48
8704222000,"--- Véhicules automobile pr transport de marchandises, usagés, allumage par compression, d'un poids en charge maximal excéd. 5t mais pas 20t",10.0,18.0,32.48
8506400000,"- Piles et batteries de piles électriques, à l'oxyde d'argent",20.0,18.0,44.28
8506500000,"- Piles et batteries de piles électriques, au lithium",20.0,18.0,44.28
8506600000,"- Piles et batteries de piles électriques, à l'air-zinc",20.0,18.0,44.28
8506800000,"- Autres piles et batteries de piles électriques, du n° 85.06",20.0,18.0,44.28
8506900000,"- Parties des piles et batteries de piles électriques, du n° 85.06",5.0,18.0,26.58
8507100000,"- Accumulateurs électriques au plomb, pr le démarrage des moteurs à piston, y cpris leurs séparateurs, même de forme carrée ou rectangulaire",20.0,18.0,44.28
8507200000,"- Accumulateurs électriques au plomb,sauf pr le démarrage des moteurs à piston, y cpris leurs séparateurs, même de forme carrée ou rectang.",20.0,18.0,44.28
8507300000,"- Accumulateurs électriques au nickel-cadmium, y compris leurs séparateurs, même de forme carrée ou rectangulaire",20.0,18.0,44.28
8507400000,"- Accumulateurs électriques au nickel-fer, y compris leurs séparateurs, même de forme carrée ou rectangulaire",20.0,18.0,44.28
8507500000,"- Accumulateurs électriques au nickel-hydrure métallique, y compris leurs séparateurs, même de forme carrée ou rectangulaire",20.0,18.0,44.28
8507600000,"- Accumulateurs électriques au lithium-ion, y compris leurs séparateurs, même de forme carrée ou rectangulaire",20.0,18.0,44.28
8507800000,"- Autres accumulateurs électriques, y compris leurs séparateurs, même de forme carrée ou rectangulaire, du n° 85.07",20.0,18.0,44.28
8507900000,"- Parties des accumulateurs électriques, y compris leurs séparateurs, même de forme carrée ou rectangulaire",10.0,18.0,32.48
8508110000,-- Aspirateurs à moteur électrique incorporé d'une puissance n'excédant pas 1.500 W et dont le volume du réservoir n'excède pas 20 l,20.0,18.0,44.28
8508190000,"-- Aspirateurs à moteur électrique incorporé, sauf ceux d'une puissance n'excédant pas 1.500W et dont le vol. du réservoir n'excède pas 20 l",20.0,18.0,44.28
8508600000,- Aspirateurs autres qu'à moteur électrique incorporé,20.0,18.0,44.28
8508700000,- Parties d'aspirateurs,10.0,18.0,32.48
8509400000,"- Broyeurs et mélangeurs pour aliments, presse-fruits et presse-légumes, à moteur électrique",20.0,18.0,44.28
8509800000,"- Autres appareils électomécaniques à moteur électrique incoporé, à usage domestique, autres que les aspirateurs du n° 85.08",20.0,18.0,44.28
8509900000,"- Parties des appareils électromécaniques à moteur électrique incorporé, à usage domestique, autres que les aspirateurs du n° 85.08",10.0,18.0,32.48
8510100000,- Rasoirs à moteur électrique incorporé,20.0,18.0,44.28
8510200000,- Tondeuses à moteur électrique incorporé,20.0,18.0,44.28
8510300000,"- Appareils à épiler, à moteur électrique incorporé",20.0,18.0,44.28
8510900000,"- Parties des rasoirs, tondeuses et appareils à épiler, à moteur électrique incorporé",10.0,18.0,32.48
8511100000,- Bougies électriques d'allumage pour moteurs à allumage par étincelles ou par compression,10.0,18.0,32.48
8511200000,"- Magnétos, dynamos-magnétos et volants magnétiques électriques, pour moteurs à allumage par étincelles ou par compression",10.0,18.0,32.48
8511300000,"- Distributeurs et bobines d'allumage électriques, pour moteurs  à allumage par étincelles ou par compression",10.0,18.0,32.48
8704231110,"----- Véhicules automobile pour transport de marchandises, neufs, allumage par compression,à benne-basculante…excédant 20t pour l'industrie…",5.0,18.0,32.48
8704231190,"----- Véhicules auto. pr transport de marchandises,neufs, allumage par compression,à benne-basculante…excédant 20t, aut. que pr l'industrie…",10.0,18.0,32.48
8704231910,"----- Véhicules automobiles pour marchandises, neufs, allumage par compression…excédant 20t…pour l'industrie…autres qu' à benne-basculante",5.0,18.0,32.48
8704231990,"----- Véhicules automobiles pour marchandises, neufs, allumage par compression…excédant 20t… autres qu' à benne-basculante et l'industrie…",10.0,18.0,32.48
8704232000,"--- Véhicules automobiles pour transport de marchandises, usagés, allumage par compression, d'un poids en charge maximal excédant 20t",10.0,18.0,32.48
8704311110,"----- Véhicules auto. pour transport de marchandises, neufs, allumage par étincelles, à benne-basculante...maximal de 5t...pr industrie...",5.0,18.0,32.48
8704311190,"----- Véhicules auto. pr transport de marchandises, neufs, allumage par étincelles, à benne-basculante...max. de 5t…aut. que pr industrie...",10.0,18.0,32.48
8704311910,"----- Véhicules auto. pour transport de marchandises, neufs, allumage par étincelles...max.de 5t...pr industrie…, aut.qu'à benne-basculante",5.0,18.0,32.48
8704311990,"----- Véhicules auto. pour transport de marchandises, neufs, allum. par étincelles...max. de 5t…aut. qu'à benne-basculante et l'industrie...",10.0,18.0,32.48
8704312000,"--- Véhicules automobiles pour le transport de marchandises, usagés, à moteur à piston à allumage par étincelles,  n'excédant pas 5t",10.0,18.0,32.48
8704321110,"----- Véhicules automobiles pour transport de marchandises, neufs, allumage par étincelles, à benne-basculante…excédant 5t pr l'industrie…",5.0,18.0,32.48
8704321190,"----- Véhicules automobiles pour marchandises, neufs, allumage par étincelles, à benne-basculante…excédant 5t… aut. que pr industrie…",10.0,18.0,32.48
8704321910,"----- Véhicules automobiles pour marchandises,neufs, allumage par étincelles…excédant 5t…pour industrie…autres qu' à benne-basculante",5.0,18.0,32.48
8704321990,"----- Véhicules automobiles pour marchandises, neufs, allumage par étincelles…excédant 5t… autres qu' à benne-basculante et l'industrie…",10.0,18.0,32.48
8704322000,"--- Véhicules automobiles pour le transport de marchandises, usagés, allumage par étincelles, d'un poids en charge maximal excédant 5t",10.0,18.0,32.48
8704901000,"-- Autres véhicules automobiles pour le transport de marchandise  du n° 87.04, à l'état démonté ou non monté pour l'?industrie du montage",5.0,18.0,32.48
8704909000,"-- Autres véhicules automobiles pour le transport de marchandise  du n° 87.04, autres que pour l'?industrie du montage",10.0,18.0,32.48
8705100000,- Camions-grues,5.0,18.0,26.58
8705200000,- Derricks automobiles pour le sondage ou le forage,5.0,18.0,26.58
8705300000,- Voitures de lutte contre l'incendie,5.0,18.0,26.58
8705400000,- Camions-bétonnières,5.0,18.0,26.58
8705900000,"- Autres véhicules automobiles à usages spéciaux, autres que ceux ... conçus pour le transport de personnes ou de marchandises, du n° 87.05",5.0,18.0,26.58
8706001100,"-- Chassis des véhicules automobiles du n° 8701.20.10.00, équipés de leur moteur, destinés à l'industrie du montage",5.0,18.0,26.58
8511400000,"- Démarreurs, même fonctionnant comme génératrices, pour moteurs à allumage par étincelles ou par compression",10.0,18.0,32.48
8511500000,- Autres génératrices utilisées avec les moteurs à allumage par étincelles ou par compression,10.0,18.0,32.48
8511800000,- Autres appareils et dispositifs électriques d'allumage ou de démarrage pour moteurs à allumage par étincelles ou par compression,10.0,18.0,32.48
8511900000,- Parties des articles du n° 85.11,5.0,18.0,26.58
8512100000,- Appareils électriques d'éclairage ou de signalisation (à l'exclusion des articles du n° 85.39) visuelle utilisés pour les bicyclettes,10.0,18.0,32.48
8512200000,- Appareils électriques d'éclairage ou de signalisation (à l'exclusion des articles du n° 85.39) visuelle autres que pour les bicyclettes,10.0,18.0,32.48
8512300000,"- Appareils électriques de signalisation (à l'exclusion des articles du n° 85.39) acoustique, des types utilisés pour cycles ou automobiles",10.0,18.0,32.48
8512400000,"- Essuie-glaces, dégivreurs et dispositifs antibuée électriques pour cycles ou automobiles",10.0,18.0,32.48
8512900000,- Parties des articles du n° 85.12,5.0,18.0,26.58
8513100000,"- Lampes électriques portatives,destinées à fonctionner au moyen de leur propre source d'énergie (...),sauf appareils d'éclairage du n°85.12",20.0,18.0,44.28
8513900000,- Parties de lampes du n° 85.13,10.0,18.0,32.48
8514100000,- Fours électriques industriels ou de laboratoires à résistance (à chauffage indirect),5.0,18.0,26.58
8514200000,- Fours électriques industriels ou de laboratoires fonctionnant par induction ou par pertes diélectriques,5.0,18.0,26.58
8514300000,"- Fours électriques industriels ou de laboratoires, autres que ceux des 8514.10 et 8514.20",5.0,18.0,26.58
8514400000,- Autres appareils industriels ou de laboratoires pour le traitement thermique des matières par induction ou par pertes diélectriques,5.0,18.0,26.58
8514900000,- Parties des appareils industriels ou de laboratoires du n° 85.14,5.0,18.0,26.58
8515110000,"-- Fers et pistolets à braser, électriques",5.0,18.0,26.58
8515190000,"-- Machines et appareils pour le brasage fort ou tendre, autres que les fers et pistolets à braser, électriques",5.0,18.0,26.58
8515210000,"-- Machines et appareils pour le soudage des métaux par résistance, électriques, entièrement ou partiellement automatiques",5.0,18.0,26.58
8515290000,"-- Machines et appareils pour le soudage des métaux par résistance, électriques, autres qu'automatiques",5.0,18.0,26.58
8515310000,"-- Machines et appareils pour le soudage des métaux à l'arc ou au jet de plasma, entièrement ou partiellement automatiques",5.0,18.0,26.58
8515390000,"-- Machines et appareils pour le soudage des métaux à l'arc ou au jet de plasma, autres qu'automatiques",5.0,18.0,26.58
8515800000,- Autres machines et appareils du n° 85.15,5.0,18.0,26.58
8515900000,- Parties des machines et appareils du n° 85.15,5.0,18.0,26.58
8516100000,- Chauffe-eau et thermoplongeurs électriques,20.0,18.0,44.28
8516210000,"-- Radiateurs à accumulation électriques pour le chauffage des locaux, du sol ou pour usages similaires",20.0,18.0,44.28
8516290000,"-- Appareils électriques pour le chauffage des locaux, du sol ou pour usages similaires, autres que les radiateurs à accumulation",20.0,18.0,44.28
8516310000,-- Sèche-cheveux,20.0,18.0,44.28
8706001200,"-- Chassis des véhicules automobiles du n° 87.02, équipés de leur moteur, destinés à l'industrie du montage",5.0,18.0,26.58
8706001300,"-- Chassis des véhicules automobiles  du n° 87.03, équipés de leur moteur, destinés à l'industrie du montage",5.0,18.0,26.58
8706001400,"-- Chassis des véhicules automobiles  du n° 87.04, équipés de leur moteur, destinés à l'industrie du montage",5.0,18.0,26.58
8706009000,"- Chassis des véhicules automobiles des n°s 87.01 à 87.05, équipés de leur moteur, autres que pour l'industrie du  montage",10.0,18.0,32.48
8707101000,"-- Carrosseries des véhicules automobiles du n° 87.03, y compris les cabines, destinés à l'industrie du montage",5.0,18.0,26.58
8707109000,"-- Carrosseries des véhicules automobiles du n° 87.03, y compris les cabines, autres que pour l'industrie du montage",10.0,18.0,32.48
8707901100,"--- Carrosseries des véhicules automobiles du n° 8701.20.10.00, y compris les cabines, destinés à l'industrie du montage",5.0,18.0,26.58
8707901200,"---  Carrosseries des véhicules automobiles du n° 87.02, y compris les cabines, destinés à l'industrie du montage",5.0,18.0,26.58
8707901300,"-- Carrosseries des véhicules automobiles du n° 87.04, y compris les  cabines",5.0,18.0,26.58
8707909000,"-- Carrosseries des véhicules automobiles des n° 87.01, 87.02 et  87.05, y compris les  cabines, autres que pour l'industrie du montage",5.0,18.0,26.58
8708100000,- Pare-chocs et leurs parties des véhicules automobiles des n°s 87.01 à 87.05,10.0,18.0,32.48
8708210000,-- Ceintures de sécurité des véhicules automobiles des n°s 87.01 à 87.05,10.0,18.0,32.48
8708290000,"-- Autres parties et accessoires des carrosseries (... cabines) des véhicules auto. des n°s 87.01 à 87.05, sauf les ceintures de sécurité",10.0,18.0,32.48
8708300000,"- Freins et servo-freins, et leurs parties, des véhicules automobiles des n°s 87.01 à 87.05",10.0,18.0,32.48
8708400000,"- Boîtes de vitesses et leurs parties, des véhicules automobiles des n°s 87.01 à 87.05",10.0,18.0,32.48
8708500000,"- Ponts avec différentiel, même avec d'aut. organes de transmission, et essieux porteurs, leurs parties, des véhicules des n°s 87.01 à 87.05",10.0,18.0,32.48
8708700000,"- Roues, leurs parties et accessoires, des véhicules automobiles des n°s 87.01 à 87.05",10.0,18.0,32.48
8708800000,"- Systèmes de suspension et leurs parties (y compris les amortisseurs de suspension), des véhicules automobiles des n°s 87.01 à 87.05",10.0,18.0,32.48
8708910000,"-- Radiateurs et leurs parties, des véhicules automobiles des n°s 87.01 à 87.05",10.0,18.0,32.48
8708920000,"-- Silencieux et tuyaux d'échappement, leurs parties, des véhicules automobiles des n°s 87.01 à 87.05",10.0,18.0,32.48
8708930000,"-- Embrayages et leurs parties, des véhicules automobiles des n°s 87.01 à 87.05",10.0,18.0,32.48
8708940000,"-- Volants, colonnes et boîtiers de direction, leurs parties, des véhicules automobiles des n°s 87.01 à 87.05",10.0,18.0,32.48
8708950000,"-- Coussins gonflables de sécurité avec système de gonflage (airbags), leurs parties, des véhicules automobiles des n°s 87.01 à 87.05",10.0,18.0,32.48
8708990000,-- Autres parties et accessoires des véhicules automobiles des n° 87.01 à 87.05,10.0,18.0,32.48
8709110000,"-- Chariots automobiles non munis d'un dispositif de levage... courtes distances, chariots-tracteurs... utilisés dans les gares, électriques",10.0,18.0,32.48
8516320000,"-- Appareils électrothermiques pour la coiffure, autres que les sèche-cheveux",20.0,18.0,44.28
8516330000,-- Appareils électrothermiques pour sécher les mains,20.0,18.0,44.28
8516400000,- Fers à repasser électriques,20.0,18.0,44.28
8516500000,- Fours à micro-ondes électriques,20.0,18.0,44.28
8516601000,"-- Autres fours, cuisinières, rechauds (y compris les tables de cuisson), griles et rotissoirs ...non monté pour l'?industrie du montage",20.0,18.0,44.28
8516609000,"-- Autres fours, cuisinières, rechauds (y compris les tables de cuisson), griles et rotissoirs, autres que pour l?'industrie du montage",20.0,18.0,44.28
8516710000,-- Appareils électrothermiques pour la préparation du café ou du thé,20.0,18.0,44.28
8516720000,-- Grille-pain électrothermique,20.0,18.0,44.28
8516791000,--- Bouilloire électrique,20.0,18.0,44.28
8516792000,--- Diffuseurs électriques de parfum ou d'?insecticide,20.0,18.0,44.28
8516799000,"--- Autres appareils électrothermiques pour usages domestiques, du n° 85.16",20.0,18.0,44.28
8516800000,"- Résistances chauffantes, autres que celles du n° 85.45",20.0,18.0,44.28
8516900000,- Parties des articles du n° 85.16,10.0,18.0,32.48
8517110000,-- Postes téléphoniques d'usagers par fil à combinés sans fil,10.0,18.0,32.48
8517120000,-- Téléphones pour réseaux cellulaires et pour autres réseaux sans fil,10.0,18.0,32.48
8517180000,"-- Autres postes téléphoniques d'usagers, du n° 85.17",10.0,18.0,32.48
8517610000,"-- Stations de base pr l'émission, la transmission ou la réception de la voix...,y compris les appareils pr la communication dans un réseau…",10.0,18.0,32.48
8517620000,"-- Appareils pr la réception, la conversion, l'émission, la transmission, la régénération de la voix, d'images ... commutation et de routage",10.0,18.0,32.48
8517690000,"-- Autres appareils pour l'émission, la transmission ... données ,y compris les appareils pour la communication dans un réseau…, du n° 85.17",10.0,18.0,32.48
8517700000,- Parties des articles du n° 85.17,5.0,18.0,26.58
8518100000,- Microphones et leurs supports,20.0,18.0,44.28
8518210000,-- Haut-parleur unique monté dans son enceinte,20.0,18.0,44.28
8518220000,-- Haut-parleurs multiples montés dans la même enceinte,20.0,18.0,44.28
8518290000,-- Haut-parleurs autres que ceux montés dans leur enceinte,20.0,18.0,44.28
8518300000,"- Casque d'écoute et écouteur, même combiné avec un microphone, … assortiments constitués par un microphone et un ou plusieurs haut-parleurs",20.0,18.0,44.28
8518400000,- Amplificateurs électriques d'audiofréquence,20.0,18.0,44.28
8518500000,- Appareils électriques d'amplification du son,20.0,18.0,44.28
8518900000,- Parties des appareils du n° 85.18,20.0,18.0,44.28
8519200000,"- Appareils d'enregistrement et/ou de reproduction du son  fonctionnant par l'introduction d'une pièce de monnaie, d'un billet de banque, …",20.0,18.0,44.28
8519300000,- Platines tourne-disques,20.0,18.0,44.28
8519500000,- Répondeurs téléphoniques,20.0,18.0,44.28
8709190000,"-- Chariots automobiles non munis d'un dispositif de levage...distances, chariots-tracteurs...utilisés dans les gares, autres qu'électriques",10.0,18.0,32.48
8709900000,- Parties des chariots du n° 87.09,5.0,18.0,26.58
8710000000,"Chars et automobiles blindées de combat, armés ou non; leurs parties.",20.0,18.0,22.5
8711101000,"-- Motocycles (...) et cycles…avec ou sans side-cars, à moteur à piston alternatif, cylindrée n'excéd. pas 50cm³...pr l'industrie du montage",5.0,18.0,26.58
8711109000,"-- Motocycles (...) et cycles…avec ou sans side-cars, à moteur à piston alternatif, cylindrée n'excéd. pas 50cm³… aut. que pour l'industrie…",20.0,18.0,44.28
8711201000,"-- Motocycles (...) et cycles…avec ou sans side-cars, à moteur à piston alternatif, cylindrée excéd. 50cm³ mais pas 250cm³...pr l'industrie…",5.0,18.0,26.58
8711209100,"--- Motocycles (...) et cycles…side-cars, à moteur à piston alternatif, cylindrée excéd. 50cm³ mais pas 80cm³…aut. que pr l'industrie…",20.0,18.0,44.28
8711209900,"--- Motocycles (...) et cycles…side-cars, à moteur à piston alternatif, cylindrée excéd. 80cm³ mais pas 250cm³…aut. que pr l'industrie…",20.0,18.0,44.28
8711301000,"-- Motocycles (...) et cycles…avec ou sans side-cars, à moteur à piston alternatif, cylindrée excéd.250cm³ mais pas 500cm³...pr l'industrie…",5.0,18.0,26.58
8711309000,"-- Motocycles (...) et cycles…side-cars, à moteur à piston alternatif, cylindrée excéd. 250cm³ mais pas 500cm³…aut. que pour l'industrie…",20.0,18.0,44.28
8711401000,"-- Motocycles (...) et cycles…side-cars, à moteur à piston alternatif, cylindrée excédant 500cm³ mais pas 800cm³... pour l'industrie…",5.0,18.0,26.58
8711409000,"-- Motocycles (...) et cycles…side-cars, à moteur à piston alternatif, cylindrée excéd. 500cm³ mais pas 800cm³…aut. que pour l'industrie…",20.0,18.0,44.28
8711501000,"-- Motocycles (...) et cycles…avec ou sans side-cars, à moteur à piston alternatif, cylindrée excédant 800cm³...pour l'industrie du montage",5.0,18.0,26.58
8711509000,"-- Motocycles (...) et cycles…avec ou sans side-cars, à moteur à piston alternatif, cylindrée excédant 800cm³...pour l'industrie du montage",20.0,18.0,44.28
8711601000,"-- Motocycles (...) et cycles…avec ou sans side-cars, à moteur électrique pour la populsion,  pour l'industrie du montage",5.0,18.0,26.58
8711609000,"-- Motocycles (...) et cycles…avec ou sans side-cars, à moteur électrique pour la populsion,  autres que pour l'industrie du montage",20.0,18.0,44.28
8711901000,"-- Autres motocycles et cycles équipés d'un moteur, avec ou sans side-cars, side-cars ...non montés importés pour l'industrie du montage",5.0,18.0,26.58
8711909000,"-- Autres motocycles et cycles équipés d'un moteur, avec ou sans side-cars, side-cars, autres que pour l''industrie du montage",20.0,18.0,44.28
8712001000,"- Bicyclettes et autres cycles (y compris les triporteurs), sans moteur...à l'état démonté ou non monté importés pour l'industrie du montage",5.0,18.0,26.58
8712009000,"- Bicyclettes et autres cycles (y compris les triporteurs), sans moteur, autres que pour l'industrie du montage",20.0,18.0,44.28
8519811000,--- Lecteurs multimédia portables,20.0,18.0,44.28
8519819000,"--- Autres appareils d'enregistrement et/ou de reproduction du son  utilisant un support magnétique, optique ou à semi-conducteur",20.0,18.0,44.28
8519890000,"-- Autres appareils d'enregistrement, de reproduction ou d'enregistrement et de reproduction du son, du n° 85.19",20.0,18.0,44.28
8521100000,"- Appareils d'enregistrement ou de reproduction vidéophoniques,même incorporant un récepteur de signaux vidéophoniques, à bandes magnétiques",20.0,18.0,44.28
8521901000,-- Lecteur/enregistreur de DVD,20.0,18.0,44.28
8521909000,"-- Autres appareils d'enregistrement ou de reproduction vidéophoniques, autres qu'à bandes magnétiques ou lecteur/enregistreur de DVD",20.0,18.0,44.28
8522100000,- Lecteurs phonographiques,20.0,18.0,44.28
8522900000,"- Parties et accessoires reconnaissables comme étant... destinés aux appareils des n°s 85.19 ou 85.21, autres que  lecteurs phonographiques",10.0,18.0,32.48
8523211000,"--- Cartes munies d'une puce magnétique, enregistrées",20.0,18.0,44.28
8523219000,"--- Cartes munies d'une puce magnétique, non enregistrées",20.0,18.0,44.28
8523291000,--- Supports magnétiques (à l'exclusion des cartes munies d'une puce magnétique) d'une largeur n'excédant pas 4 mm,10.0,18.0,32.48
8523299000,"--- Supports magnétiques (à l'exclusion des cartes munies d'une puce magnétique), autres que d'une largeur n'excédant pas 4 mm",20.0,18.0,44.28
8523410000,-- Supports optiques non enregistrés,20.0,18.0,44.28
8523490000,-- Supports optiques autres que non enregistrés,20.0,18.0,44.28
8523510000,-- Dispositifs de stockage rémanent des données à base de semi-conducteurs,20.0,18.0,44.28
8523520000,-- «Cartes intelligentes»,20.0,18.0,32.48
8523590000,"-- Autres supports à semi conducteur, du n° 85.23",20.0,18.0,44.28
8523800000,"- Supports pour l'enregistrement du son ou pr enregistrements analogues autres que les supports magnétiques, optiques ou à semi-conducteurs",20.0,18.0,44.28
8525500000,"- Appareils d'émission pour la radiodiffusion ou la télévision, même incorporant un appareil d'enregistrement ou de reproduction du son",5.0,18.0,26.58
8525600000,- Appareils d'émission pour la radiodiffusion ou la télévision incorporant un appareil de réception,5.0,18.0,26.58
8525800000,"- Caméras de télévision, appareils photographiques numériques et caméscopes",5.0,18.0,26.58
8526100000,- Appareils de radiodétection et de radiosondage (radar),5.0,18.0,26.58
8526910000,-- Appareils de radionavigation,5.0,18.0,26.58
8526920000,-- Appareils de radiotélécommande,5.0,18.0,26.58
8527120000,-- Radio cassettes de poche pouvant fonctionner sans source d'energie extérieure,20.0,18.0,44.28
8527130000,-- Autres appareils combinés à un appareil d'enregistrement ou de reproduction du son pouvant fonctionner sans source d'energie extérieure,20.0,18.0,44.28
8527191000,"--- Autres appareils récepteurs de radiodiffusion pouvant fonctionner sans source d'energie extérieure, ...pour l'industrie de montage",5.0,18.0,26.58
8527192000,"--- Appareils récepteurs de radiodiffusion pouvant fonctionner sans source d'energie extérieure, autres que  pour l'industrie de montage",20.0,18.0,44.28
8714101000,-- Parties et accessoires des motocycles (y compris les cyclomoteurs) destinés à l'industrie du  montage,5.0,18.0,26.58
8714109000,-- Parties et accessoires des motocycles (y compris les cyclomoteurs) autres que pour l'industrie du  montage,10.0,18.0,32.48
8714911000,"--- Cadres et fourches, et leurs parties, des autres véhicules du n° 87.11 et  des véhicules du n° 87.12, destinés à l'industrie du  montage",5.0,18.0,26.58
8714919000,"--- Cadres et fourches,et leurs parties, des autres véhicules du n°87.11 et des véhicules du n°87.12, autres que pour l'industrie du montage",10.0,18.0,44.28
8714921000,"--- Jantes et rayons, des autres véhicules du n° 87.11 et des véhicules du n° 87.12, destinés à l'industrie du montage",5.0,18.0,26.58
8714929000,"--- Jantes et rayons, des autres véhicules du n° 87.11 et des véhicules du n° 87.12, autres que destinés à l'industrie du montage",10.0,18.0,44.28
8714931000,"--- Moyeux (sauf ...) et pignons de roues libres, des autres véhicules du n° 87.11 et des véhicules du n° 87.12...l'industrie du montage",5.0,18.0,26.58
8714939000,"--- Moyeux (sauf...) et pignons de roues libres, des autres véhicules du n°87.11 et des véhicules du n°87.12, autres que pr l'industrie du…",10.0,18.0,32.48
8714941000,"--- Freins, y compris les moyeux à frein, et leurs parties, des autres véhicules du n°87.11 et des véhicules du n°87.12, pour l'industrie...",5.0,18.0,26.58
8714949000,"--- Freins, y compris moyeux à frein, et leurs parties, des aut. véhicules du n°87.11 et des véhicules du n°87.12, aut. que pr l'industrie…",10.0,18.0,32.48
8714951000,"--- Selles, des autres véhicules du n° 87.11 et des véhicules du n° 87.12, destinés à l'industrie du montage",5.0,18.0,26.58
8714959000,"--- Selles, des autres véhicules du n° 87.11 et des véhicules du n° 87.12, autres que pour l'industrie du montage",10.0,18.0,32.48
8714961000,"--- Pédales et pédaliers, et leurs parties, des autres véhicules du n°87.11 et des véhicules du n°87.12, destinés à l'industrie du  montage",5.0,18.0,26.58
8714969000,"--- Pédales et pédaliers, et leurs parties, des aut. véhicules du n°87.11 et des véhicules du n°87.12, autres que pr l'industrie du montage",10.0,18.0,32.48
8714991000,"--- Autres parties et accessoires, des autres véhicules du n° 87.11 et des véhicules du n° 87.12, destinés à l'industrie du montage",5.0,18.0,26.58
8714999000,"--- Autres parties et accessoires, des autres véhicules du n° 87.11 et des véhicules du n° 87.12, autres que pour l'industrie du montage",10.0,18.0,44.28
8715000000,"Landaus, poussettes et voitures similaires pour le transport des enfants, et leurs parties.",20.0,18.0,44.28
8716100000,"- Remorques et semi-remorques pour l'habitation ou le camping, du type caravane",10.0,18.0,32.48
8716200000,"- Remorques et semi-remorques autochargeuses ou autodéchargeuses, pour usages agricoles",10.0,18.0,32.48
8716310000,-- Citernes pour le transport de marchandises,10.0,18.0,32.48
8716391000,--- Remorques et semi-remorques pour le transport des bois de grumes,10.0,18.0,32.48
8716392100,"---- Remorques et semi-remorques (…) à benne basculante capacité inférieure ou égale à 6 m³, d'un poids égal ou supérieur à 1600 kg",10.0,18.0,32.48
8506300000,"- Piles et batteries de piles électriques, à l'oxyde de mercure",20.0,18.0,44.28
0710300000,"- Epinards, tétragones (épinards de Nouvelle-Zélande) et arroches (épinards géants), non cuits ou cuits à l'eau ou à la vapeur, congelés",20.0,0.0,44.28
0710400000,"- Maïs doux non cuits ou cuits à l'eau ou à la vapeur, congelés",20.0,0.0,44.28
0710800000,"- Autres légumes non cuits ou cuits à l'eau ou à la vapeur, congelés, nondenommés",20.0,0.0,44.28
0710900000,"- Mélanges de légumes non cuits ou cuits à l'eau ou à la vapeur, congelés",20.0,0.0,44.28
0711200000,"- Olives conservées provisoirement (...), mais impropres à l'alimentation en l'état",20.0,0.0,44.28
0711400000,"- Concombres et cornichons conservés provisoirement (...), mais impropres à l'alimentation en l'état",20.0,0.0,44.28
0711510000,"-- Champignons du genre Agaricus conservés provisoirement (...), mais impropres à l'alimentation en l'état",20.0,0.0,44.28
0711590000,"--Champignons autres que du genre Agaricus, et truffes,conservés provisoirement (...), mais impropres à l'alimentation en l'état",20.0,0.0,44.28
0711900000,"- Autres légumes non denommés, mélanges de légumes conservées provisoirement (...), mais impropres à l'alimentation en l'état",20.0,0.0,44.28
0712200000,"- Oignons secs, même coupés en morceaux ou en tranches ou bien broyés ou pulvérisés, mais non autrement préparés",20.0,0.0,44.28
0712310000,"-- Champignons du genre Agaricus secs, même coupés en morceaux ou en tranches ou bien broyés ou pulvérisés, mais non autrement préparés",20.0,0.0,44.28
0712320000,"-- Oreilles-de-Judas (Auricularia s.) secs, même coupés en morceaux ou en tranches ou bien broyés ou pulvérisés, mais non autrement préparés",20.0,0.0,44.28
0712330000,"-- Trémelles (Tremella spp.) seches, même coupées en morceaux ou en tranches ou bien broyées ou pulvérisées, mais non autrement préparées",20.0,0.0,44.28
0712390000,"-- Champignons aut. que du genre Agaricus, et truffes,secs, même coupés en morceaux, tranches, broyés ou pulvérisés, mais non autr. préparés",20.0,0.0,44.28
0712900000,"- Autres légumes non denommés, mélanges de légumes, secs, même coupés en morceaux, tranches, broyés ou pulvérisés, mais non autr. préparés",20.0,0.0,44.28
0713319000,"---  Haricots des espèces Vigna mungo(L.) Hepper ou Vigna radiata(L.) Wilczek,secs, écossés, même décortiqués ou cassés, aut. que de semence",20.0,0.0,44.28
3005100000,- Pansements adhésifs et autres articles ayant une couche adhésive,0.0,0.0,20.68
3005900000,"- Autres articles imprégnés ou recouverts de substances pharmaceutiques ou CVD à des fins médicales, chirugicales, dentaires…, du n° 30.05",0.0,0.0,20.68
0713329000,"--- Haricots «petits rouges» (haricot Adzuki) (Phaseolus ou Vigna angularis,secs, écossés, même décortiqués ou cassés, autres que de semence",20.0,0.0,44.28
0713331000,"--- Haricots communs (Phaseolus vulgaris), secs, écossés, même décortiqués ou cassés, de semence",5.0,0.0,26.58
0801110000,-- Noix de coco desséchées,20.0,0.0,44.28
0801120000,"-- Noix de coco en coques internes (endocarpe), fraîches ou seches",20.0,0.0,44.28
1905100000,- Pain croustillant dit «knäckebrot»,20.0,0.0,44.28
1905400000,"- Biscottes, pain grillé et produits similaires grillés",35.0,0.0,44.28
4911910000,"-- Images, gravures et photographies",20.0,0.0,44.28
3821000000,"Milieux de culture préparés pour le développement et l'entretien des micro-organismes (...) ou des cellules végétales, humaines ou animales.",0.0,0.0,20.68
5608110000,-- Filets confectionnés pour la pêche en matières textiles synthétiques ou artificielles,5.0,0.0,32.48
3924902000,-- Biberons en matières plastiques,20.0,0.0,44.28
5303900000,"- Jute et autres fibres textiles libériennes (sauf lin, chanvre et ramie) travaillé mais non filé; etoupes et déchets de fibres textiles (…)",5.0,0.0,
3701100000,"- Plaques et films plans, photographiques, sensibilisés, non impressionnés, en autres matières que papier, carton ou textiles, pour rayons X",5.0,0.0,26.58
3702100000,"- Pellicules photographiques sensibilisées, non impressionnées, en rouleaux, en aut. matières que papier, carton ou textiles, pour rayons X",5.0,0.0,26.58
4015110000,"-- Gants, mitaines et moufles en caoutchouc vulcanisé non durci, pour chirurgie",0.0,0.0,20.68
8419200000,- Stérilisateurs médico-chirurgicaux ou de laboratoires,5.0,0.0,26.58
7015100000,"- Verres de lunetterie médicale, bombés, cintrés, creusés ou similaires, non travaillés optiquement",5.0,0.0,26.58
7017100000,"- Verrerie de laboratoire, d'hygiène ou de pharmacie, même graduée ou jaugée, en quartz ou en autre silice fondus",5.0,0.0,26.58
7017200000,"- Verrerie de laboratoire, d'hygiène ou de pharmacie, même graduée,jaugée, en verre d'un coeff. de dilatation linéaire n'excéd. pas 5 x10-6…",5.0,0.0,26.58
6304200000,- Moustiquaires pour lits mentionnées dans la Note 1 de sous-positions du présent Chapitre,0.0,0.0,20.68
8902001000,"- Bateaux de pêche, navires-usines et aut. bateaux pr  traitement...produits de la pêche,d'une jauge brute inférieure ou égale à 10tonneaux",5.0,0.0,26.58
8902002000,"- Bateaux de pêche, navires-usines et aut. bateaux pr  traitement...produits de la pêche, jauge brute excèd.10 tonneaux mais pas 40 tonneaux",5.0,0.0,26.58
8902003100,"-- Bateaux de pêche, navires-usines et autres pr  traitement...jauge brute excèd.40 tonneaux mais pas 300, avec équipement de congélation...",5.0,0.0,26.58
8902003900,"-- Bateaux de pêche, navires-usines et autres pr  traitement...jauge brute excèd.40 tonneaux mais pas 300, sans équipement de congélation...",5.0,0.0,26.58
8902004100,"-- Bateaux de pêche, navires-usines et autres pour  traitement…d'une jauge brute supérieure à 300 tonneaux avec équipement de congélation...",5.0,0.0,26.58
8902004900,"-- Bateaux de pêche, navires-usines et autres pour  traitement…d'une jauge brute supérieure à 300 tonneaux sans équipement de congélation...",5.0,0.0,26.58
9504300000,"- Autres jeux fonctionnant par introduction d'une pièce de monnaie...tout aut. moyen de paiement, sauf jeux de quilles automatiq. (bowlings)",20.0,0.0,44.28
9011100000,- Microscopes optiques stéréoscopiques,5.0,0.0,26.58
9011200000,"- Microscopes optiques pour la photomicrographie, la cinéphotomicrographie ou la microprojection",5.0,0.0,26.58
9011800000,- Autres microscopes optiques du n° 90.11,5.0,0.0,26.58
9011900000,- Parties et accessoires des microscopes optiques du n° 90.11,5.0,0.0,26.58
9012100000,- Microscopes autres qu'optiques; diffractographes,5.0,0.0,26.58
9012900000,- Parties et accessoires des diffractographes et des microscopes autres qu'optiques,5.0,0.0,26.58
9018110000,-- Electrocardiographes,5.0,0.0,26.58
9018120000,-- Appareils de diagnostic par balayage ultrasonique (scanners),5.0,0.0,26.58
9018130000,-- Appareils de diagnostic par visualisation à résonance magnétique,5.0,0.0,26.58
9018140000,-- Appareils de scintigraphie,5.0,0.0,26.58
9018190000,-- Autres appareils d'électrodiagnostic (y cpris les app. d'exploration fonctionnel. ou de surveillance de paramètre physiologiq) du n°90.18,5.0,0.0,26.58
9018200000,- Appareils à rayons ultraviolets ou infrarouges,5.0,0.0,26.58
9018310000,"-- Seringues, avec ou sans aiguilles",5.0,0.0,26.58
9018320000,-- Aiguilles tubulaires en métal et aiguilles à sutures,5.0,0.0,26.58
9018390000,"-- Autres aiguilles; cathéters, canules et instruments similaires",5.0,0.0,26.58
9018410000,"-- Tours dentaires, même combinés sur une base commune avec d'autres équipements dentaires",5.0,0.0,26.58
9018490000,-- Instruments et appareils pour l'art dentaire autres que les tours dentaires,5.0,0.0,26.58
9018500000,- Autres instruments et appareils d'ophtamologie,5.0,0.0,26.58
9018900000,- Autres instruments et appareils du n° 90.18,5.0,0.0,26.58
9021100000,- Articles et appareils d?'orthopédie (y compris les ceintures et bandages médico-chirurgicaux et les béquilles) ou pour fractures,0.0,0.0,20.68
9021210000,-- Dents artificielles,0.0,0.0,20.68
9021290000,-- Articles et appareils de prothèse dentaire autres que les dents artificielles,0.0,0.0,20.68
9021310000,-- Prothèses articulaires,0.0,0.0,20.68
9021390000,-- Autres articles et appareils de prothèse du n° 90.21,0.0,0.0,20.68
9021500000,"- Stimulateurs cardiaques, à l'exclusion des parties et accessoires",0.0,0.0,20.68
9021900000,"- Autres appareils à tenir à la main, à porter sur la personne ou à implanter dans l'organisme, pr compenser une déficience ou une infirmité",0.0,0.0,20.68
9022120000,-- Appareils de tomographie pilotés par une machine automatique de traitement de l'information,5.0,0.0,26.58
9022130000,-- Appareils à rayons X pour l'art dentaire,5.0,0.0,26.58
9022140000,"-- Appareils à rayons X pour usages médicaux, chirurgicaux ou vétérinaires",5.0,0.0,26.58
9022210000,"-- Appareils utilisant des radiations alpha, beta ou gamma à usage médical, chirurgical, dentaire ou vétérinaire",5.0,0.0,26.58
9022300000,- Tubes à rayons X,5.0,0.0,26.58
9022900000,"- Autres dispositifs générateurs de rayons X, les générateurs de tension...ou de traitement; parties et accessoires des appareils du n°90.22",5.0,0.0,26.58
9025110000,"-- Thermomètres et pyromètres, non combinés à d'autres instruments à liquide, à lecture directe",5.0,0.0,26.58
8713100000,- Fauteuils roulants et autres véhicules pour invalides sans mécanisme de propulsion,0.0,0.0,20.68
8713900000,"- Fauteuils roulants et autres véhicules pour invalides, avec moteur ou autre mécanisme de propulsion",0.0,0.0,20.68
8714200000,- Parties et accessoires de fauteuils roulants ou d'autres véhicules pour invalides,0.0,0.0,20.68
2939790000,"-- Autres alcaloïdes d'origine végétale, leurs sels, ethers, esters et autres dérivés, du N°29.39",5.0,18.0,26.58
3923900000,"- Autres articles de transport ou d'emballages, en matières plastiques, du n° 39.23",20.0,18.0,44.28
3924909000,"-- Autres articles de ménage ou d'économie domestique et articles d'hygiène ou de toillette, en matières plastiques, du n° 39.24",20.0,18.0,44.28
7013990000,"-- Autres objets en verre, pour la toilette, le bureau, l'ornementation des appartements ou usages similaires, du n° 70.13",20.0,18.0,44.28
2201102000,"-- Eaux gazéifiées, non additionnées de sucre ou d'autres édulcorants ni aromatisées",35.0,18.0,54.2746
2202100000,"- Eaux, y compris les eaux minérales et les eaux gazéifiées, additionnées de sucre ou d'autres édulcorants ou aromatisées",20.0,18.0,61.4136
2203001000,- Bières de malt présentées en récipients d'une contenance égale ou inférieure à 50 cl,20.0,18.0,71.05125
2203009000,- Bières de malt (autres que celles présentées en récipients d'une contenance égale ou inférieure à 50 cl),20.0,18.0,71.05125
2204291000,"--- Autres vins de raisins, présentés en emballages de 200 litres ou plus, destinés à l'industrie",20.0,18.0,65.225
0801190000,"-- Noix de coco autres que desséchées ou en coques internes (endocarpe),  fraîches ou seches",20.0,0.0,44.28
0802110000,"-- Amandes en coques, fraîches ou sèches",20.0,0.0,44.28
0802120000,"-- Amandes sans coques, fraîches ou sèches",20.0,0.0,44.28
0802210000,"-- Noisettes (Corylus spp.) en coques, fraîches ou sèches",20.0,0.0,44.28
0802220000,"-- Noisettes (Corylus spp.) sans coques, fraîches ou sèches",20.0,0.0,44.28
0802310000,"-- Noix communes en coques, fraîches ou sèches",20.0,0.0,44.28
0802320000,"-- Noix communes sans coques, fraîches ou sèches",20.0,0.0,44.28
0802410000,"-- Châtaignes et marrons (Castanea spp.) en coques, frais ou secs",20.0,0.0,44.28
0802420000,"-- Châtaignes et marrons (Castanea spp.) sans coques, frais ou secs",20.0,0.0,44.28
0802510000,"-- Pistaches en coques, fraîches ou sèches",20.0,0.0,44.28
0802520000,"-- Pistaches sans coques, fraîches ou sèches",20.0,0.0,44.28
0802610000,"-- Noix macadamia en coques, fraîches ou sèches",20.0,0.0,44.28
0802620000,"--  Noix macadamia sans coques, fraîches ou sèches",20.0,0.0,44.28
0802800000,"- Noix d?arec, fraîches ou sèches",20.0,0.0,44.28
0802900000,"- Autres fruits à coques, frais ou secs, même sans leurs coques ou décortiqués, autres du N° 08.02",20.0,0.0,44.28
0803101000,-- Bananes plantains fraîches,20.0,0.0,44.28
0803102000,-- Bananes plantains sèches,20.0,0.0,44.28
0803901000,"-- Bananes autres que plantains, fraîches",20.0,0.0,44.28
0803902000,"-- Bananes autres que plantains, sèches",20.0,0.0,44.28
0804200000,- Figues  fraîches ou sèches,20.0,0.0,44.28
0804300000,- Ananas frais ou secs,20.0,0.0,44.28
0805100000,- Oranges fraîches ou sèches,20.0,0.0,44.28
0805210000,-- Mandarines (y compris les tangerines et satsumas) fraîches ou sêches,20.0,0.0,44.28
0805220000,-- Clémentines fraîches ou sêches,20.0,0.0,44.28
0805290000,"-- Wilkings et autres hybrides d'agrumes du N°08.05, frais ou secs",20.0,0.0,44.28
0805400000,"- Pamplemousses et pomelos, frais ou secs",20.0,0.0,44.28
0805500000,"- Citrons (Citrus limon, Citrus limonum) et limes (Citrus aurantifolia, Citrus latifolia), frais ou secs",20.0,0.0,44.28
0805900000,"- Agrumes, frais ou secs, autres qu'oranges, mandarines (…), clémentines…, citrons (…), limes (…), pamplemousses et pomelos",20.0,0.0,44.28
0806200000,- Raisins secs,20.0,0.0,44.28
0811100000,"- Fraises non cuites ou cuites à l'eau ou à la vapeur, congelées, même additionnées de sucre ou d'autres édulcorants",20.0,0.0,44.28
0811200000,"- Framboises, mûres ..,groseilles..,non cuites ou cuites à l'eau ou à la vapeur, congelées, même additionnées de sucre ou d'aut. édulcorants",20.0,0.0,44.28
0811900000,"- Fruits, aut. que fraises, framboises..non cuits ou cuits à l'eau ou à la vapeur, congelés, même additionnés de sucre ou d'aut. édulcorants",20.0,0.0,44.28
0813100000,- Abricots séchés,20.0,0.0,44.28
0813200000,- Pruneaux séchés,20.0,0.0,44.28
0813300000,- Pommes séchées,20.0,0.0,44.28
0813401000,-- Tamarin séché,20.0,0.0,44.28
0813409000,"-- Fruits séchés autres que ceux des n°s 08.01 à 08.06, abricots, pruneaux, pommes et tamarin",20.0,0.0,44.28
0813500000,- Mélanges de fruits séchés ou de fruits à coques du chapitre 08,20.0,0.0,44.28
0814000000,"Ecorces d'agrumes ou de melons (y compris les pastèques), fraîches, congelées, présentées dans l'eau salée, soufrée ... bien séchées.",5.0,0.0,26.58
0904110000,-- Poivre (du genre Piper) non broyé ni pulvérisé,20.0,0.0,44.28
0904120000,-- Poivre (du genre Piper) broyé ou pulvérisé,20.0,0.0,44.28
0904210000,"-- Piments du genre Capsicum ou du genre Pimenta  séchés, non broyés ni pulvérisés",20.0,0.0,44.28
0904220000,-- Piments du genre Capsicum ou du genre Pimenta  broyés ou pulvérisés,20.0,0.0,44.28
0905100000,- Vanille non broyée ni pulvérisée,20.0,0.0,44.28
0905200000,- Vanille broyée ou pulvérisée,20.0,0.0,44.28
0906110000,-- Cannelle (Cinnamomum zeylanicum Blume) non broyée ni pulvérisée,20.0,0.0,44.28
0906190000,"-- Cannelle (autre que Cinnamomum zeylanicum Blume) et fleurs de cannelier, non broyées ni pulvérisées",20.0,0.0,44.28
0906200000,"- Cannelle et fleurs de cannelier, broyées ou pulvérisées",20.0,0.0,44.28
0907100000,"- Girofles (antofles, clous et griffes) non broyés ni pulvérisés",20.0,0.0,44.28
0907200000,"- Girofles (antofles, clous et griffes) broyés ou pulvérisés",20.0,0.0,44.28
0908110000,-- Noix muscades non broyées ni pulvérisées,20.0,0.0,44.28
0908120000,-- Noix muscades broyées ou pulvérisées,20.0,0.0,44.28
0908210000,-- Macis non broyé ni pulvérisé,20.0,0.0,44.28
0908220000,-- Macis broyé ou pulvérisé,20.0,0.0,44.28
0908310000,"-- Amomes et cardamomes, non broyés ni pulvérisés",20.0,0.0,44.28
0908320000,"-- Amomes et cardamomes, broyés ou pulvérisés",20.0,0.0,44.28
0909210000,-- Graines de coriandre non broyées ni pulvérisées,20.0,0.0,44.28
0909220000,-- Graines de coriandre broyées ou pulvérisées,20.0,0.0,44.28
0909310000,-- Graines de cumin non broyées ni pulvérisées,20.0,0.0,44.28
0909320000,-- Graines de cumin broyées ou pulvérisées,20.0,0.0,44.28
0909610000,"-- Graines d'anis, de badiane, de carvi, de fenouil et baies de genièvre, non broyées ni pulvérisées",20.0,0.0,44.28
0909620000,"-- Graines d'anis, de badiane, de carvi, de fenouil et baies de genièvre, broyées ou pulvérisées",20.0,0.0,44.28
0910110000,-- Gingimbre non broyé ni pulvérisé,20.0,0.0,44.28
0910120000,-- Gingimbre broyé ou pulvérisé,20.0,0.0,44.28
0910200000,- Safran,20.0,0.0,44.28
0910300000,- Curcuma,20.0,0.0,44.28
0910910000,-- Mélanges d'épices visés à la Note 1 b) du Chapitre 09,20.0,0.0,44.28
0910990000,"-- Thym, feuilles de laurier, curry et autres épices, du n° 09.10",20.0,0.0,44.28
1105100000,"- Farine, semoule et poudre, de pommes de terre",10.0,0.0,32.48
1106100000,"- Farines, semoules et poudres de légumes à cosse secs du n° 07.13",20.0,0.0,44.28
1106209100,--- Farine de taro,20.0,0.0,44.28
1106209900,"--- Farines, semoules et poudres de sagou ou des autres racines ou tubercules, du n° 07.14",20.0,0.0,44.28
1106301000,-- Farine de banane plantain,20.0,0.0,44.28
1108111000,--- Amidon de froment (blé) du type destiné exclusivement à l'industrie pharmaceutique,10.0,0.0,32.48
0305200000,"- Foies, oe?ufs et laitances de poissons, séchés, fumés, salés ou en saumure",20.0,0.0,44.28
0305310000,"-- Filets de tilapia...,siluridé..,carpe...,anguille..., perche du Nil... et poissons tête de...,séchés, salés ou en saumure, mais non fumés",20.0,0.0,44.28
0305320000,"-- Filets de poissons des familles Bregmacerotidae … Muraenolepididae, séchés, salés ou en saumure, mais non fumés",20.0,0.0,44.28
0305390000,"-- Autres filets de poissons  autres que tilapias …, poissons des familles Bregmacerotidae …, séchés, salés ou en saumure, mais non fumés",20.0,0.0,44.28
0305410000,"-- saumons du Pacifique(..), de l'Atlantique(..) et du Danube( ..) fumés, y compris les filets, autres que les abats de poissons comestibles",20.0,0.0,44.28
1108119000,--- Amidon de froment (blé) autre que du type destiné exclusivement à l'industrie pharmaceutique,10.0,0.0,32.48
1108200000,- Inuline,10.0,0.0,32.48
1109000000,"Gluten de froment (blé), même à l'état sec.",10.0,0.0,32.48
2918220000,"-- Acide o-acétylsalicylique, ses sels et ses esters",5.0,0.0,26.58
0305420000,"-- Harengs (Clupea harengus, Clupea pallasii) fumés, y compris les filets, autres que les abats de poissons comestibles",20.0,0.0,44.28
0305430000,"-- Truites (Salmo trutta ... chrysogaster) fumés, y compris les filets, autres que les abats de poissons comestibles",20.0,0.0,44.28
0305440000,"--  Tilapia..,siluridé..,carpe.... et poissons tête de serpent..  fumés, y compris les filets, autres que les abats de poissons comestibles",20.0,0.0,44.28
0305490000,"-- Autres poissons fumés,  y compris les filets, autres que les abats de poissons comestibles, saumons…, harengs…, truites…, tilapias…",20.0,0.0,44.28
0305510000,"-- Morues (Gadus morhua, Gadus ogac, Gadus macrocephalus) séchées, autres que les abats de poissons comestibles, même salées mais non fumées",20.0,0.0,44.28
0305590000,"-- Poissons séchés, autres que les morues (…) et les abats de poissons comestibles, même salés mais non fumés",20.0,0.0,44.28
0305610000,"-- Harengs (Clupea harengus, pallasii) salés mais non séchés ni fumés et harengs en saumure, autres que leurs abats  comestibles",20.0,0.0,44.28
0305620000,"-- Morues (Gadus morhua,  ogac, macrocephalus) salées mais non séchées ni fumées et morues en saumure, autres que leurs abats comestibles",20.0,0.0,44.28
0305630000,"-- Anchois (Engraulis spp.) salés mais non séchés ni fumés et anchois en saumure, autres que leurs abats  comestibles",20.0,0.0,44.28
0305640000,"-- Tilapia..,siluridé..,carpe.... et poissons tête de ...  salés mais non séchés ni fumés ou en saumure, autres que leurs abats  comestibles",20.0,0.0,44.28
0305690000,"-- Autres poissons salés mais non séchés ni fumés ou en saumure, autres que leurs abats comestibles, harengs…, morues…, anchois… et tilapias",20.0,0.0,44.28
0305710000,-- Ailerons de requins,20.0,0.0,44.28
0305721000,--- Têtes de morues,20.0,0.0,44.28
0305729000,"--- Têtes autres que de morues, queues et vessies natatoires de poissons",20.0,0.0,44.28
0305790000,-- Nageoires autres que  ailerons de requins et autres abats de poissons comestibles,20.0,0.0,44.28
0306110000,"-- Langoustes (Palinurus spp., Panulirus spp., Jasus spp.) congelées",20.0,0.0,44.28
0306120000,-- Homards (Homarus spp.) congelés,20.0,0.0,44.28
0306140000,-- Crabes congelés,20.0,0.0,44.28
0306150000,-- Langoustines (Nephrops norvegicus) congelées,20.0,0.0,44.28
0306160000,"-- Crevettes d?'eau froide (Pandalus spp., Crangon crangon) congelées",20.0,0.0,44.28
0306170000,-- Autres crevettes congelées,20.0,0.0,44.28
0306191000,"---. Farines, poudres et agglomérés sous forme de pellets de crustacés, propres à l'alimentation humaine, congelés",10.0,0.0,32.48
0306199000,--- Autres crustacés congelés,20.0,0.0,44.28
1208100000,- Farines de fèves de soja,10.0,0.0,32.48
1208900000,"- Farines de graines ou de fruits oléagineux, autres que les farines de moutarde ou de fèves de soja",10.0,0.0,32.48
1212210000,"-- Algues fraîches, réfrigérées, congelées ou séchées, même pulvérisées, destinées à l'?alimentation humaine",5.0,0.0,26.58
1212920000,"-- Caroubes fraîches, réfrigérées, congelées ou séchées, même pulvérisées",5.0,0.0,26.58
1212930000,"-- Cannes à sucre fraîches, réfrigérées, congelées ou séchées, même pulvérisées",5.0,0.0,26.58
1212940000,"-- Racines de chicorée non torréfiées de la variété Cichorium intybus sativum, servant principalement à l'alimentation humaine",5.0,0.0,26.58
1212990000,"-- Noyaux et amandes de fruits et autres produits végétaux servant principalement à l'alimentation humaine, non dénommés ni compris ailleurs",5.0,0.0,26.58
0306310000,"-- Langoustes (Palinurus spp., Panulirus spp., Jasus spp.), vivantes, fraiches,réfrigérées",20.0,0.0,44.28
0306320000,"-- Homards (Homarus spp.), vivants, frais, réfrigérés",20.0,0.0,44.28
0306330000,"-- Crabes, vivants, frais, réfrigérés",20.0,0.0,44.28
0306340000,"-- Langoustines (Nephrops norvegicus), vivantes, fraiches, réfrigérées",20.0,0.0,44.28
0306350000,"-- Crevettes d'eau froide (Pandalus spp., Crangon crangon), vivantes, fraiches, réfrigérées",20.0,0.0,44.28
0306360000,"-- Crevettes autres que d'eau froide, vivantes, fraiches, réfrigérées",20.0,0.0,44.28
0306910000,"--  Langoustes (Palinurus spp., Panulirus spp., Jasus spp.), autres que congélées, vivantes, fraiches ou réfrigérées",20.0,0.0,44.28
0306920000,"--  Homards (Homarus spp.),  autres que congélés, vivants, frais ou réfrigérés",20.0,0.0,44.28
0306930000,"-- Crabes, autres que congélés, vivants, frais ou réfrigérés",20.0,0.0,44.28
0306940000,"-- Langoustines (Nephrops norvegicus), autres que congélées, vivantes, fraiches ou réfrigérées",20.0,0.0,44.28
0306950000,"-- Crevettes autres que congélées, vivantes, fraiches ou réfrigérées",20.0,0.0,44.28
0306991000,"--- Farines, poudres et agglomérés sous forme de pellets de crustacés, propres à l'alimentation humaine",10.0,0.0,32.48
0306999000,"--- Autres crustacés, autres que congélés, vivants, frais ou réfrigérés du N°03.06",20.0,0.0,44.28
0307110000,"-- Huîtres vivantes, fraîches ou réfrigérées",20.0,0.0,44.28
0307190000,"-- Huîtres autres que vivantes, fraîches, réfrigérées ou congélées",20.0,0.0,44.28
0307210000,"-- Coquilles St Jacques ou ..., pétoncles ou ..., autres coquillages des genres Pecten, Chlamys ou Placopecten, vivants, frais ou réfrigérés",20.0,0.0,44.28
0307290000,"-- Coquilles St Jacques..., pétoncles...,autres coquillages des genres Pecten, Chlamys...,autres que vivants, frais, réfrigérés ou congélés",20.0,0.0,44.28
0307310000,"-- Moules (Mytilus spp., Perna spp.) vivantes, fraîches ou réfrigérées",20.0,0.0,44.28
0307390000,"-- Moules (Mytilus spp., Perna spp.) autres que vivantes, fraîches, réfrigérées ou congelées",20.0,0.0,44.28
0307420000,"-- Seiches et sépioles, calmars et encornets, vivants, frais ou réfrigerés",20.0,0.0,44.28
0307490000,"-- Seiches et sépioles, calmars et encornets, autres que vivants, frais, réfrigérés ou congelés",20.0,0.0,44.28
0307510000,"-- Poulpes ou pieuvres (Octopus spp.) vivants, frais ou réfrigérés",20.0,0.0,44.28
2618000000,"Laitier granulé (sable-laitier) provenant de la fabrication de la fonte, du fer ou de l'acier.",5.0,0.0,7.5
2924120000,"-- Fluoroacétamide (ISO), monocrotophos (ISO) et phosphamidon (ISO)",5.0,0.0,7.5
0307590000,"-- Poulpes ou pieuvres (Octopus spp.) autres que vivants, frais, réfrigérés ou congelés",20.0,0.0,44.28
0307600000,- Escargots autres que de mer,20.0,0.0,44.28
0307710000,"-- Clams, coques et arches (familles Arcidae...Veneridae) vivants, frais ou réfrigérés",20.0,0.0,44.28
0307790000,"-- Clams, coques et arches (familles Arcidae...Veneridae) autres que vivants, frais, réfrigérés ou congelés",20.0,0.0,44.28
0307810000,"-- Ormeaux (Haliotis spp.) vivants, frais ou réfrigérés",20.0,0.0,44.28
0307830000,--  Ormeaux (Haliotis spp.) congelés,20.0,0.0,44.28
0307870000,"--  Ormeaux (Haliotis spp.), autres que vivants, frais, réfrigérés ou congelés",20.0,0.0,44.28
0307910000,"-- Autres mollusques du N°03.07 vivants, y cpris les farines, poudres et agglomérés..., propre à l'alimentation humaine, frais ou réfrigérés",20.0,0.0,44.28
0307990000,"-- Autres mollusques autr. que vivants, frais, réfrigérés ou congelés; leurs farines, poudres, agglomérés sous forme de pellets,comestibles",20.0,0.0,44.28
0308110000,"-- Bêches-de-mer (Stichopus japonicus, Holothurioidea) vivantes, fraîches ou réfrigérées",20.0,0.0,44.28
0308190000,"-- Bêches-de-mer (Stichopus japonicus, Holothurioidea) autres que vivantes, fraîches ou réfrigérées",20.0,0.0,44.28
0308210000,"-- Oursins (Strongylocentrotus spp., Paracentrotus lividus, Loxechinus albus, Echichinus esculentus) vivants, frais ou réfrigérés",20.0,0.0,44.28
0308290000,"--  Oursins (Strongylocentrotus spp, Paracentrotus lividus, Loxechinus albus, Echichinus esculentus) autres que vivants, frais ou réfrigérés",20.0,0.0,44.28
0308300000,- Méduses (Rhopilema spp.),20.0,0.0,44.28
0308900000,"- Invertébrés aquatiques autres que crustacés, mollusques, autres...; leurs farines, poudres et agglomérés sous forme de pellets comestibles",20.0,0.0,44.28
2930400000,- Méthionine,5.0,0.0,26.58
2932200000,- Lactones,5.0,0.0,26.58
0407110000,-- Œufs fertilisés de volailles de l'espèce Gallus domesticus destinée à l'incubation,5.0,0.0,26.58
0407190000,-- Oeufs fertilisés d'oiseaux en coquilles autres que de volailles de  l'espèce Gallus domesticus destinés à l'incubation,5.0,0.0,26.58
0407210000,--  Œufs frais de volailles en coquilles de l'espèce Gallus domesticus autres que ceux destinés à l'incubation,35.0,0.0,44.28
0407290000,-- Œufs frais d'oiseaux en coquilles autres que de volailles de l'espèce Gallus domesticus non destinés à l'incubation,35.0,0.0,44.28
0407900000,- Autres œufs d'oiseaux en coquille conservés ou cuits,35.0,0.0,44.28
0408110000,--  Jaunes d'œufs séchés,20.0,0.0,44.28
0408190000,-- Jaunes d'œufs autres que séchés,20.0,0.0,44.28
0408910000,"-- Œufs d'oiseaux, dépourvus de leurs coquilles séchés",20.0,0.0,44.28
0408990000,"--Œufs d'oiseaux, dépourvus de leurs coquilles, frais cuits à l'eau ou à la vapeur, moulés, congelés ou autrement... édulcorants.",20.0,0.0,44.28
0409000000,Miel naturel.,20.0,0.0,44.28
0410000000,"Produits comestibles d'origine animale, non dénommés ni compris ailleurs.",20.0,0.0,44.28
0504000000,"Boyaux, vessies et estomacs d'animaux, entiers ou morc., autres que de poissons, frais, réfrig., cgelés, salés ou en saumure, séché ou fumé",5.0,0.0,
0505100000,"- Plumes des espèces utilisées pour le rembourrage, duvet, bruts ou simplement nettoyés, désinfectés ou traités en vue de leur conservation",5.0,0.0,26.58
0505900000,- Peaux et autres parties d'oiseaux revêtues de leurs plumes ou de leur duvet; poudres et dechets de plumes ou de paties de plumes,5.0,0.0,26.58
2801200000,- Iode,5.0,0.0,26.58
2939420000,-- Pseudoéphédrine (DCI) et ses sels,5.0,0.0,26.58
2936210000,-- Vitamines A et leurs dérivés,5.0,0.0,26.58
2936220000,-- Vitamine B1 et ses dérivés,5.0,0.0,26.58
2936230000,-- Vitamine B2 et ses dérivés,5.0,0.0,26.58
2936240000,-- Acide D- ou DL- pantothénique (vitamine B3 ou vitamine B5) et ses dérivés,5.0,0.0,26.58
2936250000,-- Vitamine B6 et ses dérivés,5.0,0.0,26.58
2936260000,-- Vitamine B12 et ses dérivés,5.0,0.0,26.58
2936270000,-- Vitamine C et ses dérivés,5.0,0.0,26.58
2936280000,-- Vitamine E et ses dérivés,5.0,0.0,26.58
2936290000,"-- Autres vitamines et leurs dérivés, non mélangés, du n° 29.36",5.0,0.0,26.58
2936900000,"- Provitamines, vitamines mélangées, y compris les concentrats naturels, ainsi que leurs dérivés",5.0,0.0,26.58
2937120000,-- Insuline et ses sels,5.0,0.0,26.58
2937190000,"-- Autres hormones polypeptidiques, hormones protéiques et hormones glycoprotéiques, leurs dérivés et analogues structurels, du n° 29.37",5.0,0.0,26.58
2937210000,"-- Cortisone, hydrocortisone, prednisone (déhydrocortisone) et prednisolone (déhydrohydrocortisone)",5.0,0.0,26.58
2937220000,-- Dérivés halogénés des hormones corticostéroïdes,5.0,0.0,26.58
2937230000,-- Oestrogènes et progestogènes,5.0,0.0,26.58
2937290000,"-- Autres hormones stéroïdes, autres dérivés et analogues structurels d'hormones stéroïdes, du n° 29.37",5.0,0.0,26.58
2937900000,"- Autres hormones et leurs dérivés et analogues structurels, y compris les polypeptides à chaîne modifiée... comme hormones, du n° 29.37",5.0,0.0,26.58
2938100000,- Rutoside (rutine) et ses dérivés,5.0,0.0,26.58
2939190000,"-- Alcaloïdes de l'opium, leurs dérivés et sels, à l'exclusion de ceux du n° 2939.11",5.0,0.0,26.58
2939200000,- Alcaloïdes du quinquina et leurs dérivés; sels de ces produits,5.0,0.0,26.58
2939300000,- Caféine et ses sels,5.0,0.0,26.58
2939410000,-- Ephédrine et ses sels,5.0,0.0,26.58
0601200000,"- Bulbes, oignons, tubercul.., racines tubéreus., grif. et rhizomes, en végétat. ou fleur; plants, plantes et racines de chicorée (…12.12)",5.0,0.0,26.58
2939590000,"-- Théophylline et aminophylline (théophylline-...) et leurs dérivés (sauf fénétylline); sels de ces produits, autres que du n° 2939.51",5.0,0.0,26.58
2939610000,-- Ergométrine (DCI) et ses sels,5.0,0.0,26.58
2939620000,-- Ergotamine (DCI) et ses sels,5.0,0.0,26.58
2939630000,-- Acide lysergique et ses sels,5.0,0.0,26.58
2940000000,"Sucres chimiquement purs, à l?'exception du saccharose,...et (levulose); éthers, ...autres que les produits des n°s 29.37, 29.38 et 29.39.",5.0,0.0,26.58
2941100000,"- Pénicillines et leurs dérivés, à structure d'acide pénicillanique; sels de ces produits",5.0,0.0,20.68
2941200000,- Streptomycines et leurs dérivés; sels de ces produits,5.0,0.0,20.68
2941300000,- Tétracyclines et leurs dérivés; sels de ces produits,5.0,0.0,20.68
2941400000,- Chloramphénicol et ses dérivés; sels de ces produits,5.0,0.0,20.68
2941500000,- Erythromycine et ses dérivés; sels de ces produits,5.0,0.0,20.68
2941900000,- Autres antibiotiques du n° 29.41,5.0,0.0,20.68
2942000000,Autres composés organiques.,5.0,0.0,26.58
0709300000,- Aubergines à l'état frais ou réfrigéré,20.0,0.0,44.28
0709510000,-- Champignons du genre Agaricus à l'état frais ou réfrigéré,20.0,0.0,44.28
0709590000,"-- Champignons autres que du genre Agaricus, et truffes à l'état frais ou réfrigéré",20.0,0.0,44.28
0709600000,"- Piments du genre Capsicum ou du genre Pimenta, à l'état frais ou réfrigéré",20.0,0.0,44.28
0709910000,-- Artichauts à l'état frais ou réfrigéré,20.0,0.0,44.28
0709920000,-- Olives à l'état frais ou réfrigéré,20.0,0.0,44.28
0709930000,"-- Citrouilles, courges et calebasses (Cucurbita spp.),à l'état frais ou réfrigéré",20.0,0.0,44.28
0709999000,"--- Autres légumes, à l'état frais ou réfrigéré du N° 07.09, non denommés",20.0,0.0,44.28
0710100000,"- Pommes de terre,non cuites ou cuites à l'eau ou à la vapeur, congelées",35.0,0.0,44.28
0710210000,"-- Pois (Pisum sativum), non cuits ou cuits à l'eau ou à la vapeur, congelés",20.0,0.0,44.28
0710220000,"-- Haricots (Vigna spp., Phaseolus spp.), non cuits ou cuits à l'eau ou à la vapeur, congelés",20.0,0.0,44.28
0710290000,"-- Légumes à cosse, non cuits ou cuits à l'eau ou à la vapeur, congelés, autres que pois et haricots",20.0,0.0,44.28
2009491000,"--- Jus d'ananas (autres que de valeur Brix n'excédant pas 20), non fermentés,..concentrés, en emballages de 25Kg ou plus pour l'industrie",10.0,18.0,54.2746
2009411000,"--- Jus d'ananas, valeur Brix n'excédant pas 20, non fermentés,..concentrés, en emballages de 25 Kg ou plus destinés à l'industrie",10.0,18.0,54.2746
2206001000,- Bières autres que de malt,20.0,18.0,71.05125
2202910000,-- Bière sans alcool,20.0,18.0,61.4136
2207109000,"-- Alcool éthylique non dénaturé d'un titre alcoométrique volumique de 80 % vol ou plus, autres qu'à usages médicamenteux ou pharmaceutiq.",20.0,18.0,106.74625
2009699000,"--- Jus de raisin (y cpris les moûts), autres que de valeur Brix n'excèdant pas 30, non fermentés,...autres que ceux du n° 2009.69.10",20.0,18.0,54.2746
2009893900,"---- Jus de mangues, non fermentés, sans addition d'alcool, avec ou sans addition de sucre ou…,autres que ceux du n° 2009.89.31",20.0,18.0,54.2746
2009299000,"--- Jus de pamplemousse ou de pomelo, (autre que de valeur Brix n'excèdant pas 20), non fermentés... autres que ceux du n° 2009.29.10",20.0,18.0,35.3356
2009899100,"---- Jus de tout autre fruit ou légume du n°20.09, non fermentés,...concentrés, en emballages de 25 Kg ou plus destinés à l'industrie",10.0,18.0,54.2746
2204210000,"-- Vins (sauf mousseux), moûts de raisin dont la fermentation a été empêchée ou arrêtée par add. d'alcool, en recipient n'excédant pas 2 l",20.0,18.0,88.89875
2009419000,"--- Jus d'ananas, valeur Brix n'excédant pas 20, non fermentés, sans addition d'alcool,... autres que ceux du n° 2009.41.10",20.0,18.0,54.2746
2202991000,"--- Boissons non alcooliques à forte dose de caféine de type ""boissons énergisantes"", à l'exclusion des jus de fruits ou légumes du N°20.09",20.0,18.0,61.4136
2204100000,- Vins mousseux,20.0,18.0,97.8225
2204300000,"- Autres moûts de raisin, du n° 22.04",20.0,18.0,88.89875
2206009900,"-- Autres boissons fermentées( ..); mélanges de boissons fermentées et mélanges de boissons fermentées et de boissons non alcooliques, NDCA.",20.0,18.0,71.05125
3926909900,"--- Autres ouvrages en matières plastiques et ouvrages en autres matières des n°s 39.01 à 39.14, NDCA",20.0,18.0,44.28
0801320000,"-- Noix de cajou sans coques,  fraîches ou sèches",20.0,18.0,22.5
2202999000,--- Autres boissons non alcooliques du N°22.02,20.0,18.0,61.4136
0305100000,"- Farines, poudres et agglomérés sous forme de pellets de poisson, propres à l'alimentation humaine",10.0,18.0,32.48
0603110000,"-- Roses coupées, pour bouquets ou pour ornements, fraiches",20.0,18.0,44.28
0603120000,"-- ?Œillets  coupés, pour bouquets ou pour ornements, frais",20.0,18.0,44.28
0603130000,"-- Orchidées  coupées, pour bouquets ou pour ornements, fraiches",20.0,18.0,44.28
0603140000,"-- Chrysanthèmes  coupés, pour bouquets ou pour ornements, frais",20.0,18.0,44.28
0603150000,"-- Lis (Lilium spp.)  coupés, pour bouquets ou pour ornements, frais",20.0,18.0,44.28
0603190000,"-- Autres fleurs et boutons de fleurs coupés, pour bouquets ou pour ornements, frais",20.0,18.0,44.28
0603900000,"- Fleurs et boutons de fleurs, coupés, pour bouquets ou ornements, séchés, blanchis, teints, imprégnés ou autr. préparés, autres que frais",20.0,18.0,44.28
0604200000,"- Feuillages, feuilles, rameaux et ..., sans fleurs ni boutons de fleurs, et herbes, mousses et lichens, pour bouquets ou ornements, frais",20.0,18.0,22.5
0604900000,"- Feuillages, feuilles, rameaux. et ..., sans fleurs ni... et herbes..., pour bouq. ou orne., séchés, ...ou autr. préparés, autres que frais",20.0,18.0,44.28
1103130000,-- Gruaux et semoules de maïs,10.0,18.0,12.5
1105200000,"- Flocons, granulés et agglomérés sous forme de pellets, de pommes de terre",10.0,18.0,32.48
1106309000,"-- Farines, semoules et poudres des produit du chapitre 8 autres que de banane plantain",20.0,18.0,44.28
1107100000,- Malt non torréfié,5.0,18.0,26.58
1107200000,- Malt torréfié,5.0,18.0,26.58
1108129000,--- Amidon de maïs autre que du type destiné exclusivement à l'industrie pharmaceutique,10.0,18.0,32.48
1108139000,--- Fécule de pommes de terre autre que du type destiné exclusivement à l'industrie pharmaceutique,10.0,18.0,32.48
1108149000,--- Fécule de manioc (cassave) autre que du type destiné exclusivement à l'industrie pharmaceutique,10.0,18.0,32.48
1108199000,"--- Autres amidons et fécules autres que des types destinés exclusivement à l'industrie pharmaceutique, du n° 11.08",10.0,18.0,32.48
3808949000,--- Désinfectants ne contenant pas de bromométhane ni de bromochlorométhane du n° 38.08,20.0,18.0,7.5
3808999000,"--- Autres produits du n° 38.08, CVD ou à l'état de préparations ou sous forme d'articles tels que rubans, mèches ... et papier tue-mouches",20.0,18.0,7.5
2201900000,"- Eaux (à l'exclusion des eaux minérales ou gazéifiées), non additionnées de sucre ou d'autres édulcorants ni aromatisées; glaces et neiges",35.0,18.0,54.2746
4821100000,"- Etiquettes de tous genres, en papier ou carton, imprimées",10.0,18.0,32.48
2009319000,"--- Jus de tout autre agrume, valeur Brix n'excédant pas 20, non fermentés… autres que ceux du n° 2009.31.10",20.0,18.0,54.2746
2009499000,"--- Jus d'ananas (aut. que de valeur Brix n'excédant pas 20), non fermentés, sans addition d'alcool...,à l'exclusion de ceux du n°2009.49.10",20.0,18.0,54.2746
4821900000,"- Etiquettes de tous genres, en papier ou carton, non imprimées",10.0,18.0,32.48
2009619000,"--- Jus de raisin (y cpris les moûts), valeur Brix n'excédant pas 30, non fermenté, sans addition d'alcool...aut. que ceux du n° 2009.61.10",20.0,18.0,54.2746
2009719000,"--- Jus de pomme d'une valeur Brix n'excédant pas 20, non fermentés, sans addition d'alcool...autres que ceux du n° 2009.71.10",20.0,18.0,54.2746
2009899900,"---- Jus de tout autre fruit ou légume du n°20.09, non fermentés, sans addition d'alcool...autres que ceux du n° 2009.89.91",20.0,18.0,54.2746
2204299000,"--- Autres vins de raisins frais, y compris les vins enrichis en alcool, du n°22.04",20.0,18.0,88.89875
2009219000,"--- Jus de pamplemousse ou de pomelo, valeur Brix n'excédant pas 20, non fermentés, sans addition d'alcool ...aut. que ceux du n° 2009.21.10",20.0,18.0,54.2746
2009399000,"--- Jus de tout autre agrume, autres que valeur Brix n'excédant pas 20, non fermentés ... à l'exclusion de ceux du n° 2009.39.10",20.0,18.0,54.2746
2009509000,"--- Jus de tomate non fermentés, sans addition d'alcool, avec ou sans addition de sucre ou d'aut. édulcorants, aut. que ceux du n°2009.50.10",20.0,18.0,54.2746
2009799000,"--- Jus de pomme autres que d'une val. Brix n'excédant pas 20, non fermentés, sans addition d'alcool…autres que ceux du n° 2009.79.10",20.0,18.0,54.2746
2009819000,"--- Jus d'airelle rouge (Vaccinium macrocarpon,...), non fermentés, sans addition d'alcool…autres que ceux du n° 2009.81.10",20.0,18.0,54.2746
2204220000,"-- Vins (sauf mousseux) et moûts de raisin frais dont... d'alcool, en récipients d'une contenance excédant 2 l mais n'excédant pas 10 l",20.0,18.0,88.89875
2009121000,"--- Jus d'orange non congelés, valeur Brix n'excédant pas 20, non fermentés,...concentrés, en embal. de 25Kg ou plus, destinés à l'industrie",10.0,18.0,54.2746
2009191000,"--- Jus d'orange non congelés, aut. que de valeur Brix n'excédant pas 20, non fermentés..concentrés...de 25Kg ou plus, destiné à l'industrie",10.0,18.0,54.2746
2009211000,"--- Jus de pamplemousse ou de pomelo, concentrés, valeur Brix n'excédant pas 20, non fermenté,..en embal. de 25 Kg ou plus pour l'industrie",10.0,18.0,54.2746
2009311000,"--- Jus de tout autre agrume, valeur Brix n'excédant pas 20, non fermentés, sans addition...concentrés,...de 25Kg ou plus pour l'industrie",10.0,18.0,54.2746
2009391000,"--- Jus de tout autre agrume, autres que valeur Brix n'excédant pas 20, non fermentés...concentrés,...de 25Kg ou plus pour l'industrie",10.0,18.0,54.2746
2009711000,"--- Jus de pomme d'une valeur Brix n'excédant pas 20, non fermentés,..concentrés, en emballages de 25 Kg ou plus destinés à l'industrie",10.0,18.0,54.2746
2009892100,"---- Jus de tamarin, non fermentés, sans addition d'alcool...concentrés, présentés en emballages de 25Kg ou plus destinés à l'industrie",10.0,18.0,54.2746
2009893100,"---- Jus de mangues, non fermentés, sans adddition d'alcool...concentrés, présentés en emballages de 25Kg ou plus destinés à l'industrie",10.0,18.0,54.2746
2009891900,"---- Jus de goyaves, non fermentés, sans addition d'alcool, avec ou sans addition de sucre ou... autres que ceux du n° 2009.89.11",20.0,18.0,54.2746
2710192100,---- Gas-oil,10.0,9.0,0.0
2009199000,"--- Jus d'orange non congelés, autres que de valeur Brix n'excédant pas 20, non fermentés ... à l'exclusion de ceux du n° 2009.19.10",20.0,18.0,54.2746
2009892900,"---- Jus de tamarin, non fermentés, sans addition d'alcool, avec ou sans addition de sucre ou … autres que ceux du n° 2009.89.21",20.0,18.0,54.2746
0801310000,"-- Noix de cajou en coques,  fraîches ou sèches",20.0,18.0,22.5
2205900000,"- Vermouths et autres vins de raisins frais préparés à l'aide de plantes ou substances aromatiq.,aut. que ceux du n° 2205.10",20.0,18.0,88.89875
2009291000,"--- Jus de pamplemousse ou de pomelo, (aut. que de valeur Brix n'excédant pas 20), non fermentés..concentrés..de 25Kg ou plus pr l'industrie",10.0,18.0,35.3356
2009501000,"--- Jus de tomate, non fermentés, sans addition d'alcool, avec ou sans ... concentrés, en emballages de 25 Kg ou plus destinés à l'industrie",10.0,18.0,54.2746
2009611000,"--- Jus de raisin (y cpris les moûts), valeur Brix n'excédant pas 30, non fermentés,..concentrés, en embal. de 25 Kg ou plus pr l'industrie",10.0,18.0,54.2746
2009691000,"--- Jus de raisin (...), autres que de valeur Brix n'excédant pas 30, non fermentés,..concentrés, en embal. de 25Kg ou plus pour l'industrie",10.0,18.0,54.2746
2009791000,"--- Jus de pomme autres que d'une valeur Brix n'excéde pas 20, non fermentés,...concentrés, en embal. de 25Kg ou plus destinés à l'industrie",10.0,18.0,54.2746
2009811000,"--- Jus d'airelle rouge (Vaccinium macrocarpon,...), non fermentés,..concentrés, présentés en embal. de 25Kg ou plus destinés à l'industrie",10.0,18.0,54.2746
2009111000,"--- Jus d'orange congelés, non fermentés, sans ...édulcorants, concentrés, présentés en emballages de 25 Kg ou plus, destinés à l'industrie",10.0,18.0,54.2746
2710122100,---- White spirit,5.0,18.0,19.18
3104200000,- Chlorure de potassium,0.0,0.0,2.5
2009891100,"---- Jus de goyaves, non fermentés, sans addition d'alcool...concentrés, présentés en emballages de 25Kg ou plus destinés à l'industrie",10.0,18.0,54.2746
2205100000,"- Vermouths et autres vins de raisins frais préparés à l'aide de plantes ou substances aromatiques, en récipients n'excédant pas 2 l",20.0,18.0,88.89875
5305000000,"Coco, abaca (...), ramie et autres fibres textiles végétales NDCA, bruts ou travaillés mais non filés; étoupes et déchets de ces fibres(...)",5.0,18.0,26.58
2009909000,"--- Mélanges de jus de fruits ou de légumes, non fermentés, sans addition d'alcool... autres que ceux du n° 2009.90.10",20.0,18.0,54.2746
2009901000,"--- Mélanges de jus de fruits ou de légumes, non fermentés,... concentrés, présentés en emballages de 25 Kg ou plus destinés à l'industrie",10.0,18.0,54.2746
2009129000,"--- Jus d'orange non congelés, valeur Brix n'excédant pas 20, non fermentés, sans addition d'alcool,... autres que ceux du n° 2009.12.10",20.0,18.0,54.2746
2009119000,"--- Jus d'orange congelés, non fermentés, sans ...édulcorants, autres que ceux du n° 2009.11.10",20.0,18.0,54.2746
2710124000,--- Super carburant,10.0,9.0,0.0
2710122900,---- Autres essences spéciales,10.0,18.0,30.98
